{"dataurl":"story_content/slides/5cD1Fui62Gc.swf","iosurl":null,"html5url":null,"title":"Pick Many","trackviews":true,"showmenuresulticon":false,"viewgroupid":"","historygroupid":"","videozoom":"","scrolling":false,"transition":"appear","transduration":0,"transdir":1,"wipetrans":false,"slidelock":false,"navindex":-1,"globalaudioid":"","thumbnailid":"","slidewindowbg":null,"presenterref":{"id":"none","videodata":null},"slidelayers":[{"__type":"slidelayer","hideobjectsondisplay":null,"depth":0,"modal":true,"pauseparent":true,"rotatexpos":360,"rotateypos":270,"tabindex":-1,"enableseek":true,"enablereplay":true,"lmsid":"","timeline":{"duration":5000,"events":[{"__type":"event","time":0,"actions":{"Actions":[{"__type":"show","transition":"appear","objref":{"type":"string","value":"61x074ApOA5"}},{"__type":"show","transition":"appear","objref":{"type":"string","value":"6MoiRxFU7L9"}},{"__type":"show","transition":"appear","objref":{"type":"string","value":"6WMlmTlZjEq"}},{"__type":"show","transition":"appear","objref":{"type":"string","value":"67F1PIeokp7"}},{"__type":"show","transition":"appear","objref":{"type":"string","value":"5zn4ncnxwIt"}}]}}]},"objects":{"Objects":[{"__type":"vectorshape","rotation":0,"acctype":"text","cliptobounds":false,"defaultaction":"","shapemaskid":"","xpos":142,"ypos":175,"tabindex":5,"tabenabled":false,"xoffset":0,"yoffset":0,"rotatexpos":218,"rotateypos":95,"xscale":100,"yscale":100,"alpha":100,"depth":1,"scrolling":false,"shufflelock":false,"dragdrop":null,"dragpath":null,"dragrotation":null,"data":{"hotlinkid":"","accstate":0,"textdata":null,"imagedata":null,"swfdata":null,"videodata":null,"emfdata":null,"rectdata":null,"vectordata":{"left":-2,"top":-2,"right":438,"bottom":192,"alttext":"","lmstext":null,"pngfb":false,"pr":{"l":"Lib","i":17},"text":null},"html5data":{"url":null,"xpos":-1,"ypos":-1,"width":437,"height":191,"strokewidth":1,"mask":null}},"mask":null,"markerType":null,"width":436,"height":190,"resume":true,"usehandcursor":false,"background":null,"id":"67F1PIeokp7"},{"__type":"vectorshape","rotation":0,"acctype":"text","cliptobounds":false,"defaultaction":"","shapemaskid":"","xpos":160,"ypos":228,"tabindex":7,"tabenabled":false,"xoffset":0,"yoffset":0,"rotatexpos":199.5,"rotateypos":-0.5,"xscale":100,"yscale":100,"alpha":100,"depth":2,"scrolling":false,"shufflelock":false,"dragdrop":null,"dragpath":null,"dragrotation":null,"data":{"hotlinkid":"","accstate":0,"textdata":null,"imagedata":null,"swfdata":null,"videodata":null,"emfdata":null,"rectdata":null,"vectordata":{"left":-2,"top":-2,"right":402,"bottom":2,"alttext":"","lmstext":null,"pngfb":false,"pr":{"l":"Lib","i":18},"text":null},"html5data":{"url":null,"xpos":-1,"ypos":-1,"width":401,"height":1,"strokewidth":1,"mask":null}},"mask":null,"markerType":null,"width":400,"height":0,"resume":true,"usehandcursor":false,"background":null,"id":"5zn4ncnxwIt"},{"__type":"vectorshape","rotation":0,"acctype":"text","cliptobounds":false,"defaultaction":"","textlib":[{"__type":"textdata","uniqueId":"61x074ApOA5_-114345528","id":"01","linkid":"txt__default_61x074ApOA5","type":"vectortext","alttext":null,"lmstext":null,"xpos":0,"ypos":0,"width":0,"height":0,"shadowindex":-1,"vartext":null,"vectortext":{"left":0,"top":0,"right":81,"bottom":32,"alttext":null,"lmstext":null,"pngfb":false,"pr":{"l":"Lib","i":20},"text":null}}],"shapemaskid":"","xpos":160,"ypos":187,"tabindex":6,"tabenabled":true,"xoffset":0,"yoffset":0,"rotatexpos":200,"rotateypos":19,"xscale":100,"yscale":100,"alpha":100,"depth":3,"scrolling":true,"shufflelock":false,"dragdrop":null,"dragpath":null,"dragrotation":null,"data":{"hotlinkid":"","accstate":0,"textdata":null,"imagedata":null,"swfdata":null,"videodata":null,"emfdata":null,"rectdata":null,"vectordata":{"left":0,"top":0,"right":400,"bottom":38,"alttext":"Correct","lmstext":null,"pngfb":false,"pr":{"l":"Lib","i":19},"text":null},"html5data":{"url":null,"xpos":-1,"ypos":-1,"width":401,"height":39,"strokewidth":0,"mask":null}},"mask":null,"markerType":null,"width":400,"height":38,"resume":true,"usehandcursor":true,"background":null,"id":"61x074ApOA5"},{"__type":"vectorshape","rotation":0,"acctype":"text","cliptobounds":false,"defaultaction":"","textlib":[{"__type":"textdata","uniqueId":"6MoiRxFU7L9_126991067","id":"01","linkid":"txt__default_6MoiRxFU7L9","type":"vectortext","alttext":null,"lmstext":null,"xpos":0,"ypos":0,"width":0,"height":0,"shadowindex":-1,"vartext":null,"vectortext":{"left":0,"top":0,"right":371,"bottom":27,"alttext":null,"lmstext":null,"pngfb":false,"pr":{"l":"Lib","i":22},"text":null}}],"shapemaskid":"","xpos":160,"ypos":234,"tabindex":8,"tabenabled":true,"xoffset":0,"yoffset":0,"rotatexpos":200,"rotateypos":38.5,"xscale":100,"yscale":100,"alpha":100,"depth":4,"scrolling":true,"shufflelock":false,"dragdrop":null,"dragpath":null,"dragrotation":null,"data":{"hotlinkid":"","accstate":0,"textdata":null,"imagedata":null,"swfdata":null,"videodata":null,"emfdata":null,"rectdata":null,"vectordata":{"left":0,"top":0,"right":400,"bottom":77,"alttext":"That\u0027s right!  You selected the correct response.","lmstext":null,"pngfb":false,"pr":{"l":"Lib","i":21},"text":null},"html5data":{"url":null,"xpos":-1,"ypos":-1,"width":401,"height":78,"strokewidth":0,"mask":null}},"mask":null,"markerType":null,"width":400,"height":77,"resume":true,"usehandcursor":true,"background":null,"id":"6MoiRxFU7L9"},{"__type":"vectorshape","rotation":0,"acctype":"button","cliptobounds":false,"defaultaction":"onrelease","textlib":[{"__type":"textdata","uniqueId":"60XdIpI1fdS_-280332351","id":"01","linkid":"txt__default_6WMlmTlZjEq","type":"vectortext","alttext":null,"lmstext":null,"xpos":0,"ypos":0,"width":0,"height":0,"shadowindex":-1,"vartext":null,"vectortext":{"left":0,"top":0,"right":97,"bottom":26,"alttext":null,"lmstext":null,"pngfb":false,"pr":{"l":"Lib","i":28},"text":null}}],"shapemaskid":"","xpos":298,"ypos":323,"tabindex":9,"tabenabled":true,"xoffset":0,"yoffset":0,"rotatexpos":62.5,"rotateypos":15,"xscale":100,"yscale":100,"alpha":100,"depth":5,"scrolling":true,"shufflelock":false,"dragdrop":null,"dragpath":null,"dragrotation":null,"data":{"hotlinkid":"","accstate":0,"textdata":null,"imagedata":null,"swfdata":null,"videodata":null,"emfdata":null,"rectdata":null,"vectordata":{"left":-2,"top":-2,"right":126,"bottom":31,"alttext":"Continue","lmstext":null,"pngfb":false,"pr":{"l":"Lib","i":23},"text":null},"html5data":{"url":null,"xpos":-1,"ypos":-1,"width":126,"height":31,"strokewidth":1,"mask":null}},"mask":null,"states":[{"__type":"state","name":"_default_Disabled","data":{"hotlinkid":"","accstate":1,"textdata":null,"imagedata":null,"swfdata":null,"videodata":null,"emfdata":null,"rectdata":null,"vectordata":{"left":-2,"top":-2,"right":126,"bottom":31,"alttext":"Continue","lmstext":null,"pngfb":false,"pr":{"l":"Lib","i":23},"text":null},"html5data":{"url":null,"xpos":-2,"ypos":-2,"width":128,"height":33,"strokewidth":1,"mask":null}}},{"__type":"state","name":"_default_Down","data":{"hotlinkid":"","accstate":8,"textdata":null,"imagedata":null,"swfdata":null,"videodata":null,"emfdata":null,"rectdata":null,"vectordata":{"left":-2,"top":-2,"right":126,"bottom":31,"alttext":"Continue","lmstext":null,"pngfb":false,"pr":{"l":"Lib","i":24},"text":null},"html5data":{"url":null,"xpos":-2,"ypos":-2,"width":128,"height":33,"strokewidth":1,"mask":null}}},{"__type":"state","name":"_default_Visited","data":{"hotlinkid":"","accstate":0,"textdata":null,"imagedata":null,"swfdata":null,"videodata":null,"emfdata":null,"rectdata":null,"vectordata":{"left":-2,"top":-2,"right":126,"bottom":31,"alttext":"Continue","lmstext":null,"pngfb":false,"pr":{"l":"Lib","i":23},"text":null},"html5data":{"url":null,"xpos":-2,"ypos":-2,"width":128,"height":33,"strokewidth":1,"mask":null}}},{"__type":"state","name":"_default_Visited_Disabled","data":{"hotlinkid":"","accstate":1,"textdata":null,"imagedata":null,"swfdata":null,"videodata":null,"emfdata":null,"rectdata":null,"vectordata":{"left":-2,"top":-2,"right":126,"bottom":31,"alttext":"Continue","lmstext":null,"pngfb":false,"pr":{"l":"Lib","i":23},"text":null},"html5data":{"url":null,"xpos":-2,"ypos":-2,"width":128,"height":33,"strokewidth":1,"mask":null}}},{"__type":"state","name":"_default_Down_Visited","data":{"hotlinkid":"","accstate":8,"textdata":null,"imagedata":null,"swfdata":null,"videodata":null,"emfdata":null,"rectdata":null,"vectordata":{"left":-2,"top":-2,"right":126,"bottom":31,"alttext":"Continue","lmstext":null,"pngfb":false,"pr":{"l":"Lib","i":24},"text":null},"html5data":{"url":null,"xpos":-2,"ypos":-2,"width":128,"height":33,"strokewidth":1,"mask":null}}},{"__type":"state","name":"_default_Hover","data":{"hotlinkid":"","accstate":0,"textdata":null,"imagedata":null,"swfdata":null,"videodata":null,"emfdata":null,"rectdata":null,"vectordata":{"left":-2,"top":-2,"right":126,"bottom":31,"alttext":"Continue","lmstext":null,"pngfb":false,"pr":{"l":"Lib","i":25},"text":null},"html5data":{"url":null,"xpos":-2,"ypos":-2,"width":128,"height":33,"strokewidth":1,"mask":null}}},{"__type":"state","name":"_default_Hover_Disabled","data":{"hotlinkid":"","accstate":1,"textdata":null,"imagedata":null,"swfdata":null,"videodata":null,"emfdata":null,"rectdata":null,"vectordata":{"left":-2,"top":-2,"right":126,"bottom":31,"alttext":"Continue","lmstext":null,"pngfb":false,"pr":{"l":"Lib","i":26},"text":null},"html5data":{"url":null,"xpos":-2,"ypos":-2,"width":128,"height":33,"strokewidth":1,"mask":null}}},{"__type":"state","name":"_default_Hover_Down","data":{"hotlinkid":"","accstate":8,"textdata":null,"imagedata":null,"swfdata":null,"videodata":null,"emfdata":null,"rectdata":null,"vectordata":{"left":-2,"top":-2,"right":126,"bottom":31,"alttext":"Continue","lmstext":null,"pngfb":false,"pr":{"l":"Lib","i":27},"text":null},"html5data":{"url":null,"xpos":-2,"ypos":-2,"width":128,"height":33,"strokewidth":1,"mask":null}}},{"__type":"state","name":"_default_Hover_Visited","data":{"hotlinkid":"","accstate":0,"textdata":null,"imagedata":null,"swfdata":null,"videodata":null,"emfdata":null,"rectdata":null,"vectordata":{"left":-2,"top":-2,"right":126,"bottom":31,"alttext":"Continue","lmstext":null,"pngfb":false,"pr":{"l":"Lib","i":25},"text":null},"html5data":{"url":null,"xpos":-2,"ypos":-2,"width":128,"height":33,"strokewidth":1,"mask":null}}},{"__type":"state","name":"_default_Hover_Visited_Disabled","data":{"hotlinkid":"","accstate":1,"textdata":null,"imagedata":null,"swfdata":null,"videodata":null,"emfdata":null,"rectdata":null,"vectordata":{"left":-2,"top":-2,"right":126,"bottom":31,"alttext":"Continue","lmstext":null,"pngfb":false,"pr":{"l":"Lib","i":25},"text":null},"html5data":{"url":null,"xpos":-2,"ypos":-2,"width":128,"height":33,"strokewidth":1,"mask":null}}},{"__type":"state","name":"_default_Hover_Down_Visited","data":{"hotlinkid":"","accstate":8,"textdata":null,"imagedata":null,"swfdata":null,"videodata":null,"emfdata":null,"rectdata":null,"vectordata":{"left":-2,"top":-2,"right":126,"bottom":31,"alttext":"Continue","lmstext":null,"pngfb":false,"pr":{"l":"Lib","i":27},"text":null},"html5data":{"url":null,"xpos":-2,"ypos":-2,"width":128,"height":33,"strokewidth":1,"mask":null}}}],"markerType":null,"width":125,"height":30,"resume":true,"usehandcursor":true,"background":null,"id":"6WMlmTlZjEq","variables":[{"__type":"variable","name":"_hover","type":"boolean","value":false,"resume":true},{"__type":"variable","name":"_down","type":"boolean","value":false,"resume":true},{"__type":"variable","name":"_disabled","type":"boolean","value":false,"resume":true},{"__type":"variable","name":"_visited","type":"boolean","value":false,"resume":true},{"__type":"variable","name":"_savevisited","type":"boolean","value":false,"resume":true},{"__type":"variable","name":"_state","type":"string","value":"_default","resume":true},{"__type":"variable","name":"_stateName","type":"string","value":"","resume":true},{"__type":"variable","name":"_tempStateName","type":"string","value":"","resume":false}],"actiongroups":[{"__type":"actiongroup","id":"ActGrpSetVisitedState","actions":{"Actions":[{"__type":"adjustvar","variable":"_savevisited","operator":"set","value":{"type":"var","value":"_visited"}},{"__type":"adjustvar","variable":"_visited","operator":"set","value":{"type":"boolean","value":true}},{"__type":"exe_actiongroup","id":"_player._setstates","scoperef":{"type":"string","value":"_this"},"params":null}]}},{"__type":"actiongroup","id":"ActGrpSetHoverState","actions":{"Actions":[{"__type":"adjustvar","variable":"_hover","operator":"set","value":{"type":"boolean","value":true}},{"__type":"exe_actiongroup","id":"_player._setstates","scoperef":{"type":"string","value":"_this"},"params":null}]}},{"__type":"actiongroup","id":"ActGrpClearHoverState","actions":{"Actions":[{"__type":"adjustvar","variable":"_hover","operator":"set","value":{"type":"boolean","value":false}},{"__type":"exe_actiongroup","id":"_player._setstates","scoperef":{"type":"string","value":"_this"},"params":null}]}},{"__type":"actiongroup","id":"ActGrpSetDisabledState","actions":{"Actions":[{"__type":"adjustvar","variable":"_disabled","operator":"set","value":{"type":"boolean","value":true}},{"__type":"exe_actiongroup","id":"_player._setstates","scoperef":{"type":"string","value":"_this"},"params":null}]}},{"__type":"actiongroup","id":"ActGrpSetDownState","actions":{"Actions":[{"__type":"adjustvar","variable":"_down","operator":"set","value":{"type":"boolean","value":true}},{"__type":"exe_actiongroup","id":"_player._setstates","scoperef":{"type":"string","value":"_this"},"params":null}]}},{"__type":"actiongroup","id":"ActGrpClearStateVars","actions":{"Actions":[{"__type":"adjustvar","variable":"_hover","operator":"set","value":{"type":"boolean","value":false}},{"__type":"adjustvar","variable":"_down","operator":"set","value":{"type":"boolean","value":false}},{"__type":"adjustvar","variable":"_disabled","operator":"set","value":{"type":"boolean","value":false}},{"__type":"adjustvar","variable":"_visited","operator":"set","value":{"type":"boolean","value":false}},{"__type":"adjustvar","variable":"_savevisited","operator":"set","value":{"type":"boolean","value":false}}]}}],"events":[{"__type":"onrelease","actions":{"Actions":[{"__type":"exe_actiongroup","id":"ActGrpSetVisitedState","scoperef":{"type":"string","value":"_this"},"params":null},{"__type":"adjustvar","variable":"_hover","operator":"set","value":{"type":"boolean","value":false}},{"__type":"adjustvar","variable":"_down","operator":"set","value":{"type":"boolean","value":false}},{"__type":"exe_actiongroup","id":"_player._setstates","scoperef":{"type":"string","value":"_this"},"params":null},{"__type":"hide_slidelayer","transition":"appear","objref":{"type":"string","value":"_parent"}},{"__type":"gotoplay","window":"_current","wndtype":"normal","objref":{"type":"string","value":"_player.6RoriILyZrf.5rNmTo1CohB"}}]}},{"__type":"ontransitionin","actions":{"Actions":[{"__type":"exe_actiongroup","id":"_player._setstates","scoperef":{"type":"string","value":"_this"},"params":null}]}},{"__type":"onrollover","actions":{"Actions":[{"__type":"exe_actiongroup","id":"ActGrpSetHoverState","scoperef":{"type":"string","value":"_this"},"params":null}]}},{"__type":"onrollout","actions":{"Actions":[{"__type":"exe_actiongroup","id":"ActGrpClearHoverState","scoperef":{"type":"string","value":"_this"},"params":null}]}},{"__type":"onpress","actions":{"Actions":[{"__type":"exe_actiongroup","id":"ActGrpSetDownState","scoperef":{"type":"string","value":"_this"},"params":null}]}},{"__type":"onreleaseoutside","actions":{"Actions":[{"__type":"adjustvar","variable":"_down","operator":"set","value":{"type":"boolean","value":false}},{"__type":"exe_actiongroup","id":"_player._setstates","scoperef":{"type":"string","value":"_this"},"params":null}]}}]}]},"starttime":-1,"elapsedtimemode":"normal","width":720,"height":540,"resume":true,"usehandcursor":false,"background":null,"id":"6SrNLOAZ2Y2","events":[{"__type":"ontopmostlayer","actions":{"Actions":[{"__type":"setactivetimeline","objref":{"type":"string","value":"_this"}}]}},{"__type":"ontransitionin","actions":{"Actions":[{"__type":"enable_frame_control","name":"submit","enable":false}]}},{"__type":"ontransitionout","actions":{"Actions":[{"__type":"enable_frame_control","name":"submit","enable":true}]}},{"__type":"ontransitionincomplete","actions":{"Actions":[{"__type":"setfocus","showrect":false,"value":{"type":"string","value":"61x074ApOA5"}}]}}]},{"__type":"slidelayer","hideobjectsondisplay":null,"depth":0,"modal":true,"pauseparent":true,"rotatexpos":360,"rotateypos":270,"tabindex":-1,"enableseek":true,"enablereplay":true,"lmsid":"","timeline":{"duration":5000,"events":[{"__type":"event","time":0,"actions":{"Actions":[{"__type":"show","transition":"appear","objref":{"type":"string","value":"6VAWHYmsu27"}},{"__type":"show","transition":"appear","objref":{"type":"string","value":"6jecsXBsWNd"}},{"__type":"show","transition":"appear","objref":{"type":"string","value":"6q2EJMQFyND"}},{"__type":"show","transition":"appear","objref":{"type":"string","value":"67F1PIeokp7"}},{"__type":"show","transition":"appear","objref":{"type":"string","value":"5zn4ncnxwIt"}}]}}]},"objects":{"Objects":[{"__type":"vectorshape","rotation":0,"acctype":"text","cliptobounds":false,"defaultaction":"","shapemaskid":"","xpos":142,"ypos":175,"tabindex":0,"tabenabled":false,"xoffset":0,"yoffset":0,"rotatexpos":218,"rotateypos":95,"xscale":100,"yscale":100,"alpha":100,"depth":1,"scrolling":false,"shufflelock":false,"dragdrop":null,"dragpath":null,"dragrotation":null,"data":{"hotlinkid":"","accstate":0,"textdata":null,"imagedata":null,"swfdata":null,"videodata":null,"emfdata":null,"rectdata":null,"vectordata":{"left":-2,"top":-2,"right":438,"bottom":192,"alttext":"","lmstext":null,"pngfb":false,"pr":{"l":"Lib","i":17},"text":null},"html5data":{"url":null,"xpos":-1,"ypos":-1,"width":437,"height":191,"strokewidth":1,"mask":null}},"mask":null,"markerType":null,"width":436,"height":190,"resume":true,"usehandcursor":false,"background":null,"id":"67F1PIeokp7"},{"__type":"vectorshape","rotation":0,"acctype":"text","cliptobounds":false,"defaultaction":"","shapemaskid":"","xpos":160,"ypos":228,"tabindex":2,"tabenabled":false,"xoffset":0,"yoffset":0,"rotatexpos":199.5,"rotateypos":-0.5,"xscale":100,"yscale":100,"alpha":100,"depth":2,"scrolling":false,"shufflelock":false,"dragdrop":null,"dragpath":null,"dragrotation":null,"data":{"hotlinkid":"","accstate":0,"textdata":null,"imagedata":null,"swfdata":null,"videodata":null,"emfdata":null,"rectdata":null,"vectordata":{"left":-2,"top":-2,"right":402,"bottom":2,"alttext":"","lmstext":null,"pngfb":false,"pr":{"l":"Lib","i":18},"text":null},"html5data":{"url":null,"xpos":-1,"ypos":-1,"width":401,"height":1,"strokewidth":1,"mask":null}},"mask":null,"markerType":null,"width":400,"height":0,"resume":true,"usehandcursor":false,"background":null,"id":"5zn4ncnxwIt"},{"__type":"vectorshape","rotation":0,"acctype":"text","cliptobounds":false,"defaultaction":"","textlib":[{"__type":"textdata","uniqueId":"6VAWHYmsu27_606247492","id":"01","linkid":"txt__default_6VAWHYmsu27","type":"vectortext","alttext":null,"lmstext":null,"xpos":0,"ypos":0,"width":0,"height":0,"shadowindex":-1,"vartext":null,"vectortext":{"left":0,"top":0,"right":97,"bottom":32,"alttext":null,"lmstext":null,"pngfb":false,"pr":{"l":"Lib","i":29},"text":null}}],"shapemaskid":"","xpos":160,"ypos":187,"tabindex":1,"tabenabled":true,"xoffset":0,"yoffset":0,"rotatexpos":200,"rotateypos":19,"xscale":100,"yscale":100,"alpha":100,"depth":3,"scrolling":true,"shufflelock":false,"dragdrop":null,"dragpath":null,"dragrotation":null,"data":{"hotlinkid":"","accstate":0,"textdata":null,"imagedata":null,"swfdata":null,"videodata":null,"emfdata":null,"rectdata":null,"vectordata":{"left":0,"top":0,"right":400,"bottom":38,"alttext":"Incorrect","lmstext":null,"pngfb":false,"pr":{"l":"Lib","i":19},"text":null},"html5data":{"url":null,"xpos":-1,"ypos":-1,"width":401,"height":39,"strokewidth":0,"mask":null}},"mask":null,"markerType":null,"width":400,"height":38,"resume":true,"usehandcursor":true,"background":null,"id":"6VAWHYmsu27"},{"__type":"vectorshape","rotation":0,"acctype":"text","cliptobounds":false,"defaultaction":"","textlib":[{"__type":"textdata","uniqueId":"6jecsXBsWNd_-1786250852","id":"01","linkid":"txt__default_6jecsXBsWNd","type":"vectortext","alttext":null,"lmstext":null,"xpos":0,"ypos":0,"width":0,"height":0,"shadowindex":-1,"vartext":null,"vectortext":{"left":0,"top":0,"right":312,"bottom":27,"alttext":null,"lmstext":null,"pngfb":false,"pr":{"l":"Lib","i":30},"text":null}}],"shapemaskid":"","xpos":160,"ypos":234,"tabindex":3,"tabenabled":true,"xoffset":0,"yoffset":0,"rotatexpos":200,"rotateypos":38.5,"xscale":100,"yscale":100,"alpha":100,"depth":4,"scrolling":true,"shufflelock":false,"dragdrop":null,"dragpath":null,"dragrotation":null,"data":{"hotlinkid":"","accstate":0,"textdata":null,"imagedata":null,"swfdata":null,"videodata":null,"emfdata":null,"rectdata":null,"vectordata":{"left":0,"top":0,"right":400,"bottom":77,"alttext":"You did not select the correct response.","lmstext":null,"pngfb":false,"pr":{"l":"Lib","i":21},"text":null},"html5data":{"url":null,"xpos":-1,"ypos":-1,"width":401,"height":78,"strokewidth":0,"mask":null}},"mask":null,"markerType":null,"width":400,"height":77,"resume":true,"usehandcursor":true,"background":null,"id":"6jecsXBsWNd"},{"__type":"vectorshape","rotation":0,"acctype":"button","cliptobounds":false,"defaultaction":"onrelease","textlib":[{"__type":"textdata","uniqueId":"6bX38Bx6HEN_505900928","id":"01","linkid":"txt__default_6q2EJMQFyND","type":"vectortext","alttext":null,"lmstext":null,"xpos":0,"ypos":0,"width":0,"height":0,"shadowindex":-1,"vartext":null,"vectortext":{"left":0,"top":0,"right":97,"bottom":26,"alttext":null,"lmstext":null,"pngfb":false,"pr":{"l":"Lib","i":28},"text":null}}],"shapemaskid":"","xpos":298,"ypos":323,"tabindex":4,"tabenabled":true,"xoffset":0,"yoffset":0,"rotatexpos":62.5,"rotateypos":15,"xscale":100,"yscale":100,"alpha":100,"depth":5,"scrolling":true,"shufflelock":false,"dragdrop":null,"dragpath":null,"dragrotation":null,"data":{"hotlinkid":"","accstate":0,"textdata":null,"imagedata":null,"swfdata":null,"videodata":null,"emfdata":null,"rectdata":null,"vectordata":{"left":-2,"top":-2,"right":126,"bottom":31,"alttext":"Continue","lmstext":null,"pngfb":false,"pr":{"l":"Lib","i":23},"text":null},"html5data":{"url":null,"xpos":-1,"ypos":-1,"width":126,"height":31,"strokewidth":1,"mask":null}},"mask":null,"states":[{"__type":"state","name":"_default_Disabled","data":{"hotlinkid":"","accstate":1,"textdata":null,"imagedata":null,"swfdata":null,"videodata":null,"emfdata":null,"rectdata":null,"vectordata":{"left":-2,"top":-2,"right":126,"bottom":31,"alttext":"Continue","lmstext":null,"pngfb":false,"pr":{"l":"Lib","i":23},"text":null},"html5data":{"url":null,"xpos":-2,"ypos":-2,"width":128,"height":33,"strokewidth":1,"mask":null}}},{"__type":"state","name":"_default_Down","data":{"hotlinkid":"","accstate":8,"textdata":null,"imagedata":null,"swfdata":null,"videodata":null,"emfdata":null,"rectdata":null,"vectordata":{"left":-2,"top":-2,"right":126,"bottom":31,"alttext":"Continue","lmstext":null,"pngfb":false,"pr":{"l":"Lib","i":24},"text":null},"html5data":{"url":null,"xpos":-2,"ypos":-2,"width":128,"height":33,"strokewidth":1,"mask":null}}},{"__type":"state","name":"_default_Visited","data":{"hotlinkid":"","accstate":0,"textdata":null,"imagedata":null,"swfdata":null,"videodata":null,"emfdata":null,"rectdata":null,"vectordata":{"left":-2,"top":-2,"right":126,"bottom":31,"alttext":"Continue","lmstext":null,"pngfb":false,"pr":{"l":"Lib","i":23},"text":null},"html5data":{"url":null,"xpos":-2,"ypos":-2,"width":128,"height":33,"strokewidth":1,"mask":null}}},{"__type":"state","name":"_default_Visited_Disabled","data":{"hotlinkid":"","accstate":1,"textdata":null,"imagedata":null,"swfdata":null,"videodata":null,"emfdata":null,"rectdata":null,"vectordata":{"left":-2,"top":-2,"right":126,"bottom":31,"alttext":"Continue","lmstext":null,"pngfb":false,"pr":{"l":"Lib","i":23},"text":null},"html5data":{"url":null,"xpos":-2,"ypos":-2,"width":128,"height":33,"strokewidth":1,"mask":null}}},{"__type":"state","name":"_default_Down_Visited","data":{"hotlinkid":"","accstate":8,"textdata":null,"imagedata":null,"swfdata":null,"videodata":null,"emfdata":null,"rectdata":null,"vectordata":{"left":-2,"top":-2,"right":126,"bottom":31,"alttext":"Continue","lmstext":null,"pngfb":false,"pr":{"l":"Lib","i":24},"text":null},"html5data":{"url":null,"xpos":-2,"ypos":-2,"width":128,"height":33,"strokewidth":1,"mask":null}}},{"__type":"state","name":"_default_Hover","data":{"hotlinkid":"","accstate":0,"textdata":null,"imagedata":null,"swfdata":null,"videodata":null,"emfdata":null,"rectdata":null,"vectordata":{"left":-2,"top":-2,"right":126,"bottom":31,"alttext":"Continue","lmstext":null,"pngfb":false,"pr":{"l":"Lib","i":25},"text":null},"html5data":{"url":null,"xpos":-2,"ypos":-2,"width":128,"height":33,"strokewidth":1,"mask":null}}},{"__type":"state","name":"_default_Hover_Disabled","data":{"hotlinkid":"","accstate":1,"textdata":null,"imagedata":null,"swfdata":null,"videodata":null,"emfdata":null,"rectdata":null,"vectordata":{"left":-2,"top":-2,"right":126,"bottom":31,"alttext":"Continue","lmstext":null,"pngfb":false,"pr":{"l":"Lib","i":26},"text":null},"html5data":{"url":null,"xpos":-2,"ypos":-2,"width":128,"height":33,"strokewidth":1,"mask":null}}},{"__type":"state","name":"_default_Hover_Down","data":{"hotlinkid":"","accstate":8,"textdata":null,"imagedata":null,"swfdata":null,"videodata":null,"emfdata":null,"rectdata":null,"vectordata":{"left":-2,"top":-2,"right":126,"bottom":31,"alttext":"Continue","lmstext":null,"pngfb":false,"pr":{"l":"Lib","i":27},"text":null},"html5data":{"url":null,"xpos":-2,"ypos":-2,"width":128,"height":33,"strokewidth":1,"mask":null}}},{"__type":"state","name":"_default_Hover_Visited","data":{"hotlinkid":"","accstate":0,"textdata":null,"imagedata":null,"swfdata":null,"videodata":null,"emfdata":null,"rectdata":null,"vectordata":{"left":-2,"top":-2,"right":126,"bottom":31,"alttext":"Continue","lmstext":null,"pngfb":false,"pr":{"l":"Lib","i":25},"text":null},"html5data":{"url":null,"xpos":-2,"ypos":-2,"width":128,"height":33,"strokewidth":1,"mask":null}}},{"__type":"state","name":"_default_Hover_Visited_Disabled","data":{"hotlinkid":"","accstate":1,"textdata":null,"imagedata":null,"swfdata":null,"videodata":null,"emfdata":null,"rectdata":null,"vectordata":{"left":-2,"top":-2,"right":126,"bottom":31,"alttext":"Continue","lmstext":null,"pngfb":false,"pr":{"l":"Lib","i":25},"text":null},"html5data":{"url":null,"xpos":-2,"ypos":-2,"width":128,"height":33,"strokewidth":1,"mask":null}}},{"__type":"state","name":"_default_Hover_Down_Visited","data":{"hotlinkid":"","accstate":8,"textdata":null,"imagedata":null,"swfdata":null,"videodata":null,"emfdata":null,"rectdata":null,"vectordata":{"left":-2,"top":-2,"right":126,"bottom":31,"alttext":"Continue","lmstext":null,"pngfb":false,"pr":{"l":"Lib","i":27},"text":null},"html5data":{"url":null,"xpos":-2,"ypos":-2,"width":128,"height":33,"strokewidth":1,"mask":null}}}],"markerType":null,"width":125,"height":30,"resume":true,"usehandcursor":true,"background":null,"id":"6q2EJMQFyND","variables":[{"__type":"variable","name":"_hover","type":"boolean","value":false,"resume":true},{"__type":"variable","name":"_down","type":"boolean","value":false,"resume":true},{"__type":"variable","name":"_disabled","type":"boolean","value":false,"resume":true},{"__type":"variable","name":"_visited","type":"boolean","value":false,"resume":true},{"__type":"variable","name":"_savevisited","type":"boolean","value":false,"resume":true},{"__type":"variable","name":"_state","type":"string","value":"_default","resume":true},{"__type":"variable","name":"_stateName","type":"string","value":"","resume":true},{"__type":"variable","name":"_tempStateName","type":"string","value":"","resume":false}],"actiongroups":[{"__type":"actiongroup","id":"ActGrpSetVisitedState","actions":{"Actions":[{"__type":"adjustvar","variable":"_savevisited","operator":"set","value":{"type":"var","value":"_visited"}},{"__type":"adjustvar","variable":"_visited","operator":"set","value":{"type":"boolean","value":true}},{"__type":"exe_actiongroup","id":"_player._setstates","scoperef":{"type":"string","value":"_this"},"params":null}]}},{"__type":"actiongroup","id":"ActGrpSetHoverState","actions":{"Actions":[{"__type":"adjustvar","variable":"_hover","operator":"set","value":{"type":"boolean","value":true}},{"__type":"exe_actiongroup","id":"_player._setstates","scoperef":{"type":"string","value":"_this"},"params":null}]}},{"__type":"actiongroup","id":"ActGrpClearHoverState","actions":{"Actions":[{"__type":"adjustvar","variable":"_hover","operator":"set","value":{"type":"boolean","value":false}},{"__type":"exe_actiongroup","id":"_player._setstates","scoperef":{"type":"string","value":"_this"},"params":null}]}},{"__type":"actiongroup","id":"ActGrpSetDisabledState","actions":{"Actions":[{"__type":"adjustvar","variable":"_disabled","operator":"set","value":{"type":"boolean","value":true}},{"__type":"exe_actiongroup","id":"_player._setstates","scoperef":{"type":"string","value":"_this"},"params":null}]}},{"__type":"actiongroup","id":"ActGrpSetDownState","actions":{"Actions":[{"__type":"adjustvar","variable":"_down","operator":"set","value":{"type":"boolean","value":true}},{"__type":"exe_actiongroup","id":"_player._setstates","scoperef":{"type":"string","value":"_this"},"params":null}]}},{"__type":"actiongroup","id":"ActGrpClearStateVars","actions":{"Actions":[{"__type":"adjustvar","variable":"_hover","operator":"set","value":{"type":"boolean","value":false}},{"__type":"adjustvar","variable":"_down","operator":"set","value":{"type":"boolean","value":false}},{"__type":"adjustvar","variable":"_disabled","operator":"set","value":{"type":"boolean","value":false}},{"__type":"adjustvar","variable":"_visited","operator":"set","value":{"type":"boolean","value":false}},{"__type":"adjustvar","variable":"_savevisited","operator":"set","value":{"type":"boolean","value":false}}]}}],"events":[{"__type":"onrelease","actions":{"Actions":[{"__type":"exe_actiongroup","id":"ActGrpSetVisitedState","scoperef":{"type":"string","value":"_this"},"params":null},{"__type":"adjustvar","variable":"_hover","operator":"set","value":{"type":"boolean","value":false}},{"__type":"adjustvar","variable":"_down","operator":"set","value":{"type":"boolean","value":false}},{"__type":"exe_actiongroup","id":"_player._setstates","scoperef":{"type":"string","value":"_this"},"params":null},{"__type":"hide_slidelayer","transition":"appear","objref":{"type":"string","value":"_parent"}},{"__type":"gotoplay","window":"_current","wndtype":"normal","objref":{"type":"string","value":"_player.6RoriILyZrf.5rNmTo1CohB"}}]}},{"__type":"ontransitionin","actions":{"Actions":[{"__type":"exe_actiongroup","id":"_player._setstates","scoperef":{"type":"string","value":"_this"},"params":null}]}},{"__type":"onrollover","actions":{"Actions":[{"__type":"exe_actiongroup","id":"ActGrpSetHoverState","scoperef":{"type":"string","value":"_this"},"params":null}]}},{"__type":"onrollout","actions":{"Actions":[{"__type":"exe_actiongroup","id":"ActGrpClearHoverState","scoperef":{"type":"string","value":"_this"},"params":null}]}},{"__type":"onpress","actions":{"Actions":[{"__type":"exe_actiongroup","id":"ActGrpSetDownState","scoperef":{"type":"string","value":"_this"},"params":null}]}},{"__type":"onreleaseoutside","actions":{"Actions":[{"__type":"adjustvar","variable":"_down","operator":"set","value":{"type":"boolean","value":false}},{"__type":"exe_actiongroup","id":"_player._setstates","scoperef":{"type":"string","value":"_this"},"params":null}]}}]}]},"starttime":-1,"elapsedtimemode":"normal","width":720,"height":540,"resume":true,"usehandcursor":false,"background":null,"id":"67w26VIxYqL","events":[{"__type":"ontopmostlayer","actions":{"Actions":[{"__type":"setactivetimeline","objref":{"type":"string","value":"_this"}}]}},{"__type":"ontransitionin","actions":{"Actions":[{"__type":"enable_frame_control","name":"submit","enable":false}]}},{"__type":"ontransitionout","actions":{"Actions":[{"__type":"enable_frame_control","name":"submit","enable":true}]}},{"__type":"ontransitionincomplete","actions":{"Actions":[{"__type":"setfocus","showrect":false,"value":{"type":"string","value":"6VAWHYmsu27"}}]}}]}],"showanimationid":"","enableseek":true,"enablereplay":true,"lmsid":"Slide24","timeline":{"duration":5000,"events":[{"__type":"event","time":0,"actions":{"Actions":[{"__type":"show","transition":"appear","objref":{"type":"string","value":"6UfPrKvAQoH"}},{"__type":"show","transition":"appear","objref":{"type":"string","value":"5rUuD1knNdz"}},{"__type":"show","transition":"appear","objref":{"type":"string","value":"6h0FEWpwhsb"}},{"__type":"show","transition":"appear","objref":{"type":"string","value":"5xZ8XvgmkfH"}},{"__type":"show","transition":"appear","objref":{"type":"string","value":"5hWliXcRJz0"}}]}}]},"objects":{"Objects":[{"__type":"vectorshape","rotation":0,"acctype":"radio","cliptobounds":false,"defaultaction":"onrelease","textlib":[{"__type":"textdata","uniqueId":"6ZhzJHwugub_128300445","id":"01","linkid":"txt__default_6UfPrKvAQoH","type":"vectortext","alttext":null,"lmstext":null,"xpos":0,"ypos":0,"width":0,"height":0,"shadowindex":-1,"vartext":null,"vectortext":{"left":0,"top":0,"right":80,"bottom":51,"alttext":null,"lmstext":null,"pngfb":false,"pr":{"l":"Lib","i":158},"text":null}}],"shapemaskid":"","xpos":32,"ypos":22,"tabindex":10,"tabenabled":true,"xoffset":0,"yoffset":0,"rotatexpos":52,"rotateypos":40,"xscale":100,"yscale":100,"alpha":100,"depth":1,"scrolling":true,"shufflelock":false,"dragdrop":null,"dragpath":null,"dragrotation":null,"data":{"hotlinkid":"","accstate":0,"textdata":null,"imagedata":null,"swfdata":null,"videodata":null,"emfdata":null,"rectdata":null,"vectordata":{"left":-2,"top":-2,"right":106,"bottom":82,"alttext":"Correct","lmstext":null,"pngfb":false,"pr":{"l":"Lib","i":156},"text":null},"html5data":{"url":null,"xpos":-1,"ypos":-1,"width":105,"height":81,"strokewidth":1,"mask":null}},"mask":null,"states":[{"__type":"state","name":"_default_Selected","data":{"hotlinkid":"","accstate":16,"textdata":null,"imagedata":null,"swfdata":null,"videodata":null,"emfdata":null,"rectdata":null,"vectordata":{"left":-2,"top":-2,"right":106,"bottom":82,"alttext":"Correct","lmstext":null,"pngfb":false,"pr":{"l":"Lib","i":157},"text":null},"html5data":{"url":null,"xpos":-2,"ypos":-2,"width":108,"height":84,"strokewidth":1,"mask":null}}}],"markerType":null,"width":104,"height":80,"resume":true,"usehandcursor":true,"background":null,"id":"6UfPrKvAQoH","variables":[{"__type":"variable","name":"_checked","type":"boolean","value":false,"resume":true},{"__type":"variable","name":"_state","type":"string","value":"_default","resume":true},{"__type":"variable","name":"_disabled","type":"boolean","value":false,"resume":true},{"__type":"variable","name":"_stateName","type":"string","value":"","resume":true},{"__type":"variable","name":"_tempStateName","type":"string","value":"","resume":false}],"actiongroups":[{"__type":"actiongroup","id":"ActGrpSetCheckedState","actions":{"Actions":[{"__type":"adjustvar","variable":"_checked","operator":"set","value":{"type":"boolean","value":true}},{"__type":"exe_actiongroup","id":"_player._setstates","scoperef":{"type":"string","value":"_this"},"params":null}]}},{"__type":"actiongroup","id":"ActGrpClearStateVars","actions":{"Actions":[{"__type":"adjustvar","variable":"_checked","operator":"set","value":{"type":"boolean","value":false}}]}}],"events":[{"__type":"ontransitionin","actions":{"Actions":[{"__type":"exe_actiongroup","id":"_player._setstates","scoperef":{"type":"string","value":"_this"},"params":null}]}},{"__type":"onrelease","actions":{"Actions":[{"__type":"adjustvar","variable":"_checked","operator":"toggle","value":null},{"__type":"exe_actiongroup","id":"_player._setstates","scoperef":{"type":"string","value":"_this"},"params":null}]}}]},{"__type":"vectorshape","rotation":0,"acctype":"radio","cliptobounds":false,"defaultaction":"onrelease","shapemaskid":"","xpos":288,"ypos":142,"tabindex":13,"tabenabled":true,"xoffset":0,"yoffset":0,"rotatexpos":52,"rotateypos":40,"xscale":100,"yscale":100,"alpha":100,"depth":2,"scrolling":true,"shufflelock":false,"dragdrop":null,"dragpath":null,"dragrotation":null,"data":{"hotlinkid":"","accstate":0,"textdata":null,"imagedata":null,"swfdata":null,"videodata":null,"emfdata":null,"rectdata":null,"vectordata":{"left":-2,"top":-2,"right":106,"bottom":82,"alttext":"Rectangle 6","lmstext":null,"pngfb":false,"pr":{"l":"Lib","i":159},"text":null},"html5data":{"url":null,"xpos":-1,"ypos":-1,"width":105,"height":81,"strokewidth":1,"mask":null}},"mask":null,"states":[{"__type":"state","name":"_default_Selected","data":{"hotlinkid":"","accstate":16,"textdata":null,"imagedata":null,"swfdata":null,"videodata":null,"emfdata":null,"rectdata":null,"vectordata":{"left":-2,"top":-2,"right":106,"bottom":82,"alttext":"Rectangle 2","lmstext":null,"pngfb":false,"pr":{"l":"Lib","i":160},"text":null},"html5data":{"url":null,"xpos":-2,"ypos":-2,"width":108,"height":84,"strokewidth":1,"mask":null}}}],"markerType":null,"width":104,"height":80,"resume":true,"usehandcursor":true,"background":null,"id":"5rUuD1knNdz","variables":[{"__type":"variable","name":"_checked","type":"boolean","value":false,"resume":true},{"__type":"variable","name":"_state","type":"string","value":"_default","resume":true},{"__type":"variable","name":"_disabled","type":"boolean","value":false,"resume":true},{"__type":"variable","name":"_stateName","type":"string","value":"","resume":true},{"__type":"variable","name":"_tempStateName","type":"string","value":"","resume":false}],"actiongroups":[{"__type":"actiongroup","id":"ActGrpSetCheckedState","actions":{"Actions":[{"__type":"adjustvar","variable":"_checked","operator":"set","value":{"type":"boolean","value":true}},{"__type":"exe_actiongroup","id":"_player._setstates","scoperef":{"type":"string","value":"_this"},"params":null}]}},{"__type":"actiongroup","id":"ActGrpClearStateVars","actions":{"Actions":[{"__type":"adjustvar","variable":"_checked","operator":"set","value":{"type":"boolean","value":false}}]}}],"events":[{"__type":"ontransitionin","actions":{"Actions":[{"__type":"exe_actiongroup","id":"_player._setstates","scoperef":{"type":"string","value":"_this"},"params":null}]}},{"__type":"onrelease","actions":{"Actions":[{"__type":"adjustvar","variable":"_checked","operator":"toggle","value":null},{"__type":"exe_actiongroup","id":"_player._setstates","scoperef":{"type":"string","value":"_this"},"params":null}]}}]},{"__type":"vectorshape","rotation":0,"acctype":"radio","cliptobounds":false,"defaultaction":"onrelease","textlib":[{"__type":"textdata","uniqueId":"6CWdvWvhF8J_1557829466","id":"01","linkid":"txt__default_6h0FEWpwhsb","type":"vectortext","alttext":null,"lmstext":null,"xpos":0,"ypos":0,"width":0,"height":0,"shadowindex":-1,"vartext":null,"vectortext":{"left":0,"top":0,"right":80,"bottom":51,"alttext":null,"lmstext":null,"pngfb":false,"pr":{"l":"Lib","i":158},"text":null}}],"shapemaskid":"","xpos":520,"ypos":38,"tabindex":12,"tabenabled":true,"xoffset":0,"yoffset":0,"rotatexpos":52,"rotateypos":40,"xscale":100,"yscale":100,"alpha":100,"depth":3,"scrolling":true,"shufflelock":false,"dragdrop":null,"dragpath":null,"dragrotation":null,"data":{"hotlinkid":"","accstate":0,"textdata":null,"imagedata":null,"swfdata":null,"videodata":null,"emfdata":null,"rectdata":null,"vectordata":{"left":-2,"top":-2,"right":106,"bottom":82,"alttext":"Correct","lmstext":null,"pngfb":false,"pr":{"l":"Lib","i":156},"text":null},"html5data":{"url":null,"xpos":-1,"ypos":-1,"width":105,"height":81,"strokewidth":1,"mask":null}},"mask":null,"states":[{"__type":"state","name":"_default_Selected","data":{"hotlinkid":"","accstate":16,"textdata":null,"imagedata":null,"swfdata":null,"videodata":null,"emfdata":null,"rectdata":null,"vectordata":{"left":-2,"top":-2,"right":106,"bottom":82,"alttext":"Correct","lmstext":null,"pngfb":false,"pr":{"l":"Lib","i":157},"text":null},"html5data":{"url":null,"xpos":-2,"ypos":-2,"width":108,"height":84,"strokewidth":1,"mask":null}}}],"markerType":null,"width":104,"height":80,"resume":true,"usehandcursor":true,"background":null,"id":"6h0FEWpwhsb","variables":[{"__type":"variable","name":"_checked","type":"boolean","value":false,"resume":true},{"__type":"variable","name":"_state","type":"string","value":"_default","resume":true},{"__type":"variable","name":"_disabled","type":"boolean","value":false,"resume":true},{"__type":"variable","name":"_stateName","type":"string","value":"","resume":true},{"__type":"variable","name":"_tempStateName","type":"string","value":"","resume":false}],"actiongroups":[{"__type":"actiongroup","id":"ActGrpSetCheckedState","actions":{"Actions":[{"__type":"adjustvar","variable":"_checked","operator":"set","value":{"type":"boolean","value":true}},{"__type":"exe_actiongroup","id":"_player._setstates","scoperef":{"type":"string","value":"_this"},"params":null}]}},{"__type":"actiongroup","id":"ActGrpClearStateVars","actions":{"Actions":[{"__type":"adjustvar","variable":"_checked","operator":"set","value":{"type":"boolean","value":false}}]}}],"events":[{"__type":"ontransitionin","actions":{"Actions":[{"__type":"exe_actiongroup","id":"_player._setstates","scoperef":{"type":"string","value":"_this"},"params":null}]}},{"__type":"onrelease","actions":{"Actions":[{"__type":"adjustvar","variable":"_checked","operator":"toggle","value":null},{"__type":"exe_actiongroup","id":"_player._setstates","scoperef":{"type":"string","value":"_this"},"params":null}]}}]},{"__type":"vectorshape","rotation":0,"acctype":"radio","cliptobounds":false,"defaultaction":"onrelease","shapemaskid":"","xpos":80,"ypos":286,"tabindex":14,"tabenabled":true,"xoffset":0,"yoffset":0,"rotatexpos":52,"rotateypos":40,"xscale":100,"yscale":100,"alpha":100,"depth":4,"scrolling":true,"shufflelock":false,"dragdrop":null,"dragpath":null,"dragrotation":null,"data":{"hotlinkid":"","accstate":0,"textdata":null,"imagedata":null,"swfdata":null,"videodata":null,"emfdata":null,"rectdata":null,"vectordata":{"left":-2,"top":-2,"right":106,"bottom":82,"alttext":"Rectangle 6","lmstext":null,"pngfb":false,"pr":{"l":"Lib","i":159},"text":null},"html5data":{"url":null,"xpos":-1,"ypos":-1,"width":105,"height":81,"strokewidth":1,"mask":null}},"mask":null,"states":[{"__type":"state","name":"_default_Selected","data":{"hotlinkid":"","accstate":16,"textdata":null,"imagedata":null,"swfdata":null,"videodata":null,"emfdata":null,"rectdata":null,"vectordata":{"left":-2,"top":-2,"right":106,"bottom":82,"alttext":"Rectangle 4","lmstext":null,"pngfb":false,"pr":{"l":"Lib","i":160},"text":null},"html5data":{"url":null,"xpos":-2,"ypos":-2,"width":108,"height":84,"strokewidth":1,"mask":null}}}],"markerType":null,"width":104,"height":80,"resume":true,"usehandcursor":true,"background":null,"id":"5xZ8XvgmkfH","variables":[{"__type":"variable","name":"_checked","type":"boolean","value":false,"resume":true},{"__type":"variable","name":"_state","type":"string","value":"_default","resume":true},{"__type":"variable","name":"_disabled","type":"boolean","value":false,"resume":true},{"__type":"variable","name":"_stateName","type":"string","value":"","resume":true},{"__type":"variable","name":"_tempStateName","type":"string","value":"","resume":false}],"actiongroups":[{"__type":"actiongroup","id":"ActGrpSetCheckedState","actions":{"Actions":[{"__type":"adjustvar","variable":"_checked","operator":"set","value":{"type":"boolean","value":true}},{"__type":"exe_actiongroup","id":"_player._setstates","scoperef":{"type":"string","value":"_this"},"params":null}]}},{"__type":"actiongroup","id":"ActGrpClearStateVars","actions":{"Actions":[{"__type":"adjustvar","variable":"_checked","operator":"set","value":{"type":"boolean","value":false}}]}}],"events":[{"__type":"ontransitionin","actions":{"Actions":[{"__type":"exe_actiongroup","id":"_player._setstates","scoperef":{"type":"string","value":"_this"},"params":null}]}},{"__type":"onrelease","actions":{"Actions":[{"__type":"adjustvar","variable":"_checked","operator":"toggle","value":null},{"__type":"exe_actiongroup","id":"_player._setstates","scoperef":{"type":"string","value":"_this"},"params":null}]}}]},{"__type":"vectorshape","rotation":0,"acctype":"radio","cliptobounds":false,"defaultaction":"onrelease","textlib":[{"__type":"textdata","uniqueId":"5vRHnSXZw0X_311527463","id":"01","linkid":"txt__default_5hWliXcRJz0","type":"vectortext","alttext":null,"lmstext":null,"xpos":0,"ypos":0,"width":0,"height":0,"shadowindex":-1,"vartext":null,"vectortext":{"left":0,"top":0,"right":80,"bottom":51,"alttext":null,"lmstext":null,"pngfb":false,"pr":{"l":"Lib","i":158},"text":null}}],"shapemaskid":"","xpos":480,"ypos":286,"tabindex":15,"tabenabled":true,"xoffset":0,"yoffset":0,"rotatexpos":52,"rotateypos":40,"xscale":100,"yscale":100,"alpha":100,"depth":5,"scrolling":true,"shufflelock":false,"dragdrop":null,"dragpath":null,"dragrotation":null,"data":{"hotlinkid":"","accstate":0,"textdata":null,"imagedata":null,"swfdata":null,"videodata":null,"emfdata":null,"rectdata":null,"vectordata":{"left":-2,"top":-2,"right":106,"bottom":82,"alttext":"Correct","lmstext":null,"pngfb":false,"pr":{"l":"Lib","i":156},"text":null},"html5data":{"url":null,"xpos":-1,"ypos":-1,"width":105,"height":81,"strokewidth":1,"mask":null}},"mask":null,"states":[{"__type":"state","name":"_default_Selected","data":{"hotlinkid":"","accstate":16,"textdata":null,"imagedata":null,"swfdata":null,"videodata":null,"emfdata":null,"rectdata":null,"vectordata":{"left":-2,"top":-2,"right":106,"bottom":82,"alttext":"Correct","lmstext":null,"pngfb":false,"pr":{"l":"Lib","i":157},"text":null},"html5data":{"url":null,"xpos":-2,"ypos":-2,"width":108,"height":84,"strokewidth":1,"mask":null}}}],"markerType":null,"width":104,"height":80,"resume":true,"usehandcursor":true,"background":null,"id":"5hWliXcRJz0","variables":[{"__type":"variable","name":"_checked","type":"boolean","value":false,"resume":true},{"__type":"variable","name":"_state","type":"string","value":"_default","resume":true},{"__type":"variable","name":"_disabled","type":"boolean","value":false,"resume":true},{"__type":"variable","name":"_stateName","type":"string","value":"","resume":true},{"__type":"variable","name":"_tempStateName","type":"string","value":"","resume":false}],"actiongroups":[{"__type":"actiongroup","id":"ActGrpSetCheckedState","actions":{"Actions":[{"__type":"adjustvar","variable":"_checked","operator":"set","value":{"type":"boolean","value":true}},{"__type":"exe_actiongroup","id":"_player._setstates","scoperef":{"type":"string","value":"_this"},"params":null}]}},{"__type":"actiongroup","id":"ActGrpClearStateVars","actions":{"Actions":[{"__type":"adjustvar","variable":"_checked","operator":"set","value":{"type":"boolean","value":false}}]}}],"events":[{"__type":"ontransitionin","actions":{"Actions":[{"__type":"exe_actiongroup","id":"_player._setstates","scoperef":{"type":"string","value":"_this"},"params":null}]}},{"__type":"onrelease","actions":{"Actions":[{"__type":"adjustvar","variable":"_checked","operator":"toggle","value":null},{"__type":"exe_actiongroup","id":"_player._setstates","scoperef":{"type":"string","value":"_this"},"params":null}]}}]},{"__type":"vectorshape","rotation":0,"acctype":"text","cliptobounds":false,"defaultaction":"","textlib":[{"__type":"textdata","uniqueId":"5dpe7UQ7wv1_CorrectReview","id":"01","linkid":"5dpe7UQ7wv1_CorrectReview","type":"vectortext","alttext":null,"lmstext":null,"xpos":0,"ypos":0,"width":0,"height":0,"shadowindex":-1,"vartext":null,"vectortext":{"left":0,"top":0,"right":400,"bottom":37,"alttext":null,"lmstext":null,"pngfb":false,"pr":{"l":"Lib","i":14},"text":null}}],"shapemaskid":"","xpos":0,"ypos":500,"tabindex":16,"tabenabled":true,"xoffset":0,"yoffset":0,"rotatexpos":360,"rotateypos":20,"xscale":100,"yscale":100,"alpha":100,"depth":6,"scrolling":true,"shufflelock":false,"dragdrop":null,"dragpath":null,"dragrotation":null,"data":{"hotlinkid":"","accstate":0,"textdata":null,"imagedata":null,"swfdata":null,"videodata":null,"emfdata":null,"rectdata":null,"vectordata":{"left":-1,"top":-1,"right":720,"bottom":40,"alttext":"Correct","lmstext":null,"pngfb":false,"pr":{"l":"Lib","i":13},"text":null},"html5data":{"url":null,"xpos":1,"ypos":1,"width":717,"height":37,"strokewidth":2,"mask":null}},"mask":null,"markerType":null,"width":720,"height":40,"resume":false,"usehandcursor":true,"background":null,"id":"5dpe7UQ7wv1_CorrectReview","events":[{"__type":"onrelease","actions":{"Actions":[{"__type":"hide","transition":"appear","objref":{"type":"string","value":"_this"}}]}}]},{"__type":"vectorshape","rotation":0,"acctype":"text","cliptobounds":false,"defaultaction":"","textlib":[{"__type":"textdata","uniqueId":"5dpe7UQ7wv1_IncorrectReview","id":"01","linkid":"5dpe7UQ7wv1_IncorrectReview","type":"vectortext","alttext":null,"lmstext":null,"xpos":0,"ypos":0,"width":0,"height":0,"shadowindex":-1,"vartext":null,"vectortext":{"left":0,"top":0,"right":409,"bottom":37,"alttext":null,"lmstext":null,"pngfb":false,"pr":{"l":"Lib","i":16},"text":null}}],"shapemaskid":"","xpos":0,"ypos":500,"tabindex":17,"tabenabled":true,"xoffset":0,"yoffset":0,"rotatexpos":360,"rotateypos":20,"xscale":100,"yscale":100,"alpha":100,"depth":7,"scrolling":true,"shufflelock":false,"dragdrop":null,"dragpath":null,"dragrotation":null,"data":{"hotlinkid":"","accstate":0,"textdata":null,"imagedata":null,"swfdata":null,"videodata":null,"emfdata":null,"rectdata":null,"vectordata":{"left":-1,"top":-1,"right":720,"bottom":40,"alttext":"Incorrect","lmstext":null,"pngfb":false,"pr":{"l":"Lib","i":15},"text":null},"html5data":{"url":null,"xpos":1,"ypos":1,"width":717,"height":37,"strokewidth":2,"mask":null}},"mask":null,"markerType":null,"width":720,"height":40,"resume":false,"usehandcursor":true,"background":null,"id":"5dpe7UQ7wv1_IncorrectReview","events":[{"__type":"onrelease","actions":{"Actions":[{"__type":"hide","transition":"appear","objref":{"type":"string","value":"_this"}}]}}]}]},"starttime":-1,"elapsedtimemode":"normal","width":720,"height":540,"resume":true,"usehandcursor":false,"background":{"type":"fill","fill":{"type":"linear","rotation":90,"colors":[{"__type":"color","rgb":"0xFFFFFF","alpha":100,"stop":0}]},"imagedata":null,"emfdata":null,"vectordata":null},"id":"5cD1Fui62Gc","actiongroups":[{"__type":"actiongroup","id":"ActGrpOnSubmitButtonClick","actions":{"Actions":[{"__type":"if_action","condition":{"Statement":{"__type":"or","Statements":[{"__type":"compare","operator":"eq","valuea":"6UfPrKvAQoH._checked","typea":"var","valueb":true,"typeb":"boolean"},{"__type":"compare","operator":"eq","valuea":"6h0FEWpwhsb._checked","typea":"var","valueb":true,"typeb":"boolean"},{"__type":"compare","operator":"eq","valuea":"5rUuD1knNdz._checked","typea":"var","valueb":true,"typeb":"boolean"},{"__type":"compare","operator":"eq","valuea":"5xZ8XvgmkfH._checked","typea":"var","valueb":true,"typeb":"boolean"},{"__type":"compare","operator":"eq","valuea":"5hWliXcRJz0._checked","typea":"var","valueb":true,"typeb":"boolean"}]}},"then_actions":{"Actions":[{"__type":"eval_interaction","id":"_this.5agB7LY537A"}]},"else_actions":{"Actions":[{"__type":"gotoplay","window":"MessageWnd","wndtype":"normal","objref":{"type":"string","value":"_player.MsgScene_5Zxg3fY3Nhm.InvalidPromptSlide"}}]}}]}},{"__type":"actiongroup","id":"ReviewInt_5dpe7UQ7wv1","actions":{"Actions":[{"__type":"set_enabled","objref":{"type":"string","value":"6UfPrKvAQoH"},"enabled":{"type":"boolean","value":false}},{"__type":"set_enabled","objref":{"type":"string","value":"6h0FEWpwhsb"},"enabled":{"type":"boolean","value":false}},{"__type":"set_enabled","objref":{"type":"string","value":"5rUuD1knNdz"},"enabled":{"type":"boolean","value":false}},{"__type":"set_enabled","objref":{"type":"string","value":"5xZ8XvgmkfH"},"enabled":{"type":"boolean","value":false}},{"__type":"set_enabled","objref":{"type":"string","value":"5hWliXcRJz0"},"enabled":{"type":"boolean","value":false}},{"__type":"if_action","condition":{"Statement":{"__type":"compare","operator":"eq","valuea":"5agB7LY537A.Status","typea":"property","valueb":"correct","typeb":"string"}},"then_actions":{"Actions":[{"__type":"show","transition":"appear","objref":{"type":"string","value":"5dpe7UQ7wv1_CorrectReview"}}]},"else_actions":{"Actions":[{"__type":"show","transition":"appear","objref":{"type":"string","value":"5dpe7UQ7wv1_IncorrectReview"}}]}},{"__type":"if_action","condition":{"Statement":{"__type":"compare","operator":"eq","valuea":"_player.CurrentQuiz_5dpe7UQ7wv1","typea":"var","valueb":"5WfhuQ3hw1Y","typeb":"string"}},"then_actions":{"Actions":[{"__type":"exe_actiongroup","id":"SetLayout_pxabnsnfns00001100101","scoperef":null,"params":null},{"__type":"if_action","condition":{"Statement":{"__type":"compare","operator":"eq","valuea":"_player.5WfhuQ3hw1Y.Passed","typea":"property","valueb":true,"typeb":"boolean"}},"then_actions":{"Actions":[{"__type":"exe_actiongroup","id":"ReviewIntCorrectIncorrect_5dpe7UQ7wv1","scoperef":null,"params":null}]},"else_actions":null},{"__type":"if_action","condition":{"Statement":{"__type":"compare","operator":"eq","valuea":"_player.5WfhuQ3hw1Y.Passed","typea":"property","valueb":false,"typeb":"boolean"}},"then_actions":{"Actions":[{"__type":"exe_actiongroup","id":"ReviewIntCorrectIncorrect_5dpe7UQ7wv1","scoperef":null,"params":null}]},"else_actions":null}]},"else_actions":null}]}},{"__type":"actiongroup","id":"ReviewIntCorrectIncorrect_5dpe7UQ7wv1","actions":{"Actions":[{"__type":"set_enabled","objref":{"type":"string","value":"6UfPrKvAQoH"},"enabled":{"type":"boolean","value":false}},{"__type":"set_enabled","objref":{"type":"string","value":"6h0FEWpwhsb"},"enabled":{"type":"boolean","value":false}},{"__type":"set_enabled","objref":{"type":"string","value":"5rUuD1knNdz"},"enabled":{"type":"boolean","value":false}},{"__type":"set_enabled","objref":{"type":"string","value":"5xZ8XvgmkfH"},"enabled":{"type":"boolean","value":false}},{"__type":"set_enabled","objref":{"type":"string","value":"5hWliXcRJz0"},"enabled":{"type":"boolean","value":false}}]}},{"__type":"actiongroup","id":"AnsweredInt_5dpe7UQ7wv1","actions":{"Actions":[{"__type":"exe_actiongroup","id":"DisableChoices_5dpe7UQ7wv1","scoperef":null,"params":null},{"__type":"if_action","condition":{"Statement":{"__type":"compare","operator":"eq","valuea":"WindowId","typea":"property","valueb":"_frame","typeb":"string"}},"then_actions":{"Actions":[{"__type":"set_frame_layout","name":"pxabnsnfns00001100101"}]},"else_actions":{"Actions":[{"__type":"set_window_control_layout","name":"pxabnsnfns00001100101"}]}}]}},{"__type":"actiongroup","id":"DisableChoices_5dpe7UQ7wv1","actions":{"Actions":[{"__type":"set_enabled","objref":{"type":"string","value":"6UfPrKvAQoH"},"enabled":{"type":"boolean","value":false}},{"__type":"set_enabled","objref":{"type":"string","value":"6h0FEWpwhsb"},"enabled":{"type":"boolean","value":false}},{"__type":"set_enabled","objref":{"type":"string","value":"5rUuD1knNdz"},"enabled":{"type":"boolean","value":false}},{"__type":"set_enabled","objref":{"type":"string","value":"5xZ8XvgmkfH"},"enabled":{"type":"boolean","value":false}},{"__type":"set_enabled","objref":{"type":"string","value":"5hWliXcRJz0"},"enabled":{"type":"boolean","value":false}}]}},{"__type":"actiongroup","id":"5dpe7UQ7wv1_CheckAnswered","actions":{"Actions":[{"__type":"if_action","condition":{"Statement":{"__type":"or","Statements":[{"__type":"compare","operator":"eq","valuea":"5agB7LY537A.Status","typea":"property","valueb":"correct","typeb":"string"},{"__type":"compare","operator":"eq","valuea":"_player.5WfhuQ3hw1Y.QuizComplete","typea":"property","valueb":true,"typeb":"boolean"}]}},"then_actions":{"Actions":[{"__type":"exe_actiongroup","id":"AnsweredInt_5dpe7UQ7wv1","scoperef":null,"params":null}]},"else_actions":{"Actions":[{"__type":"if_action","condition":{"Statement":{"__type":"compare","operator":"eq","valuea":"5agB7LY537A.Status","typea":"property","valueb":"incorrect","typeb":"string"}},"then_actions":{"Actions":[{"__type":"if_action","condition":{"Statement":{"__type":"compare","operator":"gte","valuea":"5agB7LY537A.AttemptCount","typea":"property","valueb":1,"typeb":"number"}},"then_actions":{"Actions":[{"__type":"exe_actiongroup","id":"AnsweredInt_5dpe7UQ7wv1","scoperef":null,"params":null}]},"else_actions":null}]},"else_actions":null}]}}]}},{"__type":"actiongroup","id":"SetLayout_pxabnsnfns00001100101","actions":{"Actions":[{"__type":"if_action","condition":{"Statement":{"__type":"compare","operator":"eq","valuea":"WindowId","typea":"property","valueb":"_frame","typeb":"string"}},"then_actions":{"Actions":[{"__type":"set_frame_layout","name":"pxabnsnfns00001100101"}]},"else_actions":{"Actions":[{"__type":"set_window_control_layout","name":"pxabnsnfns00001100101"}]}}]}},{"__type":"actiongroup","id":"CloseFeedback","actions":{"Actions":[{"__type":"if_action","condition":{"Statement":{"__type":"compare","operator":"eq","valuea":"_player.5WfhuQ3hw1Y.QuizComplete","typea":"property","valueb":true,"typeb":"boolean"}},"then_actions":{"Actions":[{"__type":"hide_slidelayer","transition":"appear","objref":{"type":"string","value":"6SrNLOAZ2Y2"}},{"__type":"hide_slidelayer","transition":"appear","objref":{"type":"string","value":"67w26VIxYqL"}}]},"else_actions":null}]}},{"__type":"actiongroup","id":"NavigationRestrictionNextSlide_5cD1Fui62Gc","actions":{"Actions":[{"__type":"gotoplay","window":"_current","wndtype":"normal","objref":{"type":"string","value":"_parent.5rNmTo1CohB"}}]}},{"__type":"actiongroup","id":"NavigationRestrictionPreviousSlide_5cD1Fui62Gc","actions":{"Actions":[{"__type":"history_prev"}]}}],"events":[{"__type":"onbeforeslidein","actions":{"Actions":[{"__type":"if_action","condition":{"Statement":{"__type":"compare","operator":"eq","valuea":"WindowId","typea":"property","valueb":"_frame","typeb":"string"}},"then_actions":{"Actions":[{"__type":"set_frame_layout","name":"npnxnanbsnfns00001100101"}]},"else_actions":{"Actions":[{"__type":"set_window_control_layout","name":"npnxnanbsnfns00001100101"}]}}]}},{"__type":"onsubmitslide","actions":{"Actions":[{"__type":"exe_actiongroup","id":"ActGrpOnSubmitButtonClick","scoperef":null,"params":null}]}},{"__type":"ontransitionin","actions":{"Actions":[{"__type":"adjustvar","variable":"_player.LastSlideViewed_5Zxg3fY3Nhm","operator":"set","value":{"type":"string","value":"_player."}},{"__type":"adjustvar","variable":"_player.LastSlideViewed_5Zxg3fY3Nhm","operator":"add","value":{"type":"property","value":"AbsoluteId"}},{"__type":"if_action","condition":{"Statement":{"__type":"compare","operator":"eq","valuea":"_player.ReviewMode_5dpe7UQ7wv1","typea":"var","valueb":true,"typeb":"boolean"}},"then_actions":{"Actions":[{"__type":"exe_actiongroup","id":"ReviewInt_5dpe7UQ7wv1","scoperef":null,"params":null}]},"else_actions":{"Actions":[{"__type":"exe_actiongroup","id":"5dpe7UQ7wv1_CheckAnswered","scoperef":null,"params":null}]}},{"__type":"exe_actiongroup","id":"CloseFeedback","scoperef":null,"params":null}]}},{"__type":"onnextslide","actions":{"Actions":[{"__type":"if_action","condition":{"Statement":{"__type":"compare","operator":"eq","valuea":"_player.ReviewMode_5dpe7UQ7wv1","typea":"var","valueb":true,"typeb":"boolean"}},"then_actions":{"Actions":[{"__type":"if_action","condition":{"Statement":{"__type":"compare","operator":"eq","valuea":"_player.CurrentQuiz_5dpe7UQ7wv1","typea":"var","valueb":"5WfhuQ3hw1Y","typeb":"string"}},"then_actions":{"Actions":[{"__type":"nextviewedslide","quizref":{"type":"string","value":"_player.5WfhuQ3hw1Y"},"completed_slide_ref":{"type":"string","value":"_player.6RoriILyZrf.6Am9SBi3ums"}}]},"else_actions":{"Actions":[{"__type":"debug_trace","message":"WARNING: question is in review mode, but not for any quiz that it\u0027s a part of"}]}}]},"else_actions":{"Actions":[{"__type":"exe_actiongroup","id":"NavigationRestrictionNextSlide_5cD1Fui62Gc","scoperef":null,"params":null}]}}]}},{"__type":"onprevslide","actions":{"Actions":[{"__type":"exe_actiongroup","id":"NavigationRestrictionPreviousSlide_5cD1Fui62Gc","scoperef":null,"params":null}]}}]}
