{"dataurl":"story_content/slides/5m04BTivyoR.swf","iosurl":null,"html5url":null,"title":"Pick One","trackviews":true,"showmenuresulticon":false,"viewgroupid":"","historygroupid":"","videozoom":"","scrolling":false,"transition":"appear","transduration":0,"transdir":1,"wipetrans":false,"slidelock":false,"navindex":-1,"globalaudioid":"","thumbnailid":"","slidewindowbg":null,"presenterref":{"id":"none","videodata":null},"showanimationid":"","enableseek":true,"enablereplay":true,"lmsid":"Slide14","timeline":{"duration":5000,"events":[{"__type":"event","time":0,"actions":{"Actions":[{"__type":"show","transition":"appear","objref":{"type":"string","value":"5mFwhrlXirM"}},{"__type":"show","transition":"appear","objref":{"type":"string","value":"5mFwhrlXirM.5WopINznaTW"}},{"__type":"show","transition":"appear","objref":{"type":"string","value":"5mFwhrlXirM.5djZ4A7nfdF"}},{"__type":"show","transition":"appear","objref":{"type":"string","value":"5mFwhrlXirM.66fjVuWAJTr"}},{"__type":"show","transition":"appear","objref":{"type":"string","value":"5nZ3Fgl0hE9"}}]}}]},"objects":{"Objects":[{"__type":"scrollarea","contentwidth":672,"contentheight":138,"objects":{"Objects":[{"__type":"shufflegroup","objects":{"Objects":[{"__type":"vectorshape","rotation":0,"acctype":"radio","cliptobounds":false,"defaultaction":"onrelease","textlib":[{"__type":"textdata","uniqueId":"5uk90o8g62K_278779060","id":"01","linkid":"txt__default_5WopINznaTW","type":"vectortext","alttext":null,"lmstext":null,"xpos":0,"ypos":0,"width":0,"height":0,"shadowindex":-1,"vartext":null,"vectortext":{"left":0,"top":0,"right":86,"bottom":34,"alttext":null,"lmstext":null,"pngfb":false,"pr":{"l":"Lib","i":124},"text":null}}],"shapemaskid":"","xpos":24,"ypos":92,"tabindex":4,"tabenabled":true,"xoffset":0,"yoffset":0,"rotatexpos":324,"rotateypos":23,"xscale":100,"yscale":100,"alpha":100,"depth":1,"scrolling":true,"shufflelock":false,"dragdrop":null,"dragpath":null,"dragrotation":null,"data":{"hotlinkid":"","accstate":0,"textdata":null,"imagedata":null,"swfdata":null,"videodata":null,"emfdata":null,"rectdata":null,"vectordata":{"left":-1,"top":-1,"right":648,"bottom":46,"alttext":"Pick 3","lmstext":null,"pngfb":false,"pr":{"l":"Lib","i":3},"text":null},"html5data":{"url":null,"xpos":-1,"ypos":-1,"width":649,"height":47,"strokewidth":0,"mask":null}},"mask":null,"states":[{"__type":"state","name":"_default_Disabled","data":{"hotlinkid":"","accstate":1,"textdata":null,"imagedata":null,"swfdata":null,"videodata":null,"emfdata":null,"rectdata":null,"vectordata":{"left":-1,"top":-1,"right":648,"bottom":46,"alttext":"Pick 3","lmstext":null,"pngfb":false,"pr":{"l":"Lib","i":3},"text":null},"html5data":{"url":null,"xpos":-1,"ypos":-1,"width":649,"height":47,"strokewidth":3,"mask":null}}},{"__type":"state","name":"_default_Down","data":{"hotlinkid":"","accstate":8,"textdata":null,"imagedata":null,"swfdata":null,"videodata":null,"emfdata":null,"rectdata":null,"vectordata":{"left":-1,"top":-1,"right":648,"bottom":46,"alttext":"Pick 3","lmstext":null,"pngfb":false,"pr":{"l":"Lib","i":3},"text":null},"html5data":{"url":null,"xpos":-1,"ypos":-1,"width":649,"height":47,"strokewidth":3,"mask":null}}},{"__type":"state","name":"_default_Selected","data":{"hotlinkid":"","accstate":16,"textdata":null,"imagedata":null,"swfdata":null,"videodata":null,"emfdata":null,"rectdata":null,"vectordata":{"left":-1,"top":-1,"right":648,"bottom":46,"alttext":"Pick 3","lmstext":null,"pngfb":false,"pr":{"l":"Lib","i":4},"text":null},"html5data":{"url":null,"xpos":-1,"ypos":-1,"width":649,"height":47,"strokewidth":3,"mask":null}}},{"__type":"state","name":"_default_Selected_Disabled","data":{"hotlinkid":"","accstate":17,"textdata":null,"imagedata":null,"swfdata":null,"videodata":null,"emfdata":null,"rectdata":null,"vectordata":{"left":-1,"top":-1,"right":648,"bottom":46,"alttext":"Pick 3","lmstext":null,"pngfb":false,"pr":{"l":"Lib","i":4},"text":null},"html5data":{"url":null,"xpos":-1,"ypos":-1,"width":649,"height":47,"strokewidth":3,"mask":null}}},{"__type":"state","name":"_default_Down_Selected","data":{"hotlinkid":"","accstate":24,"textdata":null,"imagedata":null,"swfdata":null,"videodata":null,"emfdata":null,"rectdata":null,"vectordata":{"left":-1,"top":-1,"right":648,"bottom":46,"alttext":"Pick 3","lmstext":null,"pngfb":false,"pr":{"l":"Lib","i":4},"text":null},"html5data":{"url":null,"xpos":-1,"ypos":-1,"width":649,"height":47,"strokewidth":3,"mask":null}}},{"__type":"state","name":"_default_Hover","data":{"hotlinkid":"","accstate":0,"textdata":null,"imagedata":null,"swfdata":null,"videodata":null,"emfdata":null,"rectdata":null,"vectordata":{"left":-1,"top":-1,"right":648,"bottom":46,"alttext":"Pick 3","lmstext":null,"pngfb":false,"pr":{"l":"Lib","i":5},"text":null},"html5data":{"url":null,"xpos":-1,"ypos":-1,"width":649,"height":47,"strokewidth":3,"mask":null}}},{"__type":"state","name":"_default_Hover_Disabled","data":{"hotlinkid":"","accstate":1,"textdata":null,"imagedata":null,"swfdata":null,"videodata":null,"emfdata":null,"rectdata":null,"vectordata":{"left":-1,"top":-1,"right":648,"bottom":46,"alttext":"Pick 3","lmstext":null,"pngfb":false,"pr":{"l":"Lib","i":5},"text":null},"html5data":{"url":null,"xpos":-1,"ypos":-1,"width":649,"height":47,"strokewidth":3,"mask":null}}},{"__type":"state","name":"_default_Hover_Down","data":{"hotlinkid":"","accstate":8,"textdata":null,"imagedata":null,"swfdata":null,"videodata":null,"emfdata":null,"rectdata":null,"vectordata":{"left":-1,"top":-1,"right":648,"bottom":46,"alttext":"Pick 3","lmstext":null,"pngfb":false,"pr":{"l":"Lib","i":5},"text":null},"html5data":{"url":null,"xpos":-1,"ypos":-1,"width":649,"height":47,"strokewidth":3,"mask":null}}},{"__type":"state","name":"_default_Hover_Selected","data":{"hotlinkid":"","accstate":16,"textdata":null,"imagedata":null,"swfdata":null,"videodata":null,"emfdata":null,"rectdata":null,"vectordata":{"left":-1,"top":-1,"right":648,"bottom":46,"alttext":"Pick 3","lmstext":null,"pngfb":false,"pr":{"l":"Lib","i":6},"text":null},"html5data":{"url":null,"xpos":-1,"ypos":-1,"width":649,"height":47,"strokewidth":3,"mask":null}}},{"__type":"state","name":"_default_Hover_Selected_Disabled","data":{"hotlinkid":"","accstate":17,"textdata":null,"imagedata":null,"swfdata":null,"videodata":null,"emfdata":null,"rectdata":null,"vectordata":{"left":-1,"top":-1,"right":648,"bottom":46,"alttext":"Pick 3","lmstext":null,"pngfb":false,"pr":{"l":"Lib","i":6},"text":null},"html5data":{"url":null,"xpos":-1,"ypos":-1,"width":649,"height":47,"strokewidth":3,"mask":null}}},{"__type":"state","name":"_default_Hover_Down_Selected","data":{"hotlinkid":"","accstate":24,"textdata":null,"imagedata":null,"swfdata":null,"videodata":null,"emfdata":null,"rectdata":null,"vectordata":{"left":-1,"top":-1,"right":648,"bottom":46,"alttext":"Pick 3","lmstext":null,"pngfb":false,"pr":{"l":"Lib","i":6},"text":null},"html5data":{"url":null,"xpos":-1,"ypos":-1,"width":649,"height":47,"strokewidth":3,"mask":null}}}],"markerType":null,"width":648,"height":46,"resume":true,"usehandcursor":true,"background":null,"id":"5WopINznaTW","variables":[{"__type":"variable","name":"_hover","type":"boolean","value":false,"resume":true},{"__type":"variable","name":"_down","type":"boolean","value":false,"resume":true},{"__type":"variable","name":"_disabled","type":"boolean","value":false,"resume":true},{"__type":"variable","name":"_checked","type":"boolean","value":false,"resume":true},{"__type":"variable","name":"_state","type":"string","value":"_default","resume":true},{"__type":"variable","name":"_stateName","type":"string","value":"","resume":true},{"__type":"variable","name":"_tempStateName","type":"string","value":"","resume":false}],"actiongroups":[{"__type":"actiongroup","id":"ActGrpSetCheckedState","actions":{"Actions":[{"__type":"adjustvar","variable":"_checked","operator":"set","value":{"type":"boolean","value":true}},{"__type":"exe_actiongroup","id":"_player._setstates","scoperef":{"type":"string","value":"_this"},"params":null},{"__type":"exe_actiongroup","id":"ActGrpUnchecked","scoperef":null,"params":null}]}},{"__type":"actiongroup","id":"ActGrpUnchecked","actions":{"Actions":[{"__type":"if_action","condition":{"Statement":{"__type":"compare","operator":"eq","valuea":"_parent.66fjVuWAJTr._checked","typea":"var","valueb":true,"typeb":"boolean"}},"then_actions":{"Actions":[{"__type":"adjustvar","variable":"_parent.66fjVuWAJTr._checked","operator":"set","value":{"type":"boolean","value":false}},{"__type":"exe_actiongroup","id":"_player._setstates","scoperef":{"type":"string","value":"_parent.66fjVuWAJTr"},"params":null}]},"else_actions":null},{"__type":"if_action","condition":{"Statement":{"__type":"compare","operator":"eq","valuea":"_parent.5djZ4A7nfdF._checked","typea":"var","valueb":true,"typeb":"boolean"}},"then_actions":{"Actions":[{"__type":"adjustvar","variable":"_parent.5djZ4A7nfdF._checked","operator":"set","value":{"type":"boolean","value":false}},{"__type":"exe_actiongroup","id":"_player._setstates","scoperef":{"type":"string","value":"_parent.5djZ4A7nfdF"},"params":null}]},"else_actions":null}]}},{"__type":"actiongroup","id":"ActGrpSetHoverState","actions":{"Actions":[{"__type":"adjustvar","variable":"_hover","operator":"set","value":{"type":"boolean","value":true}},{"__type":"exe_actiongroup","id":"_player._setstates","scoperef":{"type":"string","value":"_this"},"params":null}]}},{"__type":"actiongroup","id":"ActGrpClearHoverState","actions":{"Actions":[{"__type":"adjustvar","variable":"_hover","operator":"set","value":{"type":"boolean","value":false}},{"__type":"exe_actiongroup","id":"_player._setstates","scoperef":{"type":"string","value":"_this"},"params":null}]}},{"__type":"actiongroup","id":"ActGrpSetDisabledState","actions":{"Actions":[{"__type":"adjustvar","variable":"_disabled","operator":"set","value":{"type":"boolean","value":true}},{"__type":"exe_actiongroup","id":"_player._setstates","scoperef":{"type":"string","value":"_this"},"params":null}]}},{"__type":"actiongroup","id":"ActGrpSetDownState","actions":{"Actions":[{"__type":"adjustvar","variable":"_down","operator":"set","value":{"type":"boolean","value":true}},{"__type":"exe_actiongroup","id":"_player._setstates","scoperef":{"type":"string","value":"_this"},"params":null}]}},{"__type":"actiongroup","id":"ActGrpClearStateVars","actions":{"Actions":[{"__type":"adjustvar","variable":"_hover","operator":"set","value":{"type":"boolean","value":false}},{"__type":"adjustvar","variable":"_down","operator":"set","value":{"type":"boolean","value":false}},{"__type":"adjustvar","variable":"_disabled","operator":"set","value":{"type":"boolean","value":false}},{"__type":"adjustvar","variable":"_checked","operator":"set","value":{"type":"boolean","value":false}}]}}],"events":[{"__type":"ontransitionin","actions":{"Actions":[{"__type":"exe_actiongroup","id":"_player._setstates","scoperef":{"type":"string","value":"_this"},"params":null}]}},{"__type":"onrollover","actions":{"Actions":[{"__type":"exe_actiongroup","id":"ActGrpSetHoverState","scoperef":{"type":"string","value":"_this"},"params":null}]}},{"__type":"onrollout","actions":{"Actions":[{"__type":"exe_actiongroup","id":"ActGrpClearHoverState","scoperef":{"type":"string","value":"_this"},"params":null}]}},{"__type":"onpress","actions":{"Actions":[{"__type":"exe_actiongroup","id":"ActGrpSetDownState","scoperef":{"type":"string","value":"_this"},"params":null}]}},{"__type":"onrelease","actions":{"Actions":[{"__type":"exe_actiongroup","id":"ActGrpUnchecked","scoperef":null,"params":null},{"__type":"adjustvar","variable":"_checked","operator":"set","value":{"type":"boolean","value":true}},{"__type":"adjustvar","variable":"_down","operator":"set","value":{"type":"boolean","value":false}},{"__type":"exe_actiongroup","id":"_player._setstates","scoperef":{"type":"string","value":"_this"},"params":null}]}},{"__type":"onreleaseoutside","actions":{"Actions":[{"__type":"adjustvar","variable":"_down","operator":"set","value":{"type":"boolean","value":false}},{"__type":"exe_actiongroup","id":"_player._setstates","scoperef":{"type":"string","value":"_this"},"params":null}]}}]},{"__type":"vectorshape","rotation":0,"acctype":"radio","cliptobounds":false,"defaultaction":"onrelease","textlib":[{"__type":"textdata","uniqueId":"5pfCwvWxkt5_359203911","id":"01","linkid":"txt__default_5djZ4A7nfdF","type":"vectortext","alttext":null,"lmstext":null,"xpos":0,"ypos":0,"width":0,"height":0,"shadowindex":-1,"vartext":null,"vectortext":{"left":0,"top":0,"right":86,"bottom":34,"alttext":null,"lmstext":null,"pngfb":false,"pr":{"l":"Lib","i":125},"text":null}}],"shapemaskid":"","xpos":24,"ypos":46,"tabindex":3,"tabenabled":true,"xoffset":0,"yoffset":0,"rotatexpos":324,"rotateypos":23,"xscale":100,"yscale":100,"alpha":100,"depth":2,"scrolling":true,"shufflelock":false,"dragdrop":null,"dragpath":null,"dragrotation":null,"data":{"hotlinkid":"","accstate":0,"textdata":null,"imagedata":null,"swfdata":null,"videodata":null,"emfdata":null,"rectdata":null,"vectordata":{"left":-1,"top":-1,"right":648,"bottom":46,"alttext":"Pick 2","lmstext":null,"pngfb":false,"pr":{"l":"Lib","i":3},"text":null},"html5data":{"url":null,"xpos":-1,"ypos":-1,"width":649,"height":47,"strokewidth":0,"mask":null}},"mask":null,"states":[{"__type":"state","name":"_default_Disabled","data":{"hotlinkid":"","accstate":1,"textdata":null,"imagedata":null,"swfdata":null,"videodata":null,"emfdata":null,"rectdata":null,"vectordata":{"left":-1,"top":-1,"right":648,"bottom":46,"alttext":"Pick 2","lmstext":null,"pngfb":false,"pr":{"l":"Lib","i":3},"text":null},"html5data":{"url":null,"xpos":-1,"ypos":-1,"width":649,"height":47,"strokewidth":3,"mask":null}}},{"__type":"state","name":"_default_Down","data":{"hotlinkid":"","accstate":8,"textdata":null,"imagedata":null,"swfdata":null,"videodata":null,"emfdata":null,"rectdata":null,"vectordata":{"left":-1,"top":-1,"right":648,"bottom":46,"alttext":"Pick 2","lmstext":null,"pngfb":false,"pr":{"l":"Lib","i":3},"text":null},"html5data":{"url":null,"xpos":-1,"ypos":-1,"width":649,"height":47,"strokewidth":3,"mask":null}}},{"__type":"state","name":"_default_Selected","data":{"hotlinkid":"","accstate":16,"textdata":null,"imagedata":null,"swfdata":null,"videodata":null,"emfdata":null,"rectdata":null,"vectordata":{"left":-1,"top":-1,"right":648,"bottom":46,"alttext":"Pick 2","lmstext":null,"pngfb":false,"pr":{"l":"Lib","i":4},"text":null},"html5data":{"url":null,"xpos":-1,"ypos":-1,"width":649,"height":47,"strokewidth":3,"mask":null}}},{"__type":"state","name":"_default_Selected_Disabled","data":{"hotlinkid":"","accstate":17,"textdata":null,"imagedata":null,"swfdata":null,"videodata":null,"emfdata":null,"rectdata":null,"vectordata":{"left":-1,"top":-1,"right":648,"bottom":46,"alttext":"Pick 2","lmstext":null,"pngfb":false,"pr":{"l":"Lib","i":4},"text":null},"html5data":{"url":null,"xpos":-1,"ypos":-1,"width":649,"height":47,"strokewidth":3,"mask":null}}},{"__type":"state","name":"_default_Down_Selected","data":{"hotlinkid":"","accstate":24,"textdata":null,"imagedata":null,"swfdata":null,"videodata":null,"emfdata":null,"rectdata":null,"vectordata":{"left":-1,"top":-1,"right":648,"bottom":46,"alttext":"Pick 2","lmstext":null,"pngfb":false,"pr":{"l":"Lib","i":4},"text":null},"html5data":{"url":null,"xpos":-1,"ypos":-1,"width":649,"height":47,"strokewidth":3,"mask":null}}},{"__type":"state","name":"_default_Hover","data":{"hotlinkid":"","accstate":0,"textdata":null,"imagedata":null,"swfdata":null,"videodata":null,"emfdata":null,"rectdata":null,"vectordata":{"left":-1,"top":-1,"right":648,"bottom":46,"alttext":"Pick 2","lmstext":null,"pngfb":false,"pr":{"l":"Lib","i":5},"text":null},"html5data":{"url":null,"xpos":-1,"ypos":-1,"width":649,"height":47,"strokewidth":3,"mask":null}}},{"__type":"state","name":"_default_Hover_Disabled","data":{"hotlinkid":"","accstate":1,"textdata":null,"imagedata":null,"swfdata":null,"videodata":null,"emfdata":null,"rectdata":null,"vectordata":{"left":-1,"top":-1,"right":648,"bottom":46,"alttext":"Pick 2","lmstext":null,"pngfb":false,"pr":{"l":"Lib","i":5},"text":null},"html5data":{"url":null,"xpos":-1,"ypos":-1,"width":649,"height":47,"strokewidth":3,"mask":null}}},{"__type":"state","name":"_default_Hover_Down","data":{"hotlinkid":"","accstate":8,"textdata":null,"imagedata":null,"swfdata":null,"videodata":null,"emfdata":null,"rectdata":null,"vectordata":{"left":-1,"top":-1,"right":648,"bottom":46,"alttext":"Pick 2","lmstext":null,"pngfb":false,"pr":{"l":"Lib","i":5},"text":null},"html5data":{"url":null,"xpos":-1,"ypos":-1,"width":649,"height":47,"strokewidth":3,"mask":null}}},{"__type":"state","name":"_default_Hover_Selected","data":{"hotlinkid":"","accstate":16,"textdata":null,"imagedata":null,"swfdata":null,"videodata":null,"emfdata":null,"rectdata":null,"vectordata":{"left":-1,"top":-1,"right":648,"bottom":46,"alttext":"Pick 2","lmstext":null,"pngfb":false,"pr":{"l":"Lib","i":6},"text":null},"html5data":{"url":null,"xpos":-1,"ypos":-1,"width":649,"height":47,"strokewidth":3,"mask":null}}},{"__type":"state","name":"_default_Hover_Selected_Disabled","data":{"hotlinkid":"","accstate":17,"textdata":null,"imagedata":null,"swfdata":null,"videodata":null,"emfdata":null,"rectdata":null,"vectordata":{"left":-1,"top":-1,"right":648,"bottom":46,"alttext":"Pick 2","lmstext":null,"pngfb":false,"pr":{"l":"Lib","i":6},"text":null},"html5data":{"url":null,"xpos":-1,"ypos":-1,"width":649,"height":47,"strokewidth":3,"mask":null}}},{"__type":"state","name":"_default_Hover_Down_Selected","data":{"hotlinkid":"","accstate":24,"textdata":null,"imagedata":null,"swfdata":null,"videodata":null,"emfdata":null,"rectdata":null,"vectordata":{"left":-1,"top":-1,"right":648,"bottom":46,"alttext":"Pick 2","lmstext":null,"pngfb":false,"pr":{"l":"Lib","i":6},"text":null},"html5data":{"url":null,"xpos":-1,"ypos":-1,"width":649,"height":47,"strokewidth":3,"mask":null}}}],"markerType":null,"width":648,"height":46,"resume":true,"usehandcursor":true,"background":null,"id":"5djZ4A7nfdF","variables":[{"__type":"variable","name":"_hover","type":"boolean","value":false,"resume":true},{"__type":"variable","name":"_down","type":"boolean","value":false,"resume":true},{"__type":"variable","name":"_disabled","type":"boolean","value":false,"resume":true},{"__type":"variable","name":"_checked","type":"boolean","value":false,"resume":true},{"__type":"variable","name":"_state","type":"string","value":"_default","resume":true},{"__type":"variable","name":"_stateName","type":"string","value":"","resume":true},{"__type":"variable","name":"_tempStateName","type":"string","value":"","resume":false}],"actiongroups":[{"__type":"actiongroup","id":"ActGrpSetCheckedState","actions":{"Actions":[{"__type":"adjustvar","variable":"_checked","operator":"set","value":{"type":"boolean","value":true}},{"__type":"exe_actiongroup","id":"_player._setstates","scoperef":{"type":"string","value":"_this"},"params":null},{"__type":"exe_actiongroup","id":"ActGrpUnchecked","scoperef":null,"params":null}]}},{"__type":"actiongroup","id":"ActGrpUnchecked","actions":{"Actions":[{"__type":"if_action","condition":{"Statement":{"__type":"compare","operator":"eq","valuea":"_parent.66fjVuWAJTr._checked","typea":"var","valueb":true,"typeb":"boolean"}},"then_actions":{"Actions":[{"__type":"adjustvar","variable":"_parent.66fjVuWAJTr._checked","operator":"set","value":{"type":"boolean","value":false}},{"__type":"exe_actiongroup","id":"_player._setstates","scoperef":{"type":"string","value":"_parent.66fjVuWAJTr"},"params":null}]},"else_actions":null},{"__type":"if_action","condition":{"Statement":{"__type":"compare","operator":"eq","valuea":"_parent.5WopINznaTW._checked","typea":"var","valueb":true,"typeb":"boolean"}},"then_actions":{"Actions":[{"__type":"adjustvar","variable":"_parent.5WopINznaTW._checked","operator":"set","value":{"type":"boolean","value":false}},{"__type":"exe_actiongroup","id":"_player._setstates","scoperef":{"type":"string","value":"_parent.5WopINznaTW"},"params":null}]},"else_actions":null}]}},{"__type":"actiongroup","id":"ActGrpSetHoverState","actions":{"Actions":[{"__type":"adjustvar","variable":"_hover","operator":"set","value":{"type":"boolean","value":true}},{"__type":"exe_actiongroup","id":"_player._setstates","scoperef":{"type":"string","value":"_this"},"params":null}]}},{"__type":"actiongroup","id":"ActGrpClearHoverState","actions":{"Actions":[{"__type":"adjustvar","variable":"_hover","operator":"set","value":{"type":"boolean","value":false}},{"__type":"exe_actiongroup","id":"_player._setstates","scoperef":{"type":"string","value":"_this"},"params":null}]}},{"__type":"actiongroup","id":"ActGrpSetDisabledState","actions":{"Actions":[{"__type":"adjustvar","variable":"_disabled","operator":"set","value":{"type":"boolean","value":true}},{"__type":"exe_actiongroup","id":"_player._setstates","scoperef":{"type":"string","value":"_this"},"params":null}]}},{"__type":"actiongroup","id":"ActGrpSetDownState","actions":{"Actions":[{"__type":"adjustvar","variable":"_down","operator":"set","value":{"type":"boolean","value":true}},{"__type":"exe_actiongroup","id":"_player._setstates","scoperef":{"type":"string","value":"_this"},"params":null}]}},{"__type":"actiongroup","id":"ActGrpClearStateVars","actions":{"Actions":[{"__type":"adjustvar","variable":"_hover","operator":"set","value":{"type":"boolean","value":false}},{"__type":"adjustvar","variable":"_down","operator":"set","value":{"type":"boolean","value":false}},{"__type":"adjustvar","variable":"_disabled","operator":"set","value":{"type":"boolean","value":false}},{"__type":"adjustvar","variable":"_checked","operator":"set","value":{"type":"boolean","value":false}}]}}],"events":[{"__type":"ontransitionin","actions":{"Actions":[{"__type":"exe_actiongroup","id":"_player._setstates","scoperef":{"type":"string","value":"_this"},"params":null}]}},{"__type":"onrollover","actions":{"Actions":[{"__type":"exe_actiongroup","id":"ActGrpSetHoverState","scoperef":{"type":"string","value":"_this"},"params":null}]}},{"__type":"onrollout","actions":{"Actions":[{"__type":"exe_actiongroup","id":"ActGrpClearHoverState","scoperef":{"type":"string","value":"_this"},"params":null}]}},{"__type":"onpress","actions":{"Actions":[{"__type":"exe_actiongroup","id":"ActGrpSetDownState","scoperef":{"type":"string","value":"_this"},"params":null}]}},{"__type":"onrelease","actions":{"Actions":[{"__type":"exe_actiongroup","id":"ActGrpUnchecked","scoperef":null,"params":null},{"__type":"adjustvar","variable":"_checked","operator":"set","value":{"type":"boolean","value":true}},{"__type":"adjustvar","variable":"_down","operator":"set","value":{"type":"boolean","value":false}},{"__type":"exe_actiongroup","id":"_player._setstates","scoperef":{"type":"string","value":"_this"},"params":null}]}},{"__type":"onreleaseoutside","actions":{"Actions":[{"__type":"adjustvar","variable":"_down","operator":"set","value":{"type":"boolean","value":false}},{"__type":"exe_actiongroup","id":"_player._setstates","scoperef":{"type":"string","value":"_this"},"params":null}]}}]},{"__type":"vectorshape","rotation":0,"acctype":"radio","cliptobounds":false,"defaultaction":"onrelease","textlib":[{"__type":"textdata","uniqueId":"5i9TKfUqr6A_190233340","id":"01","linkid":"txt__default_66fjVuWAJTr","type":"vectortext","alttext":null,"lmstext":null,"xpos":0,"ypos":0,"width":0,"height":0,"shadowindex":-1,"vartext":null,"vectortext":{"left":0,"top":0,"right":86,"bottom":34,"alttext":null,"lmstext":null,"pngfb":false,"pr":{"l":"Lib","i":126},"text":null}}],"shapemaskid":"","xpos":24,"ypos":0,"tabindex":2,"tabenabled":true,"xoffset":0,"yoffset":0,"rotatexpos":324,"rotateypos":23,"xscale":100,"yscale":100,"alpha":100,"depth":3,"scrolling":true,"shufflelock":false,"dragdrop":null,"dragpath":null,"dragrotation":null,"data":{"hotlinkid":"","accstate":0,"textdata":null,"imagedata":null,"swfdata":null,"videodata":null,"emfdata":null,"rectdata":null,"vectordata":{"left":-1,"top":-1,"right":648,"bottom":46,"alttext":"Pick 1","lmstext":null,"pngfb":false,"pr":{"l":"Lib","i":3},"text":null},"html5data":{"url":null,"xpos":-1,"ypos":-1,"width":649,"height":47,"strokewidth":0,"mask":null}},"mask":null,"states":[{"__type":"state","name":"_default_Disabled","data":{"hotlinkid":"","accstate":1,"textdata":null,"imagedata":null,"swfdata":null,"videodata":null,"emfdata":null,"rectdata":null,"vectordata":{"left":-1,"top":-1,"right":648,"bottom":46,"alttext":"Pick 1","lmstext":null,"pngfb":false,"pr":{"l":"Lib","i":3},"text":null},"html5data":{"url":null,"xpos":-1,"ypos":-1,"width":649,"height":47,"strokewidth":3,"mask":null}}},{"__type":"state","name":"_default_Down","data":{"hotlinkid":"","accstate":8,"textdata":null,"imagedata":null,"swfdata":null,"videodata":null,"emfdata":null,"rectdata":null,"vectordata":{"left":-1,"top":-1,"right":648,"bottom":46,"alttext":"Pick 1","lmstext":null,"pngfb":false,"pr":{"l":"Lib","i":3},"text":null},"html5data":{"url":null,"xpos":-1,"ypos":-1,"width":649,"height":47,"strokewidth":3,"mask":null}}},{"__type":"state","name":"_default_Selected","data":{"hotlinkid":"","accstate":16,"textdata":null,"imagedata":null,"swfdata":null,"videodata":null,"emfdata":null,"rectdata":null,"vectordata":{"left":-1,"top":-1,"right":648,"bottom":46,"alttext":"Pick 1","lmstext":null,"pngfb":false,"pr":{"l":"Lib","i":4},"text":null},"html5data":{"url":null,"xpos":-1,"ypos":-1,"width":649,"height":47,"strokewidth":3,"mask":null}}},{"__type":"state","name":"_default_Selected_Disabled","data":{"hotlinkid":"","accstate":17,"textdata":null,"imagedata":null,"swfdata":null,"videodata":null,"emfdata":null,"rectdata":null,"vectordata":{"left":-1,"top":-1,"right":648,"bottom":46,"alttext":"Pick 1","lmstext":null,"pngfb":false,"pr":{"l":"Lib","i":4},"text":null},"html5data":{"url":null,"xpos":-1,"ypos":-1,"width":649,"height":47,"strokewidth":3,"mask":null}}},{"__type":"state","name":"_default_Down_Selected","data":{"hotlinkid":"","accstate":24,"textdata":null,"imagedata":null,"swfdata":null,"videodata":null,"emfdata":null,"rectdata":null,"vectordata":{"left":-1,"top":-1,"right":648,"bottom":46,"alttext":"Pick 1","lmstext":null,"pngfb":false,"pr":{"l":"Lib","i":4},"text":null},"html5data":{"url":null,"xpos":-1,"ypos":-1,"width":649,"height":47,"strokewidth":3,"mask":null}}},{"__type":"state","name":"_default_Hover","data":{"hotlinkid":"","accstate":0,"textdata":null,"imagedata":null,"swfdata":null,"videodata":null,"emfdata":null,"rectdata":null,"vectordata":{"left":-1,"top":-1,"right":648,"bottom":46,"alttext":"Pick 1","lmstext":null,"pngfb":false,"pr":{"l":"Lib","i":5},"text":null},"html5data":{"url":null,"xpos":-1,"ypos":-1,"width":649,"height":47,"strokewidth":3,"mask":null}}},{"__type":"state","name":"_default_Hover_Disabled","data":{"hotlinkid":"","accstate":1,"textdata":null,"imagedata":null,"swfdata":null,"videodata":null,"emfdata":null,"rectdata":null,"vectordata":{"left":-1,"top":-1,"right":648,"bottom":46,"alttext":"Pick 1","lmstext":null,"pngfb":false,"pr":{"l":"Lib","i":5},"text":null},"html5data":{"url":null,"xpos":-1,"ypos":-1,"width":649,"height":47,"strokewidth":3,"mask":null}}},{"__type":"state","name":"_default_Hover_Down","data":{"hotlinkid":"","accstate":8,"textdata":null,"imagedata":null,"swfdata":null,"videodata":null,"emfdata":null,"rectdata":null,"vectordata":{"left":-1,"top":-1,"right":648,"bottom":46,"alttext":"Pick 1","lmstext":null,"pngfb":false,"pr":{"l":"Lib","i":5},"text":null},"html5data":{"url":null,"xpos":-1,"ypos":-1,"width":649,"height":47,"strokewidth":3,"mask":null}}},{"__type":"state","name":"_default_Hover_Selected","data":{"hotlinkid":"","accstate":16,"textdata":null,"imagedata":null,"swfdata":null,"videodata":null,"emfdata":null,"rectdata":null,"vectordata":{"left":-1,"top":-1,"right":648,"bottom":46,"alttext":"Pick 1","lmstext":null,"pngfb":false,"pr":{"l":"Lib","i":6},"text":null},"html5data":{"url":null,"xpos":-1,"ypos":-1,"width":649,"height":47,"strokewidth":3,"mask":null}}},{"__type":"state","name":"_default_Hover_Selected_Disabled","data":{"hotlinkid":"","accstate":17,"textdata":null,"imagedata":null,"swfdata":null,"videodata":null,"emfdata":null,"rectdata":null,"vectordata":{"left":-1,"top":-1,"right":648,"bottom":46,"alttext":"Pick 1","lmstext":null,"pngfb":false,"pr":{"l":"Lib","i":6},"text":null},"html5data":{"url":null,"xpos":-1,"ypos":-1,"width":649,"height":47,"strokewidth":3,"mask":null}}},{"__type":"state","name":"_default_Hover_Down_Selected","data":{"hotlinkid":"","accstate":24,"textdata":null,"imagedata":null,"swfdata":null,"videodata":null,"emfdata":null,"rectdata":null,"vectordata":{"left":-1,"top":-1,"right":648,"bottom":46,"alttext":"Pick 1","lmstext":null,"pngfb":false,"pr":{"l":"Lib","i":6},"text":null},"html5data":{"url":null,"xpos":-1,"ypos":-1,"width":649,"height":47,"strokewidth":3,"mask":null}}}],"markerType":null,"width":648,"height":46,"resume":true,"usehandcursor":true,"background":null,"id":"66fjVuWAJTr","variables":[{"__type":"variable","name":"_hover","type":"boolean","value":false,"resume":true},{"__type":"variable","name":"_down","type":"boolean","value":false,"resume":true},{"__type":"variable","name":"_disabled","type":"boolean","value":false,"resume":true},{"__type":"variable","name":"_checked","type":"boolean","value":false,"resume":true},{"__type":"variable","name":"_state","type":"string","value":"_default","resume":true},{"__type":"variable","name":"_stateName","type":"string","value":"","resume":true},{"__type":"variable","name":"_tempStateName","type":"string","value":"","resume":false}],"actiongroups":[{"__type":"actiongroup","id":"ActGrpSetCheckedState","actions":{"Actions":[{"__type":"adjustvar","variable":"_checked","operator":"set","value":{"type":"boolean","value":true}},{"__type":"exe_actiongroup","id":"_player._setstates","scoperef":{"type":"string","value":"_this"},"params":null},{"__type":"exe_actiongroup","id":"ActGrpUnchecked","scoperef":null,"params":null}]}},{"__type":"actiongroup","id":"ActGrpUnchecked","actions":{"Actions":[{"__type":"if_action","condition":{"Statement":{"__type":"compare","operator":"eq","valuea":"_parent.5djZ4A7nfdF._checked","typea":"var","valueb":true,"typeb":"boolean"}},"then_actions":{"Actions":[{"__type":"adjustvar","variable":"_parent.5djZ4A7nfdF._checked","operator":"set","value":{"type":"boolean","value":false}},{"__type":"exe_actiongroup","id":"_player._setstates","scoperef":{"type":"string","value":"_parent.5djZ4A7nfdF"},"params":null}]},"else_actions":null},{"__type":"if_action","condition":{"Statement":{"__type":"compare","operator":"eq","valuea":"_parent.5WopINznaTW._checked","typea":"var","valueb":true,"typeb":"boolean"}},"then_actions":{"Actions":[{"__type":"adjustvar","variable":"_parent.5WopINznaTW._checked","operator":"set","value":{"type":"boolean","value":false}},{"__type":"exe_actiongroup","id":"_player._setstates","scoperef":{"type":"string","value":"_parent.5WopINznaTW"},"params":null}]},"else_actions":null}]}},{"__type":"actiongroup","id":"ActGrpSetHoverState","actions":{"Actions":[{"__type":"adjustvar","variable":"_hover","operator":"set","value":{"type":"boolean","value":true}},{"__type":"exe_actiongroup","id":"_player._setstates","scoperef":{"type":"string","value":"_this"},"params":null}]}},{"__type":"actiongroup","id":"ActGrpClearHoverState","actions":{"Actions":[{"__type":"adjustvar","variable":"_hover","operator":"set","value":{"type":"boolean","value":false}},{"__type":"exe_actiongroup","id":"_player._setstates","scoperef":{"type":"string","value":"_this"},"params":null}]}},{"__type":"actiongroup","id":"ActGrpSetDisabledState","actions":{"Actions":[{"__type":"adjustvar","variable":"_disabled","operator":"set","value":{"type":"boolean","value":true}},{"__type":"exe_actiongroup","id":"_player._setstates","scoperef":{"type":"string","value":"_this"},"params":null}]}},{"__type":"actiongroup","id":"ActGrpSetDownState","actions":{"Actions":[{"__type":"adjustvar","variable":"_down","operator":"set","value":{"type":"boolean","value":true}},{"__type":"exe_actiongroup","id":"_player._setstates","scoperef":{"type":"string","value":"_this"},"params":null}]}},{"__type":"actiongroup","id":"ActGrpClearStateVars","actions":{"Actions":[{"__type":"adjustvar","variable":"_hover","operator":"set","value":{"type":"boolean","value":false}},{"__type":"adjustvar","variable":"_down","operator":"set","value":{"type":"boolean","value":false}},{"__type":"adjustvar","variable":"_disabled","operator":"set","value":{"type":"boolean","value":false}},{"__type":"adjustvar","variable":"_checked","operator":"set","value":{"type":"boolean","value":false}}]}}],"events":[{"__type":"ontransitionin","actions":{"Actions":[{"__type":"exe_actiongroup","id":"_player._setstates","scoperef":{"type":"string","value":"_this"},"params":null}]}},{"__type":"onrollover","actions":{"Actions":[{"__type":"exe_actiongroup","id":"ActGrpSetHoverState","scoperef":{"type":"string","value":"_this"},"params":null}]}},{"__type":"onrollout","actions":{"Actions":[{"__type":"exe_actiongroup","id":"ActGrpClearHoverState","scoperef":{"type":"string","value":"_this"},"params":null}]}},{"__type":"onpress","actions":{"Actions":[{"__type":"exe_actiongroup","id":"ActGrpSetDownState","scoperef":{"type":"string","value":"_this"},"params":null}]}},{"__type":"onrelease","actions":{"Actions":[{"__type":"exe_actiongroup","id":"ActGrpUnchecked","scoperef":null,"params":null},{"__type":"adjustvar","variable":"_checked","operator":"set","value":{"type":"boolean","value":true}},{"__type":"adjustvar","variable":"_down","operator":"set","value":{"type":"boolean","value":false}},{"__type":"exe_actiongroup","id":"_player._setstates","scoperef":{"type":"string","value":"_this"},"params":null}]}},{"__type":"onreleaseoutside","actions":{"Actions":[{"__type":"adjustvar","variable":"_down","operator":"set","value":{"type":"boolean","value":false}},{"__type":"exe_actiongroup","id":"_player._setstates","scoperef":{"type":"string","value":"_this"},"params":null}]}}]}]},"shuffle":true,"shapemaskid":"","xpos":0,"ypos":0,"tabindex":-1,"tabenabled":true,"xoffset":0,"yoffset":0,"rotatexpos":0,"rotateypos":0,"xscale":100,"yscale":100,"alpha":100,"rotation":0,"depth":1,"scrolling":true,"shufflelock":false,"dragdrop":null,"dragpath":null,"dragrotation":null,"data":null,"mask":null,"markerType":null,"width":0,"height":0,"resume":true,"usehandcursor":true,"background":null,"id":""}]},"shapemaskid":"","xpos":12,"ypos":80,"tabindex":1,"tabenabled":false,"xoffset":0,"yoffset":0,"rotatexpos":324,"rotateypos":211,"xscale":100,"yscale":100,"alpha":100,"rotation":0,"depth":1,"scrolling":true,"shufflelock":false,"dragdrop":null,"dragpath":null,"dragrotation":null,"data":{"hotlinkid":"","accstate":0,"textdata":null,"imagedata":null,"swfdata":null,"videodata":null,"emfdata":null,"rectdata":null,"vectordata":null,"html5data":{"url":"","xpos":36,"ypos":80,"width":648,"height":422,"strokewidth":0,"mask":null}},"mask":null,"markerType":null,"width":672,"height":422,"resume":true,"usehandcursor":true,"background":{"type":"vector","fill":null,"imagedata":null,"emfdata":null,"vectordata":{"left":0,"top":0,"right":672,"bottom":422,"alttext":"Pick One","lmstext":null,"pngfb":false,"pr":{"l":"Lib","i":2},"text":null}},"id":"5mFwhrlXirM"},{"__type":"vectorshape","rotation":0,"acctype":"text","cliptobounds":false,"defaultaction":"","textlib":[{"__type":"textdata","uniqueId":"5nZ3Fgl0hE9_-935047581","id":"01","linkid":"txt__default_5nZ3Fgl0hE9","type":"vectortext","alttext":null,"lmstext":null,"xpos":0,"ypos":0,"width":0,"height":0,"shadowindex":-1,"vartext":null,"vectortext":{"left":0,"top":0,"right":110,"bottom":39,"alttext":null,"lmstext":null,"pngfb":false,"pr":{"l":"Lib","i":127},"text":null}}],"shapemaskid":"","xpos":36,"ypos":22,"tabindex":0,"tabenabled":true,"xoffset":0,"yoffset":0,"rotatexpos":324,"rotateypos":22,"xscale":100,"yscale":100,"alpha":100,"depth":2,"scrolling":true,"shufflelock":false,"dragdrop":null,"dragpath":null,"dragrotation":null,"data":{"hotlinkid":"","accstate":0,"textdata":null,"imagedata":null,"swfdata":null,"videodata":null,"emfdata":null,"rectdata":null,"vectordata":{"left":0,"top":0,"right":648,"bottom":44,"alttext":"Pick One","lmstext":null,"pngfb":false,"pr":{"l":"Lib","i":11},"text":null},"html5data":{"url":null,"xpos":-1,"ypos":-1,"width":649,"height":45,"strokewidth":0,"mask":null}},"mask":null,"markerType":null,"width":648,"height":44,"resume":true,"usehandcursor":true,"background":null,"id":"5nZ3Fgl0hE9"},{"__type":"vectorshape","rotation":0,"acctype":"text","cliptobounds":false,"defaultaction":"","textlib":[{"__type":"textdata","uniqueId":"5mFwhrlXirM_CorrectReview","id":"01","linkid":"5mFwhrlXirM_CorrectReview","type":"vectortext","alttext":null,"lmstext":null,"xpos":0,"ypos":0,"width":0,"height":0,"shadowindex":-1,"vartext":null,"vectortext":{"left":0,"top":0,"right":400,"bottom":37,"alttext":null,"lmstext":null,"pngfb":false,"pr":{"l":"Lib","i":14},"text":null}}],"shapemaskid":"","xpos":0,"ypos":500,"tabindex":5,"tabenabled":true,"xoffset":0,"yoffset":0,"rotatexpos":360,"rotateypos":20,"xscale":100,"yscale":100,"alpha":100,"depth":3,"scrolling":true,"shufflelock":false,"dragdrop":null,"dragpath":null,"dragrotation":null,"data":{"hotlinkid":"","accstate":0,"textdata":null,"imagedata":null,"swfdata":null,"videodata":null,"emfdata":null,"rectdata":null,"vectordata":{"left":-1,"top":-1,"right":720,"bottom":40,"alttext":"Correct","lmstext":null,"pngfb":false,"pr":{"l":"Lib","i":13},"text":null},"html5data":{"url":null,"xpos":1,"ypos":1,"width":717,"height":37,"strokewidth":2,"mask":null}},"mask":null,"markerType":null,"width":720,"height":40,"resume":false,"usehandcursor":true,"background":null,"id":"5mFwhrlXirM_CorrectReview","events":[{"__type":"onrelease","actions":{"Actions":[{"__type":"hide","transition":"appear","objref":{"type":"string","value":"_this"}}]}}]},{"__type":"vectorshape","rotation":0,"acctype":"text","cliptobounds":false,"defaultaction":"","textlib":[{"__type":"textdata","uniqueId":"5mFwhrlXirM_IncorrectReview","id":"01","linkid":"5mFwhrlXirM_IncorrectReview","type":"vectortext","alttext":null,"lmstext":null,"xpos":0,"ypos":0,"width":0,"height":0,"shadowindex":-1,"vartext":null,"vectortext":{"left":0,"top":0,"right":409,"bottom":37,"alttext":null,"lmstext":null,"pngfb":false,"pr":{"l":"Lib","i":16},"text":null}}],"shapemaskid":"","xpos":0,"ypos":500,"tabindex":6,"tabenabled":true,"xoffset":0,"yoffset":0,"rotatexpos":360,"rotateypos":20,"xscale":100,"yscale":100,"alpha":100,"depth":4,"scrolling":true,"shufflelock":false,"dragdrop":null,"dragpath":null,"dragrotation":null,"data":{"hotlinkid":"","accstate":0,"textdata":null,"imagedata":null,"swfdata":null,"videodata":null,"emfdata":null,"rectdata":null,"vectordata":{"left":-1,"top":-1,"right":720,"bottom":40,"alttext":"Incorrect","lmstext":null,"pngfb":false,"pr":{"l":"Lib","i":15},"text":null},"html5data":{"url":null,"xpos":1,"ypos":1,"width":717,"height":37,"strokewidth":2,"mask":null}},"mask":null,"markerType":null,"width":720,"height":40,"resume":false,"usehandcursor":true,"background":null,"id":"5mFwhrlXirM_IncorrectReview","events":[{"__type":"onrelease","actions":{"Actions":[{"__type":"hide","transition":"appear","objref":{"type":"string","value":"_this"}}]}}]}]},"starttime":-1,"elapsedtimemode":"normal","width":720,"height":540,"resume":true,"usehandcursor":false,"background":{"type":"fill","fill":{"type":"linear","rotation":90,"colors":[{"__type":"color","rgb":"0xFFFFFF","alpha":100,"stop":0}]},"imagedata":null,"emfdata":null,"vectordata":null},"id":"5m04BTivyoR","actiongroups":[{"__type":"actiongroup","id":"ActGrpOnSubmitButtonClick","actions":{"Actions":[{"__type":"if_action","condition":{"Statement":{"__type":"or","Statements":[{"__type":"compare","operator":"eq","valuea":"5mFwhrlXirM.66fjVuWAJTr._checked","typea":"var","valueb":true,"typeb":"boolean"},{"__type":"compare","operator":"eq","valuea":"5mFwhrlXirM.5djZ4A7nfdF._checked","typea":"var","valueb":true,"typeb":"boolean"},{"__type":"compare","operator":"eq","valuea":"5mFwhrlXirM.5WopINznaTW._checked","typea":"var","valueb":true,"typeb":"boolean"}]}},"then_actions":{"Actions":[{"__type":"eval_interaction","id":"_this.5fpbv6n5bSz"}]},"else_actions":{"Actions":[{"__type":"gotoplay","window":"MessageWnd","wndtype":"normal","objref":{"type":"string","value":"_player.MsgScene_5Zxg3fY3Nhm.InvalidPromptSlide"}}]}}]}},{"__type":"actiongroup","id":"ReviewInt_5mFwhrlXirM","actions":{"Actions":[{"__type":"set_enabled","objref":{"type":"string","value":"5mFwhrlXirM.66fjVuWAJTr"},"enabled":{"type":"boolean","value":false}},{"__type":"set_enabled","objref":{"type":"string","value":"5mFwhrlXirM.5djZ4A7nfdF"},"enabled":{"type":"boolean","value":false}},{"__type":"set_enabled","objref":{"type":"string","value":"5mFwhrlXirM.5WopINznaTW"},"enabled":{"type":"boolean","value":false}},{"__type":"if_action","condition":{"Statement":{"__type":"compare","operator":"eq","valuea":"_player.CurrentQuiz_5mFwhrlXirM","typea":"var","valueb":"5WfhuQ3hw1Y","typeb":"string"}},"then_actions":{"Actions":[{"__type":"exe_actiongroup","id":"SetLayout_pxabnsnfns00001100101","scoperef":null,"params":null},{"__type":"if_action","condition":{"Statement":{"__type":"compare","operator":"eq","valuea":"_player.5WfhuQ3hw1Y.Passed","typea":"property","valueb":true,"typeb":"boolean"}},"then_actions":{"Actions":[{"__type":"exe_actiongroup","id":"ReviewIntCorrectIncorrect_5mFwhrlXirM","scoperef":null,"params":null}]},"else_actions":null},{"__type":"if_action","condition":{"Statement":{"__type":"compare","operator":"eq","valuea":"_player.5WfhuQ3hw1Y.Passed","typea":"property","valueb":false,"typeb":"boolean"}},"then_actions":{"Actions":[{"__type":"exe_actiongroup","id":"ReviewIntCorrectIncorrect_5mFwhrlXirM","scoperef":null,"params":null}]},"else_actions":null}]},"else_actions":null}]}},{"__type":"actiongroup","id":"ReviewIntCorrectIncorrect_5mFwhrlXirM","actions":{"Actions":[{"__type":"set_enabled","objref":{"type":"string","value":"5mFwhrlXirM.66fjVuWAJTr"},"enabled":{"type":"boolean","value":false}},{"__type":"set_enabled","objref":{"type":"string","value":"5mFwhrlXirM.5djZ4A7nfdF"},"enabled":{"type":"boolean","value":false}},{"__type":"set_enabled","objref":{"type":"string","value":"5mFwhrlXirM.5WopINznaTW"},"enabled":{"type":"boolean","value":false}}]}},{"__type":"actiongroup","id":"AnsweredInt_5mFwhrlXirM","actions":{"Actions":[{"__type":"exe_actiongroup","id":"DisableChoices_5mFwhrlXirM","scoperef":null,"params":null},{"__type":"if_action","condition":{"Statement":{"__type":"compare","operator":"eq","valuea":"WindowId","typea":"property","valueb":"_frame","typeb":"string"}},"then_actions":{"Actions":[{"__type":"set_frame_layout","name":"pxabnsnfns00001100101"}]},"else_actions":{"Actions":[{"__type":"set_window_control_layout","name":"pxabnsnfns00001100101"}]}}]}},{"__type":"actiongroup","id":"DisableChoices_5mFwhrlXirM","actions":{"Actions":[{"__type":"exe_actiongroup","id":"5mFwhrlXirM.66fjVuWAJTr.ActGrpSetDisabledState","scoperef":null,"params":null},{"__type":"exe_actiongroup","id":"5mFwhrlXirM.5djZ4A7nfdF.ActGrpSetDisabledState","scoperef":null,"params":null},{"__type":"exe_actiongroup","id":"5mFwhrlXirM.5WopINznaTW.ActGrpSetDisabledState","scoperef":null,"params":null}]}},{"__type":"actiongroup","id":"5mFwhrlXirM_CheckAnswered","actions":{"Actions":[{"__type":"if_action","condition":{"Statement":{"__type":"compare","operator":"gte","valuea":"5fpbv6n5bSz.AttemptCount","typea":"property","valueb":1,"typeb":"number"}},"then_actions":{"Actions":[{"__type":"exe_actiongroup","id":"AnsweredInt_5mFwhrlXirM","scoperef":null,"params":null}]},"else_actions":null}]}},{"__type":"actiongroup","id":"SetLayout_pxabnsnfns00001100101","actions":{"Actions":[{"__type":"if_action","condition":{"Statement":{"__type":"compare","operator":"eq","valuea":"WindowId","typea":"property","valueb":"_frame","typeb":"string"}},"then_actions":{"Actions":[{"__type":"set_frame_layout","name":"pxabnsnfns00001100101"}]},"else_actions":{"Actions":[{"__type":"set_window_control_layout","name":"pxabnsnfns00001100101"}]}}]}},{"__type":"actiongroup","id":"NavigationRestrictionNextSlide_5m04BTivyoR","actions":{"Actions":[{"__type":"gotoplay","window":"_current","wndtype":"normal","objref":{"type":"string","value":"_parent.6hZKMM9rU4Y"}}]}},{"__type":"actiongroup","id":"NavigationRestrictionPreviousSlide_5m04BTivyoR","actions":{"Actions":[{"__type":"history_prev"}]}}],"events":[{"__type":"onbeforeslidein","actions":{"Actions":[{"__type":"if_action","condition":{"Statement":{"__type":"compare","operator":"eq","valuea":"WindowId","typea":"property","valueb":"_frame","typeb":"string"}},"then_actions":{"Actions":[{"__type":"set_frame_layout","name":"npnxnanbsnfns00001100101"}]},"else_actions":{"Actions":[{"__type":"set_window_control_layout","name":"npnxnanbsnfns00001100101"}]}}]}},{"__type":"onsubmitslide","actions":{"Actions":[{"__type":"exe_actiongroup","id":"ActGrpOnSubmitButtonClick","scoperef":null,"params":null}]}},{"__type":"ontransitionin","actions":{"Actions":[{"__type":"adjustvar","variable":"_player.LastSlideViewed_5Zxg3fY3Nhm","operator":"set","value":{"type":"string","value":"_player."}},{"__type":"adjustvar","variable":"_player.LastSlideViewed_5Zxg3fY3Nhm","operator":"add","value":{"type":"property","value":"AbsoluteId"}},{"__type":"if_action","condition":{"Statement":{"__type":"compare","operator":"eq","valuea":"_player.ReviewMode_5mFwhrlXirM","typea":"var","valueb":true,"typeb":"boolean"}},"then_actions":{"Actions":[{"__type":"exe_actiongroup","id":"ReviewInt_5mFwhrlXirM","scoperef":null,"params":null}]},"else_actions":{"Actions":[{"__type":"exe_actiongroup","id":"5mFwhrlXirM_CheckAnswered","scoperef":null,"params":null}]}}]}},{"__type":"onnextslide","actions":{"Actions":[{"__type":"if_action","condition":{"Statement":{"__type":"compare","operator":"eq","valuea":"_player.ReviewMode_5mFwhrlXirM","typea":"var","valueb":true,"typeb":"boolean"}},"then_actions":{"Actions":[{"__type":"if_action","condition":{"Statement":{"__type":"compare","operator":"eq","valuea":"_player.CurrentQuiz_5mFwhrlXirM","typea":"var","valueb":"5WfhuQ3hw1Y","typeb":"string"}},"then_actions":{"Actions":[{"__type":"nextviewedslide","quizref":{"type":"string","value":"_player.5WfhuQ3hw1Y"},"completed_slide_ref":{"type":"string","value":"_player.6RoriILyZrf.6Am9SBi3ums"}}]},"else_actions":{"Actions":[{"__type":"debug_trace","message":"WARNING: question is in review mode, but not for any quiz that it\u0027s a part of"}]}}]},"else_actions":{"Actions":[{"__type":"exe_actiongroup","id":"NavigationRestrictionNextSlide_5m04BTivyoR","scoperef":null,"params":null}]}}]}},{"__type":"onprevslide","actions":{"Actions":[{"__type":"exe_actiongroup","id":"NavigationRestrictionPreviousSlide_5m04BTivyoR","scoperef":null,"params":null}]}}]}
