{"dataurl":"story_content/slides/5nZ64RoIqZx.swf","iosurl":null,"html5url":null,"title":"Seq Drag and Drop – Correct = Drop1, 2, 3 in order","trackviews":true,"showmenuresulticon":false,"viewgroupid":"","historygroupid":"","videozoom":"","scrolling":false,"transition":"appear","transduration":0,"transdir":1,"wipetrans":false,"slidelock":false,"navindex":-1,"globalaudioid":"","thumbnailid":"","slidewindowbg":null,"presenterref":{"id":"none","videodata":null},"slidelayers":[{"__type":"slidelayer","hideobjectsondisplay":null,"depth":0,"modal":true,"pauseparent":true,"rotatexpos":360,"rotateypos":270,"tabindex":-1,"enableseek":true,"enablereplay":true,"lmsid":"","timeline":{"duration":5000,"events":[{"__type":"event","time":0,"actions":{"Actions":[{"__type":"show","transition":"appear","objref":{"type":"string","value":"5vX5VU93Cvc"}},{"__type":"show","transition":"appear","objref":{"type":"string","value":"5hxeauI5LJS"}},{"__type":"show","transition":"appear","objref":{"type":"string","value":"6Lf5rORfJfX"}},{"__type":"show","transition":"appear","objref":{"type":"string","value":"67F1PIeokp7"}},{"__type":"show","transition":"appear","objref":{"type":"string","value":"5zn4ncnxwIt"}}]}}]},"objects":{"Objects":[{"__type":"vectorshape","rotation":0,"acctype":"text","cliptobounds":false,"defaultaction":"","shapemaskid":"","xpos":142,"ypos":175,"tabindex":5,"tabenabled":false,"xoffset":0,"yoffset":0,"rotatexpos":218,"rotateypos":95,"xscale":100,"yscale":100,"alpha":100,"depth":1,"scrolling":false,"shufflelock":false,"dragdrop":null,"dragpath":null,"dragrotation":null,"data":{"hotlinkid":"","accstate":0,"textdata":null,"imagedata":null,"swfdata":null,"videodata":null,"emfdata":null,"rectdata":null,"vectordata":{"left":-2,"top":-2,"right":438,"bottom":192,"alttext":"","lmstext":null,"pngfb":false,"pr":{"l":"Lib","i":17},"text":null},"html5data":{"url":null,"xpos":-1,"ypos":-1,"width":437,"height":191,"strokewidth":1,"mask":null}},"mask":null,"markerType":null,"width":436,"height":190,"resume":true,"usehandcursor":false,"background":null,"id":"67F1PIeokp7"},{"__type":"vectorshape","rotation":0,"acctype":"text","cliptobounds":false,"defaultaction":"","shapemaskid":"","xpos":160,"ypos":228,"tabindex":7,"tabenabled":false,"xoffset":0,"yoffset":0,"rotatexpos":199.5,"rotateypos":-0.5,"xscale":100,"yscale":100,"alpha":100,"depth":2,"scrolling":false,"shufflelock":false,"dragdrop":null,"dragpath":null,"dragrotation":null,"data":{"hotlinkid":"","accstate":0,"textdata":null,"imagedata":null,"swfdata":null,"videodata":null,"emfdata":null,"rectdata":null,"vectordata":{"left":-2,"top":-2,"right":402,"bottom":2,"alttext":"","lmstext":null,"pngfb":false,"pr":{"l":"Lib","i":18},"text":null},"html5data":{"url":null,"xpos":-1,"ypos":-1,"width":401,"height":1,"strokewidth":1,"mask":null}},"mask":null,"markerType":null,"width":400,"height":0,"resume":true,"usehandcursor":false,"background":null,"id":"5zn4ncnxwIt"},{"__type":"vectorshape","rotation":0,"acctype":"text","cliptobounds":false,"defaultaction":"","textlib":[{"__type":"textdata","uniqueId":"5vX5VU93Cvc_155918498","id":"01","linkid":"txt__default_5vX5VU93Cvc","type":"vectortext","alttext":null,"lmstext":null,"xpos":0,"ypos":0,"width":0,"height":0,"shadowindex":-1,"vartext":null,"vectortext":{"left":0,"top":0,"right":81,"bottom":32,"alttext":null,"lmstext":null,"pngfb":false,"pr":{"l":"Lib","i":20},"text":null}}],"shapemaskid":"","xpos":160,"ypos":187,"tabindex":6,"tabenabled":true,"xoffset":0,"yoffset":0,"rotatexpos":200,"rotateypos":19,"xscale":100,"yscale":100,"alpha":100,"depth":3,"scrolling":true,"shufflelock":false,"dragdrop":null,"dragpath":null,"dragrotation":null,"data":{"hotlinkid":"","accstate":0,"textdata":null,"imagedata":null,"swfdata":null,"videodata":null,"emfdata":null,"rectdata":null,"vectordata":{"left":0,"top":0,"right":400,"bottom":38,"alttext":"Correct","lmstext":null,"pngfb":false,"pr":{"l":"Lib","i":19},"text":null},"html5data":{"url":null,"xpos":-1,"ypos":-1,"width":401,"height":39,"strokewidth":0,"mask":null}},"mask":null,"markerType":null,"width":400,"height":38,"resume":true,"usehandcursor":true,"background":null,"id":"5vX5VU93Cvc"},{"__type":"vectorshape","rotation":0,"acctype":"text","cliptobounds":false,"defaultaction":"","textlib":[{"__type":"textdata","uniqueId":"5hxeauI5LJS_546854667","id":"01","linkid":"txt__default_5hxeauI5LJS","type":"vectortext","alttext":null,"lmstext":null,"xpos":0,"ypos":0,"width":0,"height":0,"shadowindex":-1,"vartext":null,"vectortext":{"left":0,"top":0,"right":371,"bottom":27,"alttext":null,"lmstext":null,"pngfb":false,"pr":{"l":"Lib","i":22},"text":null}}],"shapemaskid":"","xpos":160,"ypos":234,"tabindex":8,"tabenabled":true,"xoffset":0,"yoffset":0,"rotatexpos":200,"rotateypos":38.5,"xscale":100,"yscale":100,"alpha":100,"depth":4,"scrolling":true,"shufflelock":false,"dragdrop":null,"dragpath":null,"dragrotation":null,"data":{"hotlinkid":"","accstate":0,"textdata":null,"imagedata":null,"swfdata":null,"videodata":null,"emfdata":null,"rectdata":null,"vectordata":{"left":0,"top":0,"right":400,"bottom":77,"alttext":"That\u0027s right!  You selected the correct response.","lmstext":null,"pngfb":false,"pr":{"l":"Lib","i":21},"text":null},"html5data":{"url":null,"xpos":-1,"ypos":-1,"width":401,"height":78,"strokewidth":0,"mask":null}},"mask":null,"markerType":null,"width":400,"height":77,"resume":true,"usehandcursor":true,"background":null,"id":"5hxeauI5LJS"},{"__type":"vectorshape","rotation":0,"acctype":"button","cliptobounds":false,"defaultaction":"onrelease","textlib":[{"__type":"textdata","uniqueId":"6oWzngt9E6R_-180318055","id":"01","linkid":"txt__default_6Lf5rORfJfX","type":"vectortext","alttext":null,"lmstext":null,"xpos":0,"ypos":0,"width":0,"height":0,"shadowindex":-1,"vartext":null,"vectortext":{"left":0,"top":0,"right":97,"bottom":26,"alttext":null,"lmstext":null,"pngfb":false,"pr":{"l":"Lib","i":28},"text":null}}],"shapemaskid":"","xpos":298,"ypos":323,"tabindex":9,"tabenabled":true,"xoffset":0,"yoffset":0,"rotatexpos":62.5,"rotateypos":15,"xscale":100,"yscale":100,"alpha":100,"depth":5,"scrolling":true,"shufflelock":false,"dragdrop":null,"dragpath":null,"dragrotation":null,"data":{"hotlinkid":"","accstate":0,"textdata":null,"imagedata":null,"swfdata":null,"videodata":null,"emfdata":null,"rectdata":null,"vectordata":{"left":-2,"top":-2,"right":126,"bottom":31,"alttext":"Continue","lmstext":null,"pngfb":false,"pr":{"l":"Lib","i":23},"text":null},"html5data":{"url":null,"xpos":-1,"ypos":-1,"width":126,"height":31,"strokewidth":1,"mask":null}},"mask":null,"states":[{"__type":"state","name":"_default_Disabled","data":{"hotlinkid":"","accstate":1,"textdata":null,"imagedata":null,"swfdata":null,"videodata":null,"emfdata":null,"rectdata":null,"vectordata":{"left":-2,"top":-2,"right":126,"bottom":31,"alttext":"Continue","lmstext":null,"pngfb":false,"pr":{"l":"Lib","i":23},"text":null},"html5data":{"url":null,"xpos":-2,"ypos":-2,"width":128,"height":33,"strokewidth":1,"mask":null}}},{"__type":"state","name":"_default_Down","data":{"hotlinkid":"","accstate":8,"textdata":null,"imagedata":null,"swfdata":null,"videodata":null,"emfdata":null,"rectdata":null,"vectordata":{"left":-2,"top":-2,"right":126,"bottom":31,"alttext":"Continue","lmstext":null,"pngfb":false,"pr":{"l":"Lib","i":24},"text":null},"html5data":{"url":null,"xpos":-2,"ypos":-2,"width":128,"height":33,"strokewidth":1,"mask":null}}},{"__type":"state","name":"_default_Visited","data":{"hotlinkid":"","accstate":0,"textdata":null,"imagedata":null,"swfdata":null,"videodata":null,"emfdata":null,"rectdata":null,"vectordata":{"left":-2,"top":-2,"right":126,"bottom":31,"alttext":"Continue","lmstext":null,"pngfb":false,"pr":{"l":"Lib","i":23},"text":null},"html5data":{"url":null,"xpos":-2,"ypos":-2,"width":128,"height":33,"strokewidth":1,"mask":null}}},{"__type":"state","name":"_default_Visited_Disabled","data":{"hotlinkid":"","accstate":1,"textdata":null,"imagedata":null,"swfdata":null,"videodata":null,"emfdata":null,"rectdata":null,"vectordata":{"left":-2,"top":-2,"right":126,"bottom":31,"alttext":"Continue","lmstext":null,"pngfb":false,"pr":{"l":"Lib","i":23},"text":null},"html5data":{"url":null,"xpos":-2,"ypos":-2,"width":128,"height":33,"strokewidth":1,"mask":null}}},{"__type":"state","name":"_default_Down_Visited","data":{"hotlinkid":"","accstate":8,"textdata":null,"imagedata":null,"swfdata":null,"videodata":null,"emfdata":null,"rectdata":null,"vectordata":{"left":-2,"top":-2,"right":126,"bottom":31,"alttext":"Continue","lmstext":null,"pngfb":false,"pr":{"l":"Lib","i":24},"text":null},"html5data":{"url":null,"xpos":-2,"ypos":-2,"width":128,"height":33,"strokewidth":1,"mask":null}}},{"__type":"state","name":"_default_Hover","data":{"hotlinkid":"","accstate":0,"textdata":null,"imagedata":null,"swfdata":null,"videodata":null,"emfdata":null,"rectdata":null,"vectordata":{"left":-2,"top":-2,"right":126,"bottom":31,"alttext":"Continue","lmstext":null,"pngfb":false,"pr":{"l":"Lib","i":25},"text":null},"html5data":{"url":null,"xpos":-2,"ypos":-2,"width":128,"height":33,"strokewidth":1,"mask":null}}},{"__type":"state","name":"_default_Hover_Disabled","data":{"hotlinkid":"","accstate":1,"textdata":null,"imagedata":null,"swfdata":null,"videodata":null,"emfdata":null,"rectdata":null,"vectordata":{"left":-2,"top":-2,"right":126,"bottom":31,"alttext":"Continue","lmstext":null,"pngfb":false,"pr":{"l":"Lib","i":26},"text":null},"html5data":{"url":null,"xpos":-2,"ypos":-2,"width":128,"height":33,"strokewidth":1,"mask":null}}},{"__type":"state","name":"_default_Hover_Down","data":{"hotlinkid":"","accstate":8,"textdata":null,"imagedata":null,"swfdata":null,"videodata":null,"emfdata":null,"rectdata":null,"vectordata":{"left":-2,"top":-2,"right":126,"bottom":31,"alttext":"Continue","lmstext":null,"pngfb":false,"pr":{"l":"Lib","i":27},"text":null},"html5data":{"url":null,"xpos":-2,"ypos":-2,"width":128,"height":33,"strokewidth":1,"mask":null}}},{"__type":"state","name":"_default_Hover_Visited","data":{"hotlinkid":"","accstate":0,"textdata":null,"imagedata":null,"swfdata":null,"videodata":null,"emfdata":null,"rectdata":null,"vectordata":{"left":-2,"top":-2,"right":126,"bottom":31,"alttext":"Continue","lmstext":null,"pngfb":false,"pr":{"l":"Lib","i":25},"text":null},"html5data":{"url":null,"xpos":-2,"ypos":-2,"width":128,"height":33,"strokewidth":1,"mask":null}}},{"__type":"state","name":"_default_Hover_Visited_Disabled","data":{"hotlinkid":"","accstate":1,"textdata":null,"imagedata":null,"swfdata":null,"videodata":null,"emfdata":null,"rectdata":null,"vectordata":{"left":-2,"top":-2,"right":126,"bottom":31,"alttext":"Continue","lmstext":null,"pngfb":false,"pr":{"l":"Lib","i":25},"text":null},"html5data":{"url":null,"xpos":-2,"ypos":-2,"width":128,"height":33,"strokewidth":1,"mask":null}}},{"__type":"state","name":"_default_Hover_Down_Visited","data":{"hotlinkid":"","accstate":8,"textdata":null,"imagedata":null,"swfdata":null,"videodata":null,"emfdata":null,"rectdata":null,"vectordata":{"left":-2,"top":-2,"right":126,"bottom":31,"alttext":"Continue","lmstext":null,"pngfb":false,"pr":{"l":"Lib","i":27},"text":null},"html5data":{"url":null,"xpos":-2,"ypos":-2,"width":128,"height":33,"strokewidth":1,"mask":null}}}],"markerType":null,"width":125,"height":30,"resume":true,"usehandcursor":true,"background":null,"id":"6Lf5rORfJfX","variables":[{"__type":"variable","name":"_hover","type":"boolean","value":false,"resume":true},{"__type":"variable","name":"_down","type":"boolean","value":false,"resume":true},{"__type":"variable","name":"_disabled","type":"boolean","value":false,"resume":true},{"__type":"variable","name":"_visited","type":"boolean","value":false,"resume":true},{"__type":"variable","name":"_savevisited","type":"boolean","value":false,"resume":true},{"__type":"variable","name":"_state","type":"string","value":"_default","resume":true},{"__type":"variable","name":"_stateName","type":"string","value":"","resume":true},{"__type":"variable","name":"_tempStateName","type":"string","value":"","resume":false}],"actiongroups":[{"__type":"actiongroup","id":"ActGrpSetVisitedState","actions":{"Actions":[{"__type":"adjustvar","variable":"_savevisited","operator":"set","value":{"type":"var","value":"_visited"}},{"__type":"adjustvar","variable":"_visited","operator":"set","value":{"type":"boolean","value":true}},{"__type":"exe_actiongroup","id":"_player._setstates","scoperef":{"type":"string","value":"_this"},"params":null}]}},{"__type":"actiongroup","id":"ActGrpSetHoverState","actions":{"Actions":[{"__type":"adjustvar","variable":"_hover","operator":"set","value":{"type":"boolean","value":true}},{"__type":"exe_actiongroup","id":"_player._setstates","scoperef":{"type":"string","value":"_this"},"params":null}]}},{"__type":"actiongroup","id":"ActGrpClearHoverState","actions":{"Actions":[{"__type":"adjustvar","variable":"_hover","operator":"set","value":{"type":"boolean","value":false}},{"__type":"exe_actiongroup","id":"_player._setstates","scoperef":{"type":"string","value":"_this"},"params":null}]}},{"__type":"actiongroup","id":"ActGrpSetDisabledState","actions":{"Actions":[{"__type":"adjustvar","variable":"_disabled","operator":"set","value":{"type":"boolean","value":true}},{"__type":"exe_actiongroup","id":"_player._setstates","scoperef":{"type":"string","value":"_this"},"params":null}]}},{"__type":"actiongroup","id":"ActGrpSetDownState","actions":{"Actions":[{"__type":"adjustvar","variable":"_down","operator":"set","value":{"type":"boolean","value":true}},{"__type":"exe_actiongroup","id":"_player._setstates","scoperef":{"type":"string","value":"_this"},"params":null}]}},{"__type":"actiongroup","id":"ActGrpClearStateVars","actions":{"Actions":[{"__type":"adjustvar","variable":"_hover","operator":"set","value":{"type":"boolean","value":false}},{"__type":"adjustvar","variable":"_down","operator":"set","value":{"type":"boolean","value":false}},{"__type":"adjustvar","variable":"_disabled","operator":"set","value":{"type":"boolean","value":false}},{"__type":"adjustvar","variable":"_visited","operator":"set","value":{"type":"boolean","value":false}},{"__type":"adjustvar","variable":"_savevisited","operator":"set","value":{"type":"boolean","value":false}}]}}],"events":[{"__type":"onrelease","actions":{"Actions":[{"__type":"exe_actiongroup","id":"ActGrpSetVisitedState","scoperef":{"type":"string","value":"_this"},"params":null},{"__type":"adjustvar","variable":"_hover","operator":"set","value":{"type":"boolean","value":false}},{"__type":"adjustvar","variable":"_down","operator":"set","value":{"type":"boolean","value":false}},{"__type":"exe_actiongroup","id":"_player._setstates","scoperef":{"type":"string","value":"_this"},"params":null},{"__type":"hide_slidelayer","transition":"appear","objref":{"type":"string","value":"_parent"}},{"__type":"gotoplay","window":"_current","wndtype":"normal","objref":{"type":"string","value":"_player.6RoriILyZrf.6QbzVLpZmnv"}}]}},{"__type":"ontransitionin","actions":{"Actions":[{"__type":"exe_actiongroup","id":"_player._setstates","scoperef":{"type":"string","value":"_this"},"params":null}]}},{"__type":"onrollover","actions":{"Actions":[{"__type":"exe_actiongroup","id":"ActGrpSetHoverState","scoperef":{"type":"string","value":"_this"},"params":null}]}},{"__type":"onrollout","actions":{"Actions":[{"__type":"exe_actiongroup","id":"ActGrpClearHoverState","scoperef":{"type":"string","value":"_this"},"params":null}]}},{"__type":"onpress","actions":{"Actions":[{"__type":"exe_actiongroup","id":"ActGrpSetDownState","scoperef":{"type":"string","value":"_this"},"params":null}]}},{"__type":"onreleaseoutside","actions":{"Actions":[{"__type":"adjustvar","variable":"_down","operator":"set","value":{"type":"boolean","value":false}},{"__type":"exe_actiongroup","id":"_player._setstates","scoperef":{"type":"string","value":"_this"},"params":null}]}}]}]},"starttime":-1,"elapsedtimemode":"normal","width":720,"height":540,"resume":true,"usehandcursor":false,"background":null,"id":"6COmTBrLvgv","events":[{"__type":"ontopmostlayer","actions":{"Actions":[{"__type":"setactivetimeline","objref":{"type":"string","value":"_this"}}]}},{"__type":"ontransitionin","actions":{"Actions":[{"__type":"enable_frame_control","name":"submit","enable":false}]}},{"__type":"ontransitionout","actions":{"Actions":[{"__type":"enable_frame_control","name":"submit","enable":true}]}},{"__type":"ontransitionincomplete","actions":{"Actions":[{"__type":"setfocus","showrect":false,"value":{"type":"string","value":"5vX5VU93Cvc"}}]}}]},{"__type":"slidelayer","hideobjectsondisplay":null,"depth":0,"modal":true,"pauseparent":true,"rotatexpos":360,"rotateypos":270,"tabindex":-1,"enableseek":true,"enablereplay":true,"lmsid":"","timeline":{"duration":5000,"events":[{"__type":"event","time":0,"actions":{"Actions":[{"__type":"show","transition":"appear","objref":{"type":"string","value":"64riGZ5ltBD"}},{"__type":"show","transition":"appear","objref":{"type":"string","value":"5z5sl950tEZ"}},{"__type":"show","transition":"appear","objref":{"type":"string","value":"5pmPuXsxovw"}},{"__type":"show","transition":"appear","objref":{"type":"string","value":"67F1PIeokp7"}},{"__type":"show","transition":"appear","objref":{"type":"string","value":"5zn4ncnxwIt"}}]}}]},"objects":{"Objects":[{"__type":"vectorshape","rotation":0,"acctype":"text","cliptobounds":false,"defaultaction":"","shapemaskid":"","xpos":142,"ypos":175,"tabindex":0,"tabenabled":false,"xoffset":0,"yoffset":0,"rotatexpos":218,"rotateypos":95,"xscale":100,"yscale":100,"alpha":100,"depth":1,"scrolling":false,"shufflelock":false,"dragdrop":null,"dragpath":null,"dragrotation":null,"data":{"hotlinkid":"","accstate":0,"textdata":null,"imagedata":null,"swfdata":null,"videodata":null,"emfdata":null,"rectdata":null,"vectordata":{"left":-2,"top":-2,"right":438,"bottom":192,"alttext":"","lmstext":null,"pngfb":false,"pr":{"l":"Lib","i":17},"text":null},"html5data":{"url":null,"xpos":-1,"ypos":-1,"width":437,"height":191,"strokewidth":1,"mask":null}},"mask":null,"markerType":null,"width":436,"height":190,"resume":true,"usehandcursor":false,"background":null,"id":"67F1PIeokp7"},{"__type":"vectorshape","rotation":0,"acctype":"text","cliptobounds":false,"defaultaction":"","shapemaskid":"","xpos":160,"ypos":228,"tabindex":2,"tabenabled":false,"xoffset":0,"yoffset":0,"rotatexpos":199.5,"rotateypos":-0.5,"xscale":100,"yscale":100,"alpha":100,"depth":2,"scrolling":false,"shufflelock":false,"dragdrop":null,"dragpath":null,"dragrotation":null,"data":{"hotlinkid":"","accstate":0,"textdata":null,"imagedata":null,"swfdata":null,"videodata":null,"emfdata":null,"rectdata":null,"vectordata":{"left":-2,"top":-2,"right":402,"bottom":2,"alttext":"","lmstext":null,"pngfb":false,"pr":{"l":"Lib","i":18},"text":null},"html5data":{"url":null,"xpos":-1,"ypos":-1,"width":401,"height":1,"strokewidth":1,"mask":null}},"mask":null,"markerType":null,"width":400,"height":0,"resume":true,"usehandcursor":false,"background":null,"id":"5zn4ncnxwIt"},{"__type":"vectorshape","rotation":0,"acctype":"text","cliptobounds":false,"defaultaction":"","textlib":[{"__type":"textdata","uniqueId":"64riGZ5ltBD_1488323469","id":"01","linkid":"txt__default_64riGZ5ltBD","type":"vectortext","alttext":null,"lmstext":null,"xpos":0,"ypos":0,"width":0,"height":0,"shadowindex":-1,"vartext":null,"vectortext":{"left":0,"top":0,"right":97,"bottom":32,"alttext":null,"lmstext":null,"pngfb":false,"pr":{"l":"Lib","i":29},"text":null}}],"shapemaskid":"","xpos":160,"ypos":187,"tabindex":1,"tabenabled":true,"xoffset":0,"yoffset":0,"rotatexpos":200,"rotateypos":19,"xscale":100,"yscale":100,"alpha":100,"depth":3,"scrolling":true,"shufflelock":false,"dragdrop":null,"dragpath":null,"dragrotation":null,"data":{"hotlinkid":"","accstate":0,"textdata":null,"imagedata":null,"swfdata":null,"videodata":null,"emfdata":null,"rectdata":null,"vectordata":{"left":0,"top":0,"right":400,"bottom":38,"alttext":"Incorrect","lmstext":null,"pngfb":false,"pr":{"l":"Lib","i":19},"text":null},"html5data":{"url":null,"xpos":-1,"ypos":-1,"width":401,"height":39,"strokewidth":0,"mask":null}},"mask":null,"markerType":null,"width":400,"height":38,"resume":true,"usehandcursor":true,"background":null,"id":"64riGZ5ltBD"},{"__type":"vectorshape","rotation":0,"acctype":"text","cliptobounds":false,"defaultaction":"","textlib":[{"__type":"textdata","uniqueId":"5z5sl950tEZ_-1165580402","id":"01","linkid":"txt__default_5z5sl950tEZ","type":"vectortext","alttext":null,"lmstext":null,"xpos":0,"ypos":0,"width":0,"height":0,"shadowindex":-1,"vartext":null,"vectortext":{"left":0,"top":0,"right":312,"bottom":27,"alttext":null,"lmstext":null,"pngfb":false,"pr":{"l":"Lib","i":30},"text":null}}],"shapemaskid":"","xpos":160,"ypos":234,"tabindex":3,"tabenabled":true,"xoffset":0,"yoffset":0,"rotatexpos":200,"rotateypos":38.5,"xscale":100,"yscale":100,"alpha":100,"depth":4,"scrolling":true,"shufflelock":false,"dragdrop":null,"dragpath":null,"dragrotation":null,"data":{"hotlinkid":"","accstate":0,"textdata":null,"imagedata":null,"swfdata":null,"videodata":null,"emfdata":null,"rectdata":null,"vectordata":{"left":0,"top":0,"right":400,"bottom":77,"alttext":"You did not select the correct response.","lmstext":null,"pngfb":false,"pr":{"l":"Lib","i":21},"text":null},"html5data":{"url":null,"xpos":-1,"ypos":-1,"width":401,"height":78,"strokewidth":0,"mask":null}},"mask":null,"markerType":null,"width":400,"height":77,"resume":true,"usehandcursor":true,"background":null,"id":"5z5sl950tEZ"},{"__type":"vectorshape","rotation":0,"acctype":"button","cliptobounds":false,"defaultaction":"onrelease","textlib":[{"__type":"textdata","uniqueId":"65cAmiB687f_704960292","id":"01","linkid":"txt__default_5pmPuXsxovw","type":"vectortext","alttext":null,"lmstext":null,"xpos":0,"ypos":0,"width":0,"height":0,"shadowindex":-1,"vartext":null,"vectortext":{"left":0,"top":0,"right":97,"bottom":26,"alttext":null,"lmstext":null,"pngfb":false,"pr":{"l":"Lib","i":28},"text":null}}],"shapemaskid":"","xpos":298,"ypos":323,"tabindex":4,"tabenabled":true,"xoffset":0,"yoffset":0,"rotatexpos":62.5,"rotateypos":15,"xscale":100,"yscale":100,"alpha":100,"depth":5,"scrolling":true,"shufflelock":false,"dragdrop":null,"dragpath":null,"dragrotation":null,"data":{"hotlinkid":"","accstate":0,"textdata":null,"imagedata":null,"swfdata":null,"videodata":null,"emfdata":null,"rectdata":null,"vectordata":{"left":-2,"top":-2,"right":126,"bottom":31,"alttext":"Continue","lmstext":null,"pngfb":false,"pr":{"l":"Lib","i":23},"text":null},"html5data":{"url":null,"xpos":-1,"ypos":-1,"width":126,"height":31,"strokewidth":1,"mask":null}},"mask":null,"states":[{"__type":"state","name":"_default_Disabled","data":{"hotlinkid":"","accstate":1,"textdata":null,"imagedata":null,"swfdata":null,"videodata":null,"emfdata":null,"rectdata":null,"vectordata":{"left":-2,"top":-2,"right":126,"bottom":31,"alttext":"Continue","lmstext":null,"pngfb":false,"pr":{"l":"Lib","i":23},"text":null},"html5data":{"url":null,"xpos":-2,"ypos":-2,"width":128,"height":33,"strokewidth":1,"mask":null}}},{"__type":"state","name":"_default_Down","data":{"hotlinkid":"","accstate":8,"textdata":null,"imagedata":null,"swfdata":null,"videodata":null,"emfdata":null,"rectdata":null,"vectordata":{"left":-2,"top":-2,"right":126,"bottom":31,"alttext":"Continue","lmstext":null,"pngfb":false,"pr":{"l":"Lib","i":24},"text":null},"html5data":{"url":null,"xpos":-2,"ypos":-2,"width":128,"height":33,"strokewidth":1,"mask":null}}},{"__type":"state","name":"_default_Visited","data":{"hotlinkid":"","accstate":0,"textdata":null,"imagedata":null,"swfdata":null,"videodata":null,"emfdata":null,"rectdata":null,"vectordata":{"left":-2,"top":-2,"right":126,"bottom":31,"alttext":"Continue","lmstext":null,"pngfb":false,"pr":{"l":"Lib","i":23},"text":null},"html5data":{"url":null,"xpos":-2,"ypos":-2,"width":128,"height":33,"strokewidth":1,"mask":null}}},{"__type":"state","name":"_default_Visited_Disabled","data":{"hotlinkid":"","accstate":1,"textdata":null,"imagedata":null,"swfdata":null,"videodata":null,"emfdata":null,"rectdata":null,"vectordata":{"left":-2,"top":-2,"right":126,"bottom":31,"alttext":"Continue","lmstext":null,"pngfb":false,"pr":{"l":"Lib","i":23},"text":null},"html5data":{"url":null,"xpos":-2,"ypos":-2,"width":128,"height":33,"strokewidth":1,"mask":null}}},{"__type":"state","name":"_default_Down_Visited","data":{"hotlinkid":"","accstate":8,"textdata":null,"imagedata":null,"swfdata":null,"videodata":null,"emfdata":null,"rectdata":null,"vectordata":{"left":-2,"top":-2,"right":126,"bottom":31,"alttext":"Continue","lmstext":null,"pngfb":false,"pr":{"l":"Lib","i":24},"text":null},"html5data":{"url":null,"xpos":-2,"ypos":-2,"width":128,"height":33,"strokewidth":1,"mask":null}}},{"__type":"state","name":"_default_Hover","data":{"hotlinkid":"","accstate":0,"textdata":null,"imagedata":null,"swfdata":null,"videodata":null,"emfdata":null,"rectdata":null,"vectordata":{"left":-2,"top":-2,"right":126,"bottom":31,"alttext":"Continue","lmstext":null,"pngfb":false,"pr":{"l":"Lib","i":25},"text":null},"html5data":{"url":null,"xpos":-2,"ypos":-2,"width":128,"height":33,"strokewidth":1,"mask":null}}},{"__type":"state","name":"_default_Hover_Disabled","data":{"hotlinkid":"","accstate":1,"textdata":null,"imagedata":null,"swfdata":null,"videodata":null,"emfdata":null,"rectdata":null,"vectordata":{"left":-2,"top":-2,"right":126,"bottom":31,"alttext":"Continue","lmstext":null,"pngfb":false,"pr":{"l":"Lib","i":26},"text":null},"html5data":{"url":null,"xpos":-2,"ypos":-2,"width":128,"height":33,"strokewidth":1,"mask":null}}},{"__type":"state","name":"_default_Hover_Down","data":{"hotlinkid":"","accstate":8,"textdata":null,"imagedata":null,"swfdata":null,"videodata":null,"emfdata":null,"rectdata":null,"vectordata":{"left":-2,"top":-2,"right":126,"bottom":31,"alttext":"Continue","lmstext":null,"pngfb":false,"pr":{"l":"Lib","i":27},"text":null},"html5data":{"url":null,"xpos":-2,"ypos":-2,"width":128,"height":33,"strokewidth":1,"mask":null}}},{"__type":"state","name":"_default_Hover_Visited","data":{"hotlinkid":"","accstate":0,"textdata":null,"imagedata":null,"swfdata":null,"videodata":null,"emfdata":null,"rectdata":null,"vectordata":{"left":-2,"top":-2,"right":126,"bottom":31,"alttext":"Continue","lmstext":null,"pngfb":false,"pr":{"l":"Lib","i":25},"text":null},"html5data":{"url":null,"xpos":-2,"ypos":-2,"width":128,"height":33,"strokewidth":1,"mask":null}}},{"__type":"state","name":"_default_Hover_Visited_Disabled","data":{"hotlinkid":"","accstate":1,"textdata":null,"imagedata":null,"swfdata":null,"videodata":null,"emfdata":null,"rectdata":null,"vectordata":{"left":-2,"top":-2,"right":126,"bottom":31,"alttext":"Continue","lmstext":null,"pngfb":false,"pr":{"l":"Lib","i":25},"text":null},"html5data":{"url":null,"xpos":-2,"ypos":-2,"width":128,"height":33,"strokewidth":1,"mask":null}}},{"__type":"state","name":"_default_Hover_Down_Visited","data":{"hotlinkid":"","accstate":8,"textdata":null,"imagedata":null,"swfdata":null,"videodata":null,"emfdata":null,"rectdata":null,"vectordata":{"left":-2,"top":-2,"right":126,"bottom":31,"alttext":"Continue","lmstext":null,"pngfb":false,"pr":{"l":"Lib","i":27},"text":null},"html5data":{"url":null,"xpos":-2,"ypos":-2,"width":128,"height":33,"strokewidth":1,"mask":null}}}],"markerType":null,"width":125,"height":30,"resume":true,"usehandcursor":true,"background":null,"id":"5pmPuXsxovw","variables":[{"__type":"variable","name":"_hover","type":"boolean","value":false,"resume":true},{"__type":"variable","name":"_down","type":"boolean","value":false,"resume":true},{"__type":"variable","name":"_disabled","type":"boolean","value":false,"resume":true},{"__type":"variable","name":"_visited","type":"boolean","value":false,"resume":true},{"__type":"variable","name":"_savevisited","type":"boolean","value":false,"resume":true},{"__type":"variable","name":"_state","type":"string","value":"_default","resume":true},{"__type":"variable","name":"_stateName","type":"string","value":"","resume":true},{"__type":"variable","name":"_tempStateName","type":"string","value":"","resume":false}],"actiongroups":[{"__type":"actiongroup","id":"ActGrpSetVisitedState","actions":{"Actions":[{"__type":"adjustvar","variable":"_savevisited","operator":"set","value":{"type":"var","value":"_visited"}},{"__type":"adjustvar","variable":"_visited","operator":"set","value":{"type":"boolean","value":true}},{"__type":"exe_actiongroup","id":"_player._setstates","scoperef":{"type":"string","value":"_this"},"params":null}]}},{"__type":"actiongroup","id":"ActGrpSetHoverState","actions":{"Actions":[{"__type":"adjustvar","variable":"_hover","operator":"set","value":{"type":"boolean","value":true}},{"__type":"exe_actiongroup","id":"_player._setstates","scoperef":{"type":"string","value":"_this"},"params":null}]}},{"__type":"actiongroup","id":"ActGrpClearHoverState","actions":{"Actions":[{"__type":"adjustvar","variable":"_hover","operator":"set","value":{"type":"boolean","value":false}},{"__type":"exe_actiongroup","id":"_player._setstates","scoperef":{"type":"string","value":"_this"},"params":null}]}},{"__type":"actiongroup","id":"ActGrpSetDisabledState","actions":{"Actions":[{"__type":"adjustvar","variable":"_disabled","operator":"set","value":{"type":"boolean","value":true}},{"__type":"exe_actiongroup","id":"_player._setstates","scoperef":{"type":"string","value":"_this"},"params":null}]}},{"__type":"actiongroup","id":"ActGrpSetDownState","actions":{"Actions":[{"__type":"adjustvar","variable":"_down","operator":"set","value":{"type":"boolean","value":true}},{"__type":"exe_actiongroup","id":"_player._setstates","scoperef":{"type":"string","value":"_this"},"params":null}]}},{"__type":"actiongroup","id":"ActGrpClearStateVars","actions":{"Actions":[{"__type":"adjustvar","variable":"_hover","operator":"set","value":{"type":"boolean","value":false}},{"__type":"adjustvar","variable":"_down","operator":"set","value":{"type":"boolean","value":false}},{"__type":"adjustvar","variable":"_disabled","operator":"set","value":{"type":"boolean","value":false}},{"__type":"adjustvar","variable":"_visited","operator":"set","value":{"type":"boolean","value":false}},{"__type":"adjustvar","variable":"_savevisited","operator":"set","value":{"type":"boolean","value":false}}]}}],"events":[{"__type":"onrelease","actions":{"Actions":[{"__type":"exe_actiongroup","id":"ActGrpSetVisitedState","scoperef":{"type":"string","value":"_this"},"params":null},{"__type":"adjustvar","variable":"_hover","operator":"set","value":{"type":"boolean","value":false}},{"__type":"adjustvar","variable":"_down","operator":"set","value":{"type":"boolean","value":false}},{"__type":"exe_actiongroup","id":"_player._setstates","scoperef":{"type":"string","value":"_this"},"params":null},{"__type":"hide_slidelayer","transition":"appear","objref":{"type":"string","value":"_parent"}},{"__type":"gotoplay","window":"_current","wndtype":"normal","objref":{"type":"string","value":"_player.6RoriILyZrf.6QbzVLpZmnv"}}]}},{"__type":"ontransitionin","actions":{"Actions":[{"__type":"exe_actiongroup","id":"_player._setstates","scoperef":{"type":"string","value":"_this"},"params":null}]}},{"__type":"onrollover","actions":{"Actions":[{"__type":"exe_actiongroup","id":"ActGrpSetHoverState","scoperef":{"type":"string","value":"_this"},"params":null}]}},{"__type":"onrollout","actions":{"Actions":[{"__type":"exe_actiongroup","id":"ActGrpClearHoverState","scoperef":{"type":"string","value":"_this"},"params":null}]}},{"__type":"onpress","actions":{"Actions":[{"__type":"exe_actiongroup","id":"ActGrpSetDownState","scoperef":{"type":"string","value":"_this"},"params":null}]}},{"__type":"onreleaseoutside","actions":{"Actions":[{"__type":"adjustvar","variable":"_down","operator":"set","value":{"type":"boolean","value":false}},{"__type":"exe_actiongroup","id":"_player._setstates","scoperef":{"type":"string","value":"_this"},"params":null}]}}]}]},"starttime":-1,"elapsedtimemode":"normal","width":720,"height":540,"resume":true,"usehandcursor":false,"background":null,"id":"6DkKvTKcnF4","events":[{"__type":"ontopmostlayer","actions":{"Actions":[{"__type":"setactivetimeline","objref":{"type":"string","value":"_this"}}]}},{"__type":"ontransitionin","actions":{"Actions":[{"__type":"enable_frame_control","name":"submit","enable":false}]}},{"__type":"ontransitionout","actions":{"Actions":[{"__type":"enable_frame_control","name":"submit","enable":true}]}},{"__type":"ontransitionincomplete","actions":{"Actions":[{"__type":"setfocus","showrect":false,"value":{"type":"string","value":"64riGZ5ltBD"}}]}}]}],"showanimationid":"","enableseek":true,"enablereplay":true,"lmsid":"Slide9","timeline":{"duration":5000,"events":[{"__type":"event","time":0,"actions":{"Actions":[{"__type":"show","transition":"appear","objref":{"type":"string","value":"list_5mDo5ggkdF9"}},{"__type":"show","transition":"appear","objref":{"type":"string","value":"6QzmeTmc3uP"}}]}}]},"objects":{"Objects":[{"__type":"sequencectrl","rtl":false,"shapemaskid":"","xpos":36,"ypos":80,"tabindex":11,"tabenabled":true,"xoffset":0,"yoffset":0,"rotatexpos":324,"rotateypos":211,"xscale":100,"yscale":100,"alpha":100,"rotation":0,"depth":1,"scrolling":true,"shufflelock":false,"colors":[{"__type":"color","name":"number_text","fill":{"type":"linear","rotation":90,"colors":[{"__type":"color","rgb":"0x000000","alpha":100,"stop":0}]}},{"__type":"color","name":"hover","fill":{"type":"linear","rotation":90,"colors":[{"__type":"color","rgb":"0xB7FDFF","alpha":100,"stop":0},{"__type":"color","rgb":"0xA1EDEF","alpha":100,"stop":100}]}}],"dragdrop":null,"dragpath":null,"dragrotation":null,"data":{"hotlinkid":"","accstate":0,"textdata":null,"imagedata":null,"swfdata":null,"videodata":null,"emfdata":null,"rectdata":null,"vectordata":null,"html5data":null,"itemlist":[{"__type":"item","itemdata":"choices.choice_67nHkaF5gMn","background":null,"hotlinkid":"","accstate":0,"textdata":{"uniqueId":"txt_67nHkaF5gMn","id":null,"linkid":null,"type":"vectortext","alttext":"Drop 1","lmstext":"Drop 1","xpos":10,"ypos":3,"width":594,"height":28,"shadowindex":-1,"vartext":null,"vectortext":{"left":0,"top":0,"right":52,"bottom":22,"alttext":"Drop 1","lmstext":"Drop 1","pngfb":false,"pr":{"l":"Lib","i":79},"text":null}},"imagedata":null,"swfdata":null,"videodata":null,"emfdata":null,"rectdata":null,"vectordata":null,"html5data":null},{"__type":"item","itemdata":"choices.choice_65PCkUQADmA","background":null,"hotlinkid":"","accstate":0,"textdata":{"uniqueId":"txt_65PCkUQADmA","id":null,"linkid":null,"type":"vectortext","alttext":"Drop 2","lmstext":"Drop 2","xpos":10,"ypos":3,"width":594,"height":28,"shadowindex":-1,"vartext":null,"vectortext":{"left":0,"top":0,"right":52,"bottom":22,"alttext":"Drop 2","lmstext":"Drop 2","pngfb":false,"pr":{"l":"Lib","i":80},"text":null}},"imagedata":null,"swfdata":null,"videodata":null,"emfdata":null,"rectdata":null,"vectordata":null,"html5data":null},{"__type":"item","itemdata":"choices.choice_5m3JeQfZsRN","background":null,"hotlinkid":"","accstate":0,"textdata":{"uniqueId":"txt_5m3JeQfZsRN","id":null,"linkid":null,"type":"vectortext","alttext":"Drop 3","lmstext":"Drop 3","xpos":10,"ypos":3,"width":594,"height":28,"shadowindex":-1,"vartext":null,"vectortext":{"left":0,"top":0,"right":52,"bottom":22,"alttext":"Drop 3","lmstext":"Drop 3","pngfb":false,"pr":{"l":"Lib","i":81},"text":null}},"imagedata":null,"swfdata":null,"videodata":null,"emfdata":null,"rectdata":null,"vectordata":null,"html5data":null}]},"mask":null,"markerType":null,"width":648,"height":422,"resume":true,"usehandcursor":true,"background":null,"id":"list_5mDo5ggkdF9"},{"__type":"vectorshape","rotation":0,"acctype":"text","cliptobounds":false,"defaultaction":"","textlib":[{"__type":"textdata","uniqueId":"6QzmeTmc3uP_-1919563805","id":"01","linkid":"txt__default_6QzmeTmc3uP","type":"vectortext","alttext":null,"lmstext":null,"xpos":0,"ypos":0,"width":0,"height":0,"shadowindex":-1,"vartext":null,"vectortext":{"left":0,"top":0,"right":587,"bottom":39,"alttext":null,"lmstext":null,"pngfb":false,"pr":{"l":"Lib","i":82},"text":null}}],"shapemaskid":"","xpos":36,"ypos":22,"tabindex":10,"tabenabled":true,"xoffset":0,"yoffset":0,"rotatexpos":324,"rotateypos":22,"xscale":100,"yscale":100,"alpha":100,"depth":2,"scrolling":true,"shufflelock":false,"dragdrop":null,"dragpath":null,"dragrotation":null,"data":{"hotlinkid":"","accstate":0,"textdata":null,"imagedata":null,"swfdata":null,"videodata":null,"emfdata":null,"rectdata":null,"vectordata":{"left":0,"top":0,"right":648,"bottom":44,"alttext":"Seq Drag and Drop – Correct = Drop1, 2, 3 in order","lmstext":null,"pngfb":false,"pr":{"l":"Lib","i":11},"text":null},"html5data":{"url":null,"xpos":-1,"ypos":-1,"width":649,"height":45,"strokewidth":0,"mask":null}},"mask":null,"markerType":null,"width":648,"height":44,"resume":true,"usehandcursor":true,"background":null,"id":"6QzmeTmc3uP"},{"__type":"vectorshape","rotation":0,"acctype":"text","cliptobounds":false,"defaultaction":"","textlib":[{"__type":"textdata","uniqueId":"5mDo5ggkdF9_CorrectReview","id":"01","linkid":"5mDo5ggkdF9_CorrectReview","type":"vectortext","alttext":null,"lmstext":null,"xpos":0,"ypos":0,"width":0,"height":0,"shadowindex":-1,"vartext":null,"vectortext":{"left":0,"top":0,"right":400,"bottom":37,"alttext":null,"lmstext":null,"pngfb":false,"pr":{"l":"Lib","i":14},"text":null}}],"shapemaskid":"","xpos":0,"ypos":500,"tabindex":12,"tabenabled":true,"xoffset":0,"yoffset":0,"rotatexpos":360,"rotateypos":20,"xscale":100,"yscale":100,"alpha":100,"depth":3,"scrolling":true,"shufflelock":false,"dragdrop":null,"dragpath":null,"dragrotation":null,"data":{"hotlinkid":"","accstate":0,"textdata":null,"imagedata":null,"swfdata":null,"videodata":null,"emfdata":null,"rectdata":null,"vectordata":{"left":-1,"top":-1,"right":720,"bottom":40,"alttext":"Correct","lmstext":null,"pngfb":false,"pr":{"l":"Lib","i":13},"text":null},"html5data":{"url":null,"xpos":1,"ypos":1,"width":717,"height":37,"strokewidth":2,"mask":null}},"mask":null,"markerType":null,"width":720,"height":40,"resume":false,"usehandcursor":true,"background":null,"id":"5mDo5ggkdF9_CorrectReview","events":[{"__type":"onrelease","actions":{"Actions":[{"__type":"hide","transition":"appear","objref":{"type":"string","value":"_this"}}]}}]},{"__type":"vectorshape","rotation":0,"acctype":"text","cliptobounds":false,"defaultaction":"","textlib":[{"__type":"textdata","uniqueId":"5mDo5ggkdF9_IncorrectReview","id":"01","linkid":"5mDo5ggkdF9_IncorrectReview","type":"vectortext","alttext":null,"lmstext":null,"xpos":0,"ypos":0,"width":0,"height":0,"shadowindex":-1,"vartext":null,"vectortext":{"left":0,"top":0,"right":409,"bottom":37,"alttext":null,"lmstext":null,"pngfb":false,"pr":{"l":"Lib","i":16},"text":null}}],"shapemaskid":"","xpos":0,"ypos":500,"tabindex":13,"tabenabled":true,"xoffset":0,"yoffset":0,"rotatexpos":360,"rotateypos":20,"xscale":100,"yscale":100,"alpha":100,"depth":4,"scrolling":true,"shufflelock":false,"dragdrop":null,"dragpath":null,"dragrotation":null,"data":{"hotlinkid":"","accstate":0,"textdata":null,"imagedata":null,"swfdata":null,"videodata":null,"emfdata":null,"rectdata":null,"vectordata":{"left":-1,"top":-1,"right":720,"bottom":40,"alttext":"Incorrect","lmstext":null,"pngfb":false,"pr":{"l":"Lib","i":15},"text":null},"html5data":{"url":null,"xpos":1,"ypos":1,"width":717,"height":37,"strokewidth":2,"mask":null}},"mask":null,"markerType":null,"width":720,"height":40,"resume":false,"usehandcursor":true,"background":null,"id":"5mDo5ggkdF9_IncorrectReview","events":[{"__type":"onrelease","actions":{"Actions":[{"__type":"hide","transition":"appear","objref":{"type":"string","value":"_this"}}]}}]}]},"starttime":-1,"elapsedtimemode":"normal","width":720,"height":540,"resume":true,"usehandcursor":false,"background":{"type":"fill","fill":{"type":"linear","rotation":90,"colors":[{"__type":"color","rgb":"0xFFFFFF","alpha":100,"stop":0}]},"imagedata":null,"emfdata":null,"vectordata":null},"id":"5nZ64RoIqZx","actiongroups":[{"__type":"actiongroup","id":"ActGrpOnSubmitButtonClick","actions":{"Actions":[{"__type":"eval_interaction","id":"_this.6WV0387CxrY"}]}},{"__type":"actiongroup","id":"ReviewInt_5mDo5ggkdF9","actions":{"Actions":[{"__type":"if_action","condition":{"Statement":{"__type":"compare","operator":"eq","valuea":"6WV0387CxrY.Status","typea":"property","valueb":"correct","typeb":"string"}},"then_actions":{"Actions":[{"__type":"show","transition":"appear","objref":{"type":"string","value":"5mDo5ggkdF9_CorrectReview"}}]},"else_actions":{"Actions":[{"__type":"show","transition":"appear","objref":{"type":"string","value":"5mDo5ggkdF9_IncorrectReview"}}]}},{"__type":"if_action","condition":{"Statement":{"__type":"compare","operator":"eq","valuea":"_player.CurrentQuiz_5mDo5ggkdF9","typea":"var","valueb":"5WfhuQ3hw1Y","typeb":"string"}},"then_actions":{"Actions":[{"__type":"exe_actiongroup","id":"SetLayout_pxabnsnfns00001100101","scoperef":null,"params":null},{"__type":"if_action","condition":{"Statement":{"__type":"compare","operator":"eq","valuea":"_player.5WfhuQ3hw1Y.Passed","typea":"property","valueb":true,"typeb":"boolean"}},"then_actions":{"Actions":[{"__type":"exe_actiongroup","id":"ReviewIntCorrectIncorrect_5mDo5ggkdF9","scoperef":null,"params":null}]},"else_actions":null},{"__type":"if_action","condition":{"Statement":{"__type":"compare","operator":"eq","valuea":"_player.5WfhuQ3hw1Y.Passed","typea":"property","valueb":false,"typeb":"boolean"}},"then_actions":{"Actions":[{"__type":"exe_actiongroup","id":"ReviewIntCorrectIncorrect_5mDo5ggkdF9","scoperef":null,"params":null}]},"else_actions":null}]},"else_actions":null},{"__type":"set_enabled","objref":{"type":"string","value":"list_5mDo5ggkdF9"},"enabled":{"type":"boolean","value":false}}]}},{"__type":"actiongroup","id":"ReviewIntCorrectIncorrect_5mDo5ggkdF9","actions":{"Actions":[{"__type":"set_review","objref":{"type":"string","value":"list_5mDo5ggkdF9"},"enabled":{"type":"boolean","value":true}}]}},{"__type":"actiongroup","id":"AnsweredInt_5mDo5ggkdF9","actions":{"Actions":[{"__type":"exe_actiongroup","id":"DisableChoices_5mDo5ggkdF9","scoperef":null,"params":null},{"__type":"if_action","condition":{"Statement":{"__type":"compare","operator":"eq","valuea":"WindowId","typea":"property","valueb":"_frame","typeb":"string"}},"then_actions":{"Actions":[{"__type":"set_frame_layout","name":"pxabnsnfns00001100101"}]},"else_actions":{"Actions":[{"__type":"set_window_control_layout","name":"pxabnsnfns00001100101"}]}},{"__type":"set_enabled","objref":{"type":"string","value":"list_5mDo5ggkdF9"},"enabled":{"type":"boolean","value":false}}]}},{"__type":"actiongroup","id":"DisableChoices_5mDo5ggkdF9","actions":{"Actions":[{"__type":"set_enabled","objref":{"type":"string","value":"list_5mDo5ggkdF9"},"enabled":{"type":"boolean","value":false}}]}},{"__type":"actiongroup","id":"5mDo5ggkdF9_CheckAnswered","actions":{"Actions":[{"__type":"if_action","condition":{"Statement":{"__type":"or","Statements":[{"__type":"compare","operator":"eq","valuea":"6WV0387CxrY.Status","typea":"property","valueb":"correct","typeb":"string"},{"__type":"compare","operator":"eq","valuea":"_player.5WfhuQ3hw1Y.QuizComplete","typea":"property","valueb":true,"typeb":"boolean"}]}},"then_actions":{"Actions":[{"__type":"exe_actiongroup","id":"AnsweredInt_5mDo5ggkdF9","scoperef":null,"params":null}]},"else_actions":{"Actions":[{"__type":"if_action","condition":{"Statement":{"__type":"compare","operator":"eq","valuea":"6WV0387CxrY.Status","typea":"property","valueb":"incorrect","typeb":"string"}},"then_actions":{"Actions":[{"__type":"if_action","condition":{"Statement":{"__type":"compare","operator":"gte","valuea":"6WV0387CxrY.AttemptCount","typea":"property","valueb":1,"typeb":"number"}},"then_actions":{"Actions":[{"__type":"exe_actiongroup","id":"AnsweredInt_5mDo5ggkdF9","scoperef":null,"params":null}]},"else_actions":null}]},"else_actions":null}]}}]}},{"__type":"actiongroup","id":"SetLayout_pxabnsnfns00001100101","actions":{"Actions":[{"__type":"if_action","condition":{"Statement":{"__type":"compare","operator":"eq","valuea":"WindowId","typea":"property","valueb":"_frame","typeb":"string"}},"then_actions":{"Actions":[{"__type":"set_frame_layout","name":"pxabnsnfns00001100101"}]},"else_actions":{"Actions":[{"__type":"set_window_control_layout","name":"pxabnsnfns00001100101"}]}}]}},{"__type":"actiongroup","id":"CloseFeedback","actions":{"Actions":[{"__type":"if_action","condition":{"Statement":{"__type":"compare","operator":"eq","valuea":"_player.5WfhuQ3hw1Y.QuizComplete","typea":"property","valueb":true,"typeb":"boolean"}},"then_actions":{"Actions":[{"__type":"hide_slidelayer","transition":"appear","objref":{"type":"string","value":"6COmTBrLvgv"}},{"__type":"hide_slidelayer","transition":"appear","objref":{"type":"string","value":"6DkKvTKcnF4"}}]},"else_actions":null}]}},{"__type":"actiongroup","id":"NavigationRestrictionNextSlide_5nZ64RoIqZx","actions":{"Actions":[{"__type":"gotoplay","window":"_current","wndtype":"normal","objref":{"type":"string","value":"_parent.6QbzVLpZmnv"}}]}},{"__type":"actiongroup","id":"NavigationRestrictionPreviousSlide_5nZ64RoIqZx","actions":{"Actions":[{"__type":"history_prev"}]}}],"events":[{"__type":"onbeforeslidein","actions":{"Actions":[{"__type":"if_action","condition":{"Statement":{"__type":"compare","operator":"eq","valuea":"WindowId","typea":"property","valueb":"_frame","typeb":"string"}},"then_actions":{"Actions":[{"__type":"set_frame_layout","name":"npnxnanbsnfns00001100101"}]},"else_actions":{"Actions":[{"__type":"set_window_control_layout","name":"npnxnanbsnfns00001100101"}]}}]}},{"__type":"onsubmitslide","actions":{"Actions":[{"__type":"exe_actiongroup","id":"ActGrpOnSubmitButtonClick","scoperef":null,"params":null}]}},{"__type":"ontransitionin","actions":{"Actions":[{"__type":"adjustvar","variable":"_player.LastSlideViewed_5Zxg3fY3Nhm","operator":"set","value":{"type":"string","value":"_player."}},{"__type":"adjustvar","variable":"_player.LastSlideViewed_5Zxg3fY3Nhm","operator":"add","value":{"type":"property","value":"AbsoluteId"}},{"__type":"if_action","condition":{"Statement":{"__type":"compare","operator":"eq","valuea":"_player.ReviewMode_5mDo5ggkdF9","typea":"var","valueb":true,"typeb":"boolean"}},"then_actions":{"Actions":[{"__type":"exe_actiongroup","id":"ReviewInt_5mDo5ggkdF9","scoperef":null,"params":null}]},"else_actions":{"Actions":[{"__type":"exe_actiongroup","id":"5mDo5ggkdF9_CheckAnswered","scoperef":null,"params":null}]}},{"__type":"exe_actiongroup","id":"CloseFeedback","scoperef":null,"params":null}]}},{"__type":"onnextslide","actions":{"Actions":[{"__type":"if_action","condition":{"Statement":{"__type":"compare","operator":"eq","valuea":"_player.ReviewMode_5mDo5ggkdF9","typea":"var","valueb":true,"typeb":"boolean"}},"then_actions":{"Actions":[{"__type":"if_action","condition":{"Statement":{"__type":"compare","operator":"eq","valuea":"_player.CurrentQuiz_5mDo5ggkdF9","typea":"var","valueb":"5WfhuQ3hw1Y","typeb":"string"}},"then_actions":{"Actions":[{"__type":"nextviewedslide","quizref":{"type":"string","value":"_player.5WfhuQ3hw1Y"},"completed_slide_ref":{"type":"string","value":"_player.6RoriILyZrf.6Am9SBi3ums"}}]},"else_actions":{"Actions":[{"__type":"debug_trace","message":"WARNING: question is in review mode, but not for any quiz that it\u0027s a part of"}]}}]},"else_actions":{"Actions":[{"__type":"exe_actiongroup","id":"NavigationRestrictionNextSlide_5nZ64RoIqZx","scoperef":null,"params":null}]}}]}},{"__type":"onprevslide","actions":{"Actions":[{"__type":"exe_actiongroup","id":"NavigationRestrictionPreviousSlide_5nZ64RoIqZx","scoperef":null,"params":null}]}}]}
