{"dataurl":"story_content/slides/5rv2GAmKi6e.swf","iosurl":null,"html5url":null,"title":"True or False – Correct = True","trackviews":true,"showmenuresulticon":false,"viewgroupid":"","historygroupid":"","videozoom":"","scrolling":false,"transition":"appear","transduration":0,"transdir":1,"wipetrans":false,"slidelock":false,"navindex":-1,"globalaudioid":"","thumbnailid":"","slidewindowbg":null,"presenterref":{"id":"none","videodata":null},"slidelayers":[{"__type":"slidelayer","hideobjectsondisplay":null,"depth":0,"modal":true,"pauseparent":true,"rotatexpos":360,"rotateypos":270,"tabindex":-1,"enableseek":true,"enablereplay":true,"lmsid":"","timeline":{"duration":5000,"events":[{"__type":"event","time":0,"actions":{"Actions":[{"__type":"show","transition":"appear","objref":{"type":"string","value":"67oZurER0Tf"}},{"__type":"show","transition":"appear","objref":{"type":"string","value":"6b8USe9TnIt"}},{"__type":"show","transition":"appear","objref":{"type":"string","value":"5yjIoK0ZD43"}},{"__type":"show","transition":"appear","objref":{"type":"string","value":"67F1PIeokp7"}},{"__type":"show","transition":"appear","objref":{"type":"string","value":"5zn4ncnxwIt"}}]}}]},"objects":{"Objects":[{"__type":"vectorshape","rotation":0,"acctype":"text","cliptobounds":false,"defaultaction":"","shapemaskid":"","xpos":142,"ypos":175,"tabindex":5,"tabenabled":false,"xoffset":0,"yoffset":0,"rotatexpos":218,"rotateypos":95,"xscale":100,"yscale":100,"alpha":100,"depth":1,"scrolling":false,"shufflelock":false,"dragdrop":null,"dragpath":null,"dragrotation":null,"data":{"hotlinkid":"","accstate":0,"textdata":null,"imagedata":null,"swfdata":null,"videodata":null,"emfdata":null,"rectdata":null,"vectordata":{"left":-2,"top":-2,"right":438,"bottom":192,"alttext":"","lmstext":null,"pngfb":false,"pr":{"l":"Lib","i":17},"text":null},"html5data":{"url":null,"xpos":-1,"ypos":-1,"width":437,"height":191,"strokewidth":1,"mask":null}},"mask":null,"markerType":null,"width":436,"height":190,"resume":true,"usehandcursor":false,"background":null,"id":"67F1PIeokp7"},{"__type":"vectorshape","rotation":0,"acctype":"text","cliptobounds":false,"defaultaction":"","shapemaskid":"","xpos":160,"ypos":228,"tabindex":7,"tabenabled":false,"xoffset":0,"yoffset":0,"rotatexpos":199.5,"rotateypos":-0.5,"xscale":100,"yscale":100,"alpha":100,"depth":2,"scrolling":false,"shufflelock":false,"dragdrop":null,"dragpath":null,"dragrotation":null,"data":{"hotlinkid":"","accstate":0,"textdata":null,"imagedata":null,"swfdata":null,"videodata":null,"emfdata":null,"rectdata":null,"vectordata":{"left":-2,"top":-2,"right":402,"bottom":2,"alttext":"","lmstext":null,"pngfb":false,"pr":{"l":"Lib","i":18},"text":null},"html5data":{"url":null,"xpos":-1,"ypos":-1,"width":401,"height":1,"strokewidth":1,"mask":null}},"mask":null,"markerType":null,"width":400,"height":0,"resume":true,"usehandcursor":false,"background":null,"id":"5zn4ncnxwIt"},{"__type":"vectorshape","rotation":0,"acctype":"text","cliptobounds":false,"defaultaction":"","textlib":[{"__type":"textdata","uniqueId":"67oZurER0Tf_-1907943786","id":"01","linkid":"txt__default_67oZurER0Tf","type":"vectortext","alttext":null,"lmstext":null,"xpos":0,"ypos":0,"width":0,"height":0,"shadowindex":-1,"vartext":null,"vectortext":{"left":0,"top":0,"right":81,"bottom":32,"alttext":null,"lmstext":null,"pngfb":false,"pr":{"l":"Lib","i":20},"text":null}}],"shapemaskid":"","xpos":160,"ypos":187,"tabindex":6,"tabenabled":true,"xoffset":0,"yoffset":0,"rotatexpos":200,"rotateypos":19,"xscale":100,"yscale":100,"alpha":100,"depth":3,"scrolling":true,"shufflelock":false,"dragdrop":null,"dragpath":null,"dragrotation":null,"data":{"hotlinkid":"","accstate":0,"textdata":null,"imagedata":null,"swfdata":null,"videodata":null,"emfdata":null,"rectdata":null,"vectordata":{"left":0,"top":0,"right":400,"bottom":38,"alttext":"Correct","lmstext":null,"pngfb":false,"pr":{"l":"Lib","i":19},"text":null},"html5data":{"url":null,"xpos":-1,"ypos":-1,"width":401,"height":39,"strokewidth":0,"mask":null}},"mask":null,"markerType":null,"width":400,"height":38,"resume":true,"usehandcursor":true,"background":null,"id":"67oZurER0Tf"},{"__type":"vectorshape","rotation":0,"acctype":"text","cliptobounds":false,"defaultaction":"","textlib":[{"__type":"textdata","uniqueId":"6b8USe9TnIt_-368824122","id":"01","linkid":"txt__default_6b8USe9TnIt","type":"vectortext","alttext":null,"lmstext":null,"xpos":0,"ypos":0,"width":0,"height":0,"shadowindex":-1,"vartext":null,"vectortext":{"left":0,"top":0,"right":371,"bottom":27,"alttext":null,"lmstext":null,"pngfb":false,"pr":{"l":"Lib","i":22},"text":null}}],"shapemaskid":"","xpos":160,"ypos":234,"tabindex":8,"tabenabled":true,"xoffset":0,"yoffset":0,"rotatexpos":200,"rotateypos":38.5,"xscale":100,"yscale":100,"alpha":100,"depth":4,"scrolling":true,"shufflelock":false,"dragdrop":null,"dragpath":null,"dragrotation":null,"data":{"hotlinkid":"","accstate":0,"textdata":null,"imagedata":null,"swfdata":null,"videodata":null,"emfdata":null,"rectdata":null,"vectordata":{"left":0,"top":0,"right":400,"bottom":77,"alttext":"That\u0027s right!  You selected the correct response.","lmstext":null,"pngfb":false,"pr":{"l":"Lib","i":21},"text":null},"html5data":{"url":null,"xpos":-1,"ypos":-1,"width":401,"height":78,"strokewidth":0,"mask":null}},"mask":null,"markerType":null,"width":400,"height":77,"resume":true,"usehandcursor":true,"background":null,"id":"6b8USe9TnIt"},{"__type":"vectorshape","rotation":0,"acctype":"button","cliptobounds":false,"defaultaction":"onrelease","textlib":[{"__type":"textdata","uniqueId":"5j5opRwNg0K_-1746090834","id":"01","linkid":"txt__default_5yjIoK0ZD43","type":"vectortext","alttext":null,"lmstext":null,"xpos":0,"ypos":0,"width":0,"height":0,"shadowindex":-1,"vartext":null,"vectortext":{"left":0,"top":0,"right":97,"bottom":26,"alttext":null,"lmstext":null,"pngfb":false,"pr":{"l":"Lib","i":28},"text":null}}],"shapemaskid":"","xpos":298,"ypos":323,"tabindex":9,"tabenabled":true,"xoffset":0,"yoffset":0,"rotatexpos":62.5,"rotateypos":15,"xscale":100,"yscale":100,"alpha":100,"depth":5,"scrolling":true,"shufflelock":false,"dragdrop":null,"dragpath":null,"dragrotation":null,"data":{"hotlinkid":"","accstate":0,"textdata":null,"imagedata":null,"swfdata":null,"videodata":null,"emfdata":null,"rectdata":null,"vectordata":{"left":-2,"top":-2,"right":126,"bottom":31,"alttext":"Continue","lmstext":null,"pngfb":false,"pr":{"l":"Lib","i":23},"text":null},"html5data":{"url":null,"xpos":-1,"ypos":-1,"width":126,"height":31,"strokewidth":1,"mask":null}},"mask":null,"states":[{"__type":"state","name":"_default_Disabled","data":{"hotlinkid":"","accstate":1,"textdata":null,"imagedata":null,"swfdata":null,"videodata":null,"emfdata":null,"rectdata":null,"vectordata":{"left":-2,"top":-2,"right":126,"bottom":31,"alttext":"Continue","lmstext":null,"pngfb":false,"pr":{"l":"Lib","i":23},"text":null},"html5data":{"url":null,"xpos":-2,"ypos":-2,"width":128,"height":33,"strokewidth":1,"mask":null}}},{"__type":"state","name":"_default_Down","data":{"hotlinkid":"","accstate":8,"textdata":null,"imagedata":null,"swfdata":null,"videodata":null,"emfdata":null,"rectdata":null,"vectordata":{"left":-2,"top":-2,"right":126,"bottom":31,"alttext":"Continue","lmstext":null,"pngfb":false,"pr":{"l":"Lib","i":24},"text":null},"html5data":{"url":null,"xpos":-2,"ypos":-2,"width":128,"height":33,"strokewidth":1,"mask":null}}},{"__type":"state","name":"_default_Visited","data":{"hotlinkid":"","accstate":0,"textdata":null,"imagedata":null,"swfdata":null,"videodata":null,"emfdata":null,"rectdata":null,"vectordata":{"left":-2,"top":-2,"right":126,"bottom":31,"alttext":"Continue","lmstext":null,"pngfb":false,"pr":{"l":"Lib","i":23},"text":null},"html5data":{"url":null,"xpos":-2,"ypos":-2,"width":128,"height":33,"strokewidth":1,"mask":null}}},{"__type":"state","name":"_default_Visited_Disabled","data":{"hotlinkid":"","accstate":1,"textdata":null,"imagedata":null,"swfdata":null,"videodata":null,"emfdata":null,"rectdata":null,"vectordata":{"left":-2,"top":-2,"right":126,"bottom":31,"alttext":"Continue","lmstext":null,"pngfb":false,"pr":{"l":"Lib","i":23},"text":null},"html5data":{"url":null,"xpos":-2,"ypos":-2,"width":128,"height":33,"strokewidth":1,"mask":null}}},{"__type":"state","name":"_default_Down_Visited","data":{"hotlinkid":"","accstate":8,"textdata":null,"imagedata":null,"swfdata":null,"videodata":null,"emfdata":null,"rectdata":null,"vectordata":{"left":-2,"top":-2,"right":126,"bottom":31,"alttext":"Continue","lmstext":null,"pngfb":false,"pr":{"l":"Lib","i":24},"text":null},"html5data":{"url":null,"xpos":-2,"ypos":-2,"width":128,"height":33,"strokewidth":1,"mask":null}}},{"__type":"state","name":"_default_Hover","data":{"hotlinkid":"","accstate":0,"textdata":null,"imagedata":null,"swfdata":null,"videodata":null,"emfdata":null,"rectdata":null,"vectordata":{"left":-2,"top":-2,"right":126,"bottom":31,"alttext":"Continue","lmstext":null,"pngfb":false,"pr":{"l":"Lib","i":25},"text":null},"html5data":{"url":null,"xpos":-2,"ypos":-2,"width":128,"height":33,"strokewidth":1,"mask":null}}},{"__type":"state","name":"_default_Hover_Disabled","data":{"hotlinkid":"","accstate":1,"textdata":null,"imagedata":null,"swfdata":null,"videodata":null,"emfdata":null,"rectdata":null,"vectordata":{"left":-2,"top":-2,"right":126,"bottom":31,"alttext":"Continue","lmstext":null,"pngfb":false,"pr":{"l":"Lib","i":26},"text":null},"html5data":{"url":null,"xpos":-2,"ypos":-2,"width":128,"height":33,"strokewidth":1,"mask":null}}},{"__type":"state","name":"_default_Hover_Down","data":{"hotlinkid":"","accstate":8,"textdata":null,"imagedata":null,"swfdata":null,"videodata":null,"emfdata":null,"rectdata":null,"vectordata":{"left":-2,"top":-2,"right":126,"bottom":31,"alttext":"Continue","lmstext":null,"pngfb":false,"pr":{"l":"Lib","i":27},"text":null},"html5data":{"url":null,"xpos":-2,"ypos":-2,"width":128,"height":33,"strokewidth":1,"mask":null}}},{"__type":"state","name":"_default_Hover_Visited","data":{"hotlinkid":"","accstate":0,"textdata":null,"imagedata":null,"swfdata":null,"videodata":null,"emfdata":null,"rectdata":null,"vectordata":{"left":-2,"top":-2,"right":126,"bottom":31,"alttext":"Continue","lmstext":null,"pngfb":false,"pr":{"l":"Lib","i":25},"text":null},"html5data":{"url":null,"xpos":-2,"ypos":-2,"width":128,"height":33,"strokewidth":1,"mask":null}}},{"__type":"state","name":"_default_Hover_Visited_Disabled","data":{"hotlinkid":"","accstate":1,"textdata":null,"imagedata":null,"swfdata":null,"videodata":null,"emfdata":null,"rectdata":null,"vectordata":{"left":-2,"top":-2,"right":126,"bottom":31,"alttext":"Continue","lmstext":null,"pngfb":false,"pr":{"l":"Lib","i":25},"text":null},"html5data":{"url":null,"xpos":-2,"ypos":-2,"width":128,"height":33,"strokewidth":1,"mask":null}}},{"__type":"state","name":"_default_Hover_Down_Visited","data":{"hotlinkid":"","accstate":8,"textdata":null,"imagedata":null,"swfdata":null,"videodata":null,"emfdata":null,"rectdata":null,"vectordata":{"left":-2,"top":-2,"right":126,"bottom":31,"alttext":"Continue","lmstext":null,"pngfb":false,"pr":{"l":"Lib","i":27},"text":null},"html5data":{"url":null,"xpos":-2,"ypos":-2,"width":128,"height":33,"strokewidth":1,"mask":null}}}],"markerType":null,"width":125,"height":30,"resume":true,"usehandcursor":true,"background":null,"id":"5yjIoK0ZD43","variables":[{"__type":"variable","name":"_hover","type":"boolean","value":false,"resume":true},{"__type":"variable","name":"_down","type":"boolean","value":false,"resume":true},{"__type":"variable","name":"_disabled","type":"boolean","value":false,"resume":true},{"__type":"variable","name":"_visited","type":"boolean","value":false,"resume":true},{"__type":"variable","name":"_savevisited","type":"boolean","value":false,"resume":true},{"__type":"variable","name":"_state","type":"string","value":"_default","resume":true},{"__type":"variable","name":"_stateName","type":"string","value":"","resume":true},{"__type":"variable","name":"_tempStateName","type":"string","value":"","resume":false}],"actiongroups":[{"__type":"actiongroup","id":"ActGrpSetVisitedState","actions":{"Actions":[{"__type":"adjustvar","variable":"_savevisited","operator":"set","value":{"type":"var","value":"_visited"}},{"__type":"adjustvar","variable":"_visited","operator":"set","value":{"type":"boolean","value":true}},{"__type":"exe_actiongroup","id":"_player._setstates","scoperef":{"type":"string","value":"_this"},"params":null}]}},{"__type":"actiongroup","id":"ActGrpSetHoverState","actions":{"Actions":[{"__type":"adjustvar","variable":"_hover","operator":"set","value":{"type":"boolean","value":true}},{"__type":"exe_actiongroup","id":"_player._setstates","scoperef":{"type":"string","value":"_this"},"params":null}]}},{"__type":"actiongroup","id":"ActGrpClearHoverState","actions":{"Actions":[{"__type":"adjustvar","variable":"_hover","operator":"set","value":{"type":"boolean","value":false}},{"__type":"exe_actiongroup","id":"_player._setstates","scoperef":{"type":"string","value":"_this"},"params":null}]}},{"__type":"actiongroup","id":"ActGrpSetDisabledState","actions":{"Actions":[{"__type":"adjustvar","variable":"_disabled","operator":"set","value":{"type":"boolean","value":true}},{"__type":"exe_actiongroup","id":"_player._setstates","scoperef":{"type":"string","value":"_this"},"params":null}]}},{"__type":"actiongroup","id":"ActGrpSetDownState","actions":{"Actions":[{"__type":"adjustvar","variable":"_down","operator":"set","value":{"type":"boolean","value":true}},{"__type":"exe_actiongroup","id":"_player._setstates","scoperef":{"type":"string","value":"_this"},"params":null}]}},{"__type":"actiongroup","id":"ActGrpClearStateVars","actions":{"Actions":[{"__type":"adjustvar","variable":"_hover","operator":"set","value":{"type":"boolean","value":false}},{"__type":"adjustvar","variable":"_down","operator":"set","value":{"type":"boolean","value":false}},{"__type":"adjustvar","variable":"_disabled","operator":"set","value":{"type":"boolean","value":false}},{"__type":"adjustvar","variable":"_visited","operator":"set","value":{"type":"boolean","value":false}},{"__type":"adjustvar","variable":"_savevisited","operator":"set","value":{"type":"boolean","value":false}}]}}],"events":[{"__type":"onrelease","actions":{"Actions":[{"__type":"exe_actiongroup","id":"ActGrpSetVisitedState","scoperef":{"type":"string","value":"_this"},"params":null},{"__type":"adjustvar","variable":"_hover","operator":"set","value":{"type":"boolean","value":false}},{"__type":"adjustvar","variable":"_down","operator":"set","value":{"type":"boolean","value":false}},{"__type":"exe_actiongroup","id":"_player._setstates","scoperef":{"type":"string","value":"_this"},"params":null},{"__type":"hide_slidelayer","transition":"appear","objref":{"type":"string","value":"_parent"}},{"__type":"gotoplay","window":"_current","wndtype":"normal","objref":{"type":"string","value":"_player.6RoriILyZrf.6oAmxoYSFQ4"}}]}},{"__type":"ontransitionin","actions":{"Actions":[{"__type":"exe_actiongroup","id":"_player._setstates","scoperef":{"type":"string","value":"_this"},"params":null}]}},{"__type":"onrollover","actions":{"Actions":[{"__type":"exe_actiongroup","id":"ActGrpSetHoverState","scoperef":{"type":"string","value":"_this"},"params":null}]}},{"__type":"onrollout","actions":{"Actions":[{"__type":"exe_actiongroup","id":"ActGrpClearHoverState","scoperef":{"type":"string","value":"_this"},"params":null}]}},{"__type":"onpress","actions":{"Actions":[{"__type":"exe_actiongroup","id":"ActGrpSetDownState","scoperef":{"type":"string","value":"_this"},"params":null}]}},{"__type":"onreleaseoutside","actions":{"Actions":[{"__type":"adjustvar","variable":"_down","operator":"set","value":{"type":"boolean","value":false}},{"__type":"exe_actiongroup","id":"_player._setstates","scoperef":{"type":"string","value":"_this"},"params":null}]}}]}]},"starttime":-1,"elapsedtimemode":"normal","width":720,"height":540,"resume":true,"usehandcursor":false,"background":null,"id":"6NhsS0RDoQr","events":[{"__type":"ontopmostlayer","actions":{"Actions":[{"__type":"setactivetimeline","objref":{"type":"string","value":"_this"}}]}},{"__type":"ontransitionin","actions":{"Actions":[{"__type":"enable_frame_control","name":"submit","enable":false}]}},{"__type":"ontransitionout","actions":{"Actions":[{"__type":"enable_frame_control","name":"submit","enable":true}]}},{"__type":"ontransitionincomplete","actions":{"Actions":[{"__type":"setfocus","showrect":false,"value":{"type":"string","value":"67oZurER0Tf"}}]}}]},{"__type":"slidelayer","hideobjectsondisplay":null,"depth":0,"modal":true,"pauseparent":true,"rotatexpos":360,"rotateypos":270,"tabindex":-1,"enableseek":true,"enablereplay":true,"lmsid":"","timeline":{"duration":5000,"events":[{"__type":"event","time":0,"actions":{"Actions":[{"__type":"show","transition":"appear","objref":{"type":"string","value":"5W4OGkMqmQI"}},{"__type":"show","transition":"appear","objref":{"type":"string","value":"635NWATeX7Z"}},{"__type":"show","transition":"appear","objref":{"type":"string","value":"6buRPAvPDKS"}},{"__type":"show","transition":"appear","objref":{"type":"string","value":"67F1PIeokp7"}},{"__type":"show","transition":"appear","objref":{"type":"string","value":"5zn4ncnxwIt"}}]}}]},"objects":{"Objects":[{"__type":"vectorshape","rotation":0,"acctype":"text","cliptobounds":false,"defaultaction":"","shapemaskid":"","xpos":142,"ypos":175,"tabindex":0,"tabenabled":false,"xoffset":0,"yoffset":0,"rotatexpos":218,"rotateypos":95,"xscale":100,"yscale":100,"alpha":100,"depth":1,"scrolling":false,"shufflelock":false,"dragdrop":null,"dragpath":null,"dragrotation":null,"data":{"hotlinkid":"","accstate":0,"textdata":null,"imagedata":null,"swfdata":null,"videodata":null,"emfdata":null,"rectdata":null,"vectordata":{"left":-2,"top":-2,"right":438,"bottom":192,"alttext":"","lmstext":null,"pngfb":false,"pr":{"l":"Lib","i":17},"text":null},"html5data":{"url":null,"xpos":-1,"ypos":-1,"width":437,"height":191,"strokewidth":1,"mask":null}},"mask":null,"markerType":null,"width":436,"height":190,"resume":true,"usehandcursor":false,"background":null,"id":"67F1PIeokp7"},{"__type":"vectorshape","rotation":0,"acctype":"text","cliptobounds":false,"defaultaction":"","shapemaskid":"","xpos":160,"ypos":228,"tabindex":2,"tabenabled":false,"xoffset":0,"yoffset":0,"rotatexpos":199.5,"rotateypos":-0.5,"xscale":100,"yscale":100,"alpha":100,"depth":2,"scrolling":false,"shufflelock":false,"dragdrop":null,"dragpath":null,"dragrotation":null,"data":{"hotlinkid":"","accstate":0,"textdata":null,"imagedata":null,"swfdata":null,"videodata":null,"emfdata":null,"rectdata":null,"vectordata":{"left":-2,"top":-2,"right":402,"bottom":2,"alttext":"","lmstext":null,"pngfb":false,"pr":{"l":"Lib","i":18},"text":null},"html5data":{"url":null,"xpos":-1,"ypos":-1,"width":401,"height":1,"strokewidth":1,"mask":null}},"mask":null,"markerType":null,"width":400,"height":0,"resume":true,"usehandcursor":false,"background":null,"id":"5zn4ncnxwIt"},{"__type":"vectorshape","rotation":0,"acctype":"text","cliptobounds":false,"defaultaction":"","textlib":[{"__type":"textdata","uniqueId":"5W4OGkMqmQI_-961512472","id":"01","linkid":"txt__default_5W4OGkMqmQI","type":"vectortext","alttext":null,"lmstext":null,"xpos":0,"ypos":0,"width":0,"height":0,"shadowindex":-1,"vartext":null,"vectortext":{"left":0,"top":0,"right":97,"bottom":32,"alttext":null,"lmstext":null,"pngfb":false,"pr":{"l":"Lib","i":29},"text":null}}],"shapemaskid":"","xpos":160,"ypos":187,"tabindex":1,"tabenabled":true,"xoffset":0,"yoffset":0,"rotatexpos":200,"rotateypos":19,"xscale":100,"yscale":100,"alpha":100,"depth":3,"scrolling":true,"shufflelock":false,"dragdrop":null,"dragpath":null,"dragrotation":null,"data":{"hotlinkid":"","accstate":0,"textdata":null,"imagedata":null,"swfdata":null,"videodata":null,"emfdata":null,"rectdata":null,"vectordata":{"left":0,"top":0,"right":400,"bottom":38,"alttext":"Incorrect","lmstext":null,"pngfb":false,"pr":{"l":"Lib","i":19},"text":null},"html5data":{"url":null,"xpos":-1,"ypos":-1,"width":401,"height":39,"strokewidth":0,"mask":null}},"mask":null,"markerType":null,"width":400,"height":38,"resume":true,"usehandcursor":true,"background":null,"id":"5W4OGkMqmQI"},{"__type":"vectorshape","rotation":0,"acctype":"text","cliptobounds":false,"defaultaction":"","textlib":[{"__type":"textdata","uniqueId":"635NWATeX7Z_-1877541059","id":"01","linkid":"txt__default_635NWATeX7Z","type":"vectortext","alttext":null,"lmstext":null,"xpos":0,"ypos":0,"width":0,"height":0,"shadowindex":-1,"vartext":null,"vectortext":{"left":0,"top":0,"right":312,"bottom":27,"alttext":null,"lmstext":null,"pngfb":false,"pr":{"l":"Lib","i":30},"text":null}}],"shapemaskid":"","xpos":160,"ypos":234,"tabindex":3,"tabenabled":true,"xoffset":0,"yoffset":0,"rotatexpos":200,"rotateypos":38.5,"xscale":100,"yscale":100,"alpha":100,"depth":4,"scrolling":true,"shufflelock":false,"dragdrop":null,"dragpath":null,"dragrotation":null,"data":{"hotlinkid":"","accstate":0,"textdata":null,"imagedata":null,"swfdata":null,"videodata":null,"emfdata":null,"rectdata":null,"vectordata":{"left":0,"top":0,"right":400,"bottom":77,"alttext":"You did not select the correct response.","lmstext":null,"pngfb":false,"pr":{"l":"Lib","i":21},"text":null},"html5data":{"url":null,"xpos":-1,"ypos":-1,"width":401,"height":78,"strokewidth":0,"mask":null}},"mask":null,"markerType":null,"width":400,"height":77,"resume":true,"usehandcursor":true,"background":null,"id":"635NWATeX7Z"},{"__type":"vectorshape","rotation":0,"acctype":"button","cliptobounds":false,"defaultaction":"onrelease","textlib":[{"__type":"textdata","uniqueId":"5W4zpc5g58d_1794624630","id":"01","linkid":"txt__default_6buRPAvPDKS","type":"vectortext","alttext":null,"lmstext":null,"xpos":0,"ypos":0,"width":0,"height":0,"shadowindex":-1,"vartext":null,"vectortext":{"left":0,"top":0,"right":97,"bottom":26,"alttext":null,"lmstext":null,"pngfb":false,"pr":{"l":"Lib","i":28},"text":null}}],"shapemaskid":"","xpos":298,"ypos":323,"tabindex":4,"tabenabled":true,"xoffset":0,"yoffset":0,"rotatexpos":62.5,"rotateypos":15,"xscale":100,"yscale":100,"alpha":100,"depth":5,"scrolling":true,"shufflelock":false,"dragdrop":null,"dragpath":null,"dragrotation":null,"data":{"hotlinkid":"","accstate":0,"textdata":null,"imagedata":null,"swfdata":null,"videodata":null,"emfdata":null,"rectdata":null,"vectordata":{"left":-2,"top":-2,"right":126,"bottom":31,"alttext":"Continue","lmstext":null,"pngfb":false,"pr":{"l":"Lib","i":23},"text":null},"html5data":{"url":null,"xpos":-1,"ypos":-1,"width":126,"height":31,"strokewidth":1,"mask":null}},"mask":null,"states":[{"__type":"state","name":"_default_Disabled","data":{"hotlinkid":"","accstate":1,"textdata":null,"imagedata":null,"swfdata":null,"videodata":null,"emfdata":null,"rectdata":null,"vectordata":{"left":-2,"top":-2,"right":126,"bottom":31,"alttext":"Continue","lmstext":null,"pngfb":false,"pr":{"l":"Lib","i":23},"text":null},"html5data":{"url":null,"xpos":-2,"ypos":-2,"width":128,"height":33,"strokewidth":1,"mask":null}}},{"__type":"state","name":"_default_Down","data":{"hotlinkid":"","accstate":8,"textdata":null,"imagedata":null,"swfdata":null,"videodata":null,"emfdata":null,"rectdata":null,"vectordata":{"left":-2,"top":-2,"right":126,"bottom":31,"alttext":"Continue","lmstext":null,"pngfb":false,"pr":{"l":"Lib","i":24},"text":null},"html5data":{"url":null,"xpos":-2,"ypos":-2,"width":128,"height":33,"strokewidth":1,"mask":null}}},{"__type":"state","name":"_default_Visited","data":{"hotlinkid":"","accstate":0,"textdata":null,"imagedata":null,"swfdata":null,"videodata":null,"emfdata":null,"rectdata":null,"vectordata":{"left":-2,"top":-2,"right":126,"bottom":31,"alttext":"Continue","lmstext":null,"pngfb":false,"pr":{"l":"Lib","i":23},"text":null},"html5data":{"url":null,"xpos":-2,"ypos":-2,"width":128,"height":33,"strokewidth":1,"mask":null}}},{"__type":"state","name":"_default_Visited_Disabled","data":{"hotlinkid":"","accstate":1,"textdata":null,"imagedata":null,"swfdata":null,"videodata":null,"emfdata":null,"rectdata":null,"vectordata":{"left":-2,"top":-2,"right":126,"bottom":31,"alttext":"Continue","lmstext":null,"pngfb":false,"pr":{"l":"Lib","i":23},"text":null},"html5data":{"url":null,"xpos":-2,"ypos":-2,"width":128,"height":33,"strokewidth":1,"mask":null}}},{"__type":"state","name":"_default_Down_Visited","data":{"hotlinkid":"","accstate":8,"textdata":null,"imagedata":null,"swfdata":null,"videodata":null,"emfdata":null,"rectdata":null,"vectordata":{"left":-2,"top":-2,"right":126,"bottom":31,"alttext":"Continue","lmstext":null,"pngfb":false,"pr":{"l":"Lib","i":24},"text":null},"html5data":{"url":null,"xpos":-2,"ypos":-2,"width":128,"height":33,"strokewidth":1,"mask":null}}},{"__type":"state","name":"_default_Hover","data":{"hotlinkid":"","accstate":0,"textdata":null,"imagedata":null,"swfdata":null,"videodata":null,"emfdata":null,"rectdata":null,"vectordata":{"left":-2,"top":-2,"right":126,"bottom":31,"alttext":"Continue","lmstext":null,"pngfb":false,"pr":{"l":"Lib","i":25},"text":null},"html5data":{"url":null,"xpos":-2,"ypos":-2,"width":128,"height":33,"strokewidth":1,"mask":null}}},{"__type":"state","name":"_default_Hover_Disabled","data":{"hotlinkid":"","accstate":1,"textdata":null,"imagedata":null,"swfdata":null,"videodata":null,"emfdata":null,"rectdata":null,"vectordata":{"left":-2,"top":-2,"right":126,"bottom":31,"alttext":"Continue","lmstext":null,"pngfb":false,"pr":{"l":"Lib","i":26},"text":null},"html5data":{"url":null,"xpos":-2,"ypos":-2,"width":128,"height":33,"strokewidth":1,"mask":null}}},{"__type":"state","name":"_default_Hover_Down","data":{"hotlinkid":"","accstate":8,"textdata":null,"imagedata":null,"swfdata":null,"videodata":null,"emfdata":null,"rectdata":null,"vectordata":{"left":-2,"top":-2,"right":126,"bottom":31,"alttext":"Continue","lmstext":null,"pngfb":false,"pr":{"l":"Lib","i":27},"text":null},"html5data":{"url":null,"xpos":-2,"ypos":-2,"width":128,"height":33,"strokewidth":1,"mask":null}}},{"__type":"state","name":"_default_Hover_Visited","data":{"hotlinkid":"","accstate":0,"textdata":null,"imagedata":null,"swfdata":null,"videodata":null,"emfdata":null,"rectdata":null,"vectordata":{"left":-2,"top":-2,"right":126,"bottom":31,"alttext":"Continue","lmstext":null,"pngfb":false,"pr":{"l":"Lib","i":25},"text":null},"html5data":{"url":null,"xpos":-2,"ypos":-2,"width":128,"height":33,"strokewidth":1,"mask":null}}},{"__type":"state","name":"_default_Hover_Visited_Disabled","data":{"hotlinkid":"","accstate":1,"textdata":null,"imagedata":null,"swfdata":null,"videodata":null,"emfdata":null,"rectdata":null,"vectordata":{"left":-2,"top":-2,"right":126,"bottom":31,"alttext":"Continue","lmstext":null,"pngfb":false,"pr":{"l":"Lib","i":25},"text":null},"html5data":{"url":null,"xpos":-2,"ypos":-2,"width":128,"height":33,"strokewidth":1,"mask":null}}},{"__type":"state","name":"_default_Hover_Down_Visited","data":{"hotlinkid":"","accstate":8,"textdata":null,"imagedata":null,"swfdata":null,"videodata":null,"emfdata":null,"rectdata":null,"vectordata":{"left":-2,"top":-2,"right":126,"bottom":31,"alttext":"Continue","lmstext":null,"pngfb":false,"pr":{"l":"Lib","i":27},"text":null},"html5data":{"url":null,"xpos":-2,"ypos":-2,"width":128,"height":33,"strokewidth":1,"mask":null}}}],"markerType":null,"width":125,"height":30,"resume":true,"usehandcursor":true,"background":null,"id":"6buRPAvPDKS","variables":[{"__type":"variable","name":"_hover","type":"boolean","value":false,"resume":true},{"__type":"variable","name":"_down","type":"boolean","value":false,"resume":true},{"__type":"variable","name":"_disabled","type":"boolean","value":false,"resume":true},{"__type":"variable","name":"_visited","type":"boolean","value":false,"resume":true},{"__type":"variable","name":"_savevisited","type":"boolean","value":false,"resume":true},{"__type":"variable","name":"_state","type":"string","value":"_default","resume":true},{"__type":"variable","name":"_stateName","type":"string","value":"","resume":true},{"__type":"variable","name":"_tempStateName","type":"string","value":"","resume":false}],"actiongroups":[{"__type":"actiongroup","id":"ActGrpSetVisitedState","actions":{"Actions":[{"__type":"adjustvar","variable":"_savevisited","operator":"set","value":{"type":"var","value":"_visited"}},{"__type":"adjustvar","variable":"_visited","operator":"set","value":{"type":"boolean","value":true}},{"__type":"exe_actiongroup","id":"_player._setstates","scoperef":{"type":"string","value":"_this"},"params":null}]}},{"__type":"actiongroup","id":"ActGrpSetHoverState","actions":{"Actions":[{"__type":"adjustvar","variable":"_hover","operator":"set","value":{"type":"boolean","value":true}},{"__type":"exe_actiongroup","id":"_player._setstates","scoperef":{"type":"string","value":"_this"},"params":null}]}},{"__type":"actiongroup","id":"ActGrpClearHoverState","actions":{"Actions":[{"__type":"adjustvar","variable":"_hover","operator":"set","value":{"type":"boolean","value":false}},{"__type":"exe_actiongroup","id":"_player._setstates","scoperef":{"type":"string","value":"_this"},"params":null}]}},{"__type":"actiongroup","id":"ActGrpSetDisabledState","actions":{"Actions":[{"__type":"adjustvar","variable":"_disabled","operator":"set","value":{"type":"boolean","value":true}},{"__type":"exe_actiongroup","id":"_player._setstates","scoperef":{"type":"string","value":"_this"},"params":null}]}},{"__type":"actiongroup","id":"ActGrpSetDownState","actions":{"Actions":[{"__type":"adjustvar","variable":"_down","operator":"set","value":{"type":"boolean","value":true}},{"__type":"exe_actiongroup","id":"_player._setstates","scoperef":{"type":"string","value":"_this"},"params":null}]}},{"__type":"actiongroup","id":"ActGrpClearStateVars","actions":{"Actions":[{"__type":"adjustvar","variable":"_hover","operator":"set","value":{"type":"boolean","value":false}},{"__type":"adjustvar","variable":"_down","operator":"set","value":{"type":"boolean","value":false}},{"__type":"adjustvar","variable":"_disabled","operator":"set","value":{"type":"boolean","value":false}},{"__type":"adjustvar","variable":"_visited","operator":"set","value":{"type":"boolean","value":false}},{"__type":"adjustvar","variable":"_savevisited","operator":"set","value":{"type":"boolean","value":false}}]}}],"events":[{"__type":"onrelease","actions":{"Actions":[{"__type":"exe_actiongroup","id":"ActGrpSetVisitedState","scoperef":{"type":"string","value":"_this"},"params":null},{"__type":"adjustvar","variable":"_hover","operator":"set","value":{"type":"boolean","value":false}},{"__type":"adjustvar","variable":"_down","operator":"set","value":{"type":"boolean","value":false}},{"__type":"exe_actiongroup","id":"_player._setstates","scoperef":{"type":"string","value":"_this"},"params":null},{"__type":"hide_slidelayer","transition":"appear","objref":{"type":"string","value":"_parent"}},{"__type":"gotoplay","window":"_current","wndtype":"normal","objref":{"type":"string","value":"_player.6RoriILyZrf.6oAmxoYSFQ4"}}]}},{"__type":"ontransitionin","actions":{"Actions":[{"__type":"exe_actiongroup","id":"_player._setstates","scoperef":{"type":"string","value":"_this"},"params":null}]}},{"__type":"onrollover","actions":{"Actions":[{"__type":"exe_actiongroup","id":"ActGrpSetHoverState","scoperef":{"type":"string","value":"_this"},"params":null}]}},{"__type":"onrollout","actions":{"Actions":[{"__type":"exe_actiongroup","id":"ActGrpClearHoverState","scoperef":{"type":"string","value":"_this"},"params":null}]}},{"__type":"onpress","actions":{"Actions":[{"__type":"exe_actiongroup","id":"ActGrpSetDownState","scoperef":{"type":"string","value":"_this"},"params":null}]}},{"__type":"onreleaseoutside","actions":{"Actions":[{"__type":"adjustvar","variable":"_down","operator":"set","value":{"type":"boolean","value":false}},{"__type":"exe_actiongroup","id":"_player._setstates","scoperef":{"type":"string","value":"_this"},"params":null}]}}]}]},"starttime":-1,"elapsedtimemode":"normal","width":720,"height":540,"resume":true,"usehandcursor":false,"background":null,"id":"6aL01gvCR7X","events":[{"__type":"ontopmostlayer","actions":{"Actions":[{"__type":"setactivetimeline","objref":{"type":"string","value":"_this"}}]}},{"__type":"ontransitionin","actions":{"Actions":[{"__type":"enable_frame_control","name":"submit","enable":false}]}},{"__type":"ontransitionout","actions":{"Actions":[{"__type":"enable_frame_control","name":"submit","enable":true}]}},{"__type":"ontransitionincomplete","actions":{"Actions":[{"__type":"setfocus","showrect":false,"value":{"type":"string","value":"5W4OGkMqmQI"}}]}}]}],"showanimationid":"","enableseek":true,"enablereplay":true,"lmsid":"Slide2","timeline":{"duration":5000,"events":[{"__type":"event","time":0,"actions":{"Actions":[{"__type":"show","transition":"appear","objref":{"type":"string","value":"6GNXZZrL4pz"}},{"__type":"show","transition":"appear","objref":{"type":"string","value":"6GNXZZrL4pz.5viT2K0ph05"}},{"__type":"show","transition":"appear","objref":{"type":"string","value":"6GNXZZrL4pz.6ozaQkuxFPo"}},{"__type":"show","transition":"appear","objref":{"type":"string","value":"6NKILd1ZkoA"}}]}}]},"objects":{"Objects":[{"__type":"scrollarea","contentwidth":672,"contentheight":92,"objects":{"Objects":[{"__type":"shufflegroup","objects":{"Objects":[{"__type":"vectorshape","rotation":0,"acctype":"radio","cliptobounds":false,"defaultaction":"onrelease","textlib":[{"__type":"textdata","uniqueId":"5VzMLIaGviV_-1725030248","id":"01","linkid":"txt__default_5viT2K0ph05","type":"vectortext","alttext":null,"lmstext":null,"xpos":0,"ypos":0,"width":0,"height":0,"shadowindex":-1,"vartext":null,"vectortext":{"left":0,"top":0,"right":81,"bottom":34,"alttext":null,"lmstext":null,"pngfb":false,"pr":{"l":"Lib","i":7},"text":null}}],"shapemaskid":"","xpos":24,"ypos":46,"tabindex":13,"tabenabled":true,"xoffset":0,"yoffset":0,"rotatexpos":324,"rotateypos":23,"xscale":100,"yscale":100,"alpha":100,"depth":1,"scrolling":true,"shufflelock":false,"dragdrop":null,"dragpath":null,"dragrotation":null,"data":{"hotlinkid":"","accstate":0,"textdata":null,"imagedata":null,"swfdata":null,"videodata":null,"emfdata":null,"rectdata":null,"vectordata":{"left":-1,"top":-1,"right":648,"bottom":46,"alttext":"False","lmstext":null,"pngfb":false,"pr":{"l":"Lib","i":3},"text":null},"html5data":{"url":null,"xpos":-1,"ypos":-1,"width":649,"height":47,"strokewidth":0,"mask":null}},"mask":null,"states":[{"__type":"state","name":"_default_Disabled","data":{"hotlinkid":"","accstate":1,"textdata":null,"imagedata":null,"swfdata":null,"videodata":null,"emfdata":null,"rectdata":null,"vectordata":{"left":-1,"top":-1,"right":648,"bottom":46,"alttext":"False","lmstext":null,"pngfb":false,"pr":{"l":"Lib","i":3},"text":null},"html5data":{"url":null,"xpos":-1,"ypos":-1,"width":649,"height":47,"strokewidth":3,"mask":null}}},{"__type":"state","name":"_default_Down","data":{"hotlinkid":"","accstate":8,"textdata":null,"imagedata":null,"swfdata":null,"videodata":null,"emfdata":null,"rectdata":null,"vectordata":{"left":-1,"top":-1,"right":648,"bottom":46,"alttext":"False","lmstext":null,"pngfb":false,"pr":{"l":"Lib","i":3},"text":null},"html5data":{"url":null,"xpos":-1,"ypos":-1,"width":649,"height":47,"strokewidth":3,"mask":null}}},{"__type":"state","name":"_default_Selected","data":{"hotlinkid":"","accstate":16,"textdata":null,"imagedata":null,"swfdata":null,"videodata":null,"emfdata":null,"rectdata":null,"vectordata":{"left":-1,"top":-1,"right":648,"bottom":46,"alttext":"False","lmstext":null,"pngfb":false,"pr":{"l":"Lib","i":4},"text":null},"html5data":{"url":null,"xpos":-1,"ypos":-1,"width":649,"height":47,"strokewidth":3,"mask":null}}},{"__type":"state","name":"_default_Selected_Disabled","data":{"hotlinkid":"","accstate":17,"textdata":null,"imagedata":null,"swfdata":null,"videodata":null,"emfdata":null,"rectdata":null,"vectordata":{"left":-1,"top":-1,"right":648,"bottom":46,"alttext":"False","lmstext":null,"pngfb":false,"pr":{"l":"Lib","i":4},"text":null},"html5data":{"url":null,"xpos":-1,"ypos":-1,"width":649,"height":47,"strokewidth":3,"mask":null}}},{"__type":"state","name":"_default_Down_Selected","data":{"hotlinkid":"","accstate":24,"textdata":null,"imagedata":null,"swfdata":null,"videodata":null,"emfdata":null,"rectdata":null,"vectordata":{"left":-1,"top":-1,"right":648,"bottom":46,"alttext":"False","lmstext":null,"pngfb":false,"pr":{"l":"Lib","i":4},"text":null},"html5data":{"url":null,"xpos":-1,"ypos":-1,"width":649,"height":47,"strokewidth":3,"mask":null}}},{"__type":"state","name":"_default_Hover","data":{"hotlinkid":"","accstate":0,"textdata":null,"imagedata":null,"swfdata":null,"videodata":null,"emfdata":null,"rectdata":null,"vectordata":{"left":-1,"top":-1,"right":648,"bottom":46,"alttext":"False","lmstext":null,"pngfb":false,"pr":{"l":"Lib","i":5},"text":null},"html5data":{"url":null,"xpos":-1,"ypos":-1,"width":649,"height":47,"strokewidth":3,"mask":null}}},{"__type":"state","name":"_default_Hover_Disabled","data":{"hotlinkid":"","accstate":1,"textdata":null,"imagedata":null,"swfdata":null,"videodata":null,"emfdata":null,"rectdata":null,"vectordata":{"left":-1,"top":-1,"right":648,"bottom":46,"alttext":"False","lmstext":null,"pngfb":false,"pr":{"l":"Lib","i":5},"text":null},"html5data":{"url":null,"xpos":-1,"ypos":-1,"width":649,"height":47,"strokewidth":3,"mask":null}}},{"__type":"state","name":"_default_Hover_Down","data":{"hotlinkid":"","accstate":8,"textdata":null,"imagedata":null,"swfdata":null,"videodata":null,"emfdata":null,"rectdata":null,"vectordata":{"left":-1,"top":-1,"right":648,"bottom":46,"alttext":"False","lmstext":null,"pngfb":false,"pr":{"l":"Lib","i":5},"text":null},"html5data":{"url":null,"xpos":-1,"ypos":-1,"width":649,"height":47,"strokewidth":3,"mask":null}}},{"__type":"state","name":"_default_Hover_Selected","data":{"hotlinkid":"","accstate":16,"textdata":null,"imagedata":null,"swfdata":null,"videodata":null,"emfdata":null,"rectdata":null,"vectordata":{"left":-1,"top":-1,"right":648,"bottom":46,"alttext":"False","lmstext":null,"pngfb":false,"pr":{"l":"Lib","i":6},"text":null},"html5data":{"url":null,"xpos":-1,"ypos":-1,"width":649,"height":47,"strokewidth":3,"mask":null}}},{"__type":"state","name":"_default_Hover_Selected_Disabled","data":{"hotlinkid":"","accstate":17,"textdata":null,"imagedata":null,"swfdata":null,"videodata":null,"emfdata":null,"rectdata":null,"vectordata":{"left":-1,"top":-1,"right":648,"bottom":46,"alttext":"False","lmstext":null,"pngfb":false,"pr":{"l":"Lib","i":6},"text":null},"html5data":{"url":null,"xpos":-1,"ypos":-1,"width":649,"height":47,"strokewidth":3,"mask":null}}},{"__type":"state","name":"_default_Hover_Down_Selected","data":{"hotlinkid":"","accstate":24,"textdata":null,"imagedata":null,"swfdata":null,"videodata":null,"emfdata":null,"rectdata":null,"vectordata":{"left":-1,"top":-1,"right":648,"bottom":46,"alttext":"False","lmstext":null,"pngfb":false,"pr":{"l":"Lib","i":6},"text":null},"html5data":{"url":null,"xpos":-1,"ypos":-1,"width":649,"height":47,"strokewidth":3,"mask":null}}}],"markerType":null,"width":648,"height":46,"resume":true,"usehandcursor":true,"background":null,"id":"5viT2K0ph05","variables":[{"__type":"variable","name":"_hover","type":"boolean","value":false,"resume":true},{"__type":"variable","name":"_down","type":"boolean","value":false,"resume":true},{"__type":"variable","name":"_disabled","type":"boolean","value":false,"resume":true},{"__type":"variable","name":"_checked","type":"boolean","value":false,"resume":true},{"__type":"variable","name":"_state","type":"string","value":"_default","resume":true},{"__type":"variable","name":"_stateName","type":"string","value":"","resume":true},{"__type":"variable","name":"_tempStateName","type":"string","value":"","resume":false}],"actiongroups":[{"__type":"actiongroup","id":"ActGrpSetCheckedState","actions":{"Actions":[{"__type":"adjustvar","variable":"_checked","operator":"set","value":{"type":"boolean","value":true}},{"__type":"exe_actiongroup","id":"_player._setstates","scoperef":{"type":"string","value":"_this"},"params":null},{"__type":"exe_actiongroup","id":"ActGrpUnchecked","scoperef":null,"params":null}]}},{"__type":"actiongroup","id":"ActGrpUnchecked","actions":{"Actions":[{"__type":"if_action","condition":{"Statement":{"__type":"compare","operator":"eq","valuea":"_parent.6ozaQkuxFPo._checked","typea":"var","valueb":true,"typeb":"boolean"}},"then_actions":{"Actions":[{"__type":"adjustvar","variable":"_parent.6ozaQkuxFPo._checked","operator":"set","value":{"type":"boolean","value":false}},{"__type":"exe_actiongroup","id":"_player._setstates","scoperef":{"type":"string","value":"_parent.6ozaQkuxFPo"},"params":null}]},"else_actions":null}]}},{"__type":"actiongroup","id":"ActGrpSetHoverState","actions":{"Actions":[{"__type":"adjustvar","variable":"_hover","operator":"set","value":{"type":"boolean","value":true}},{"__type":"exe_actiongroup","id":"_player._setstates","scoperef":{"type":"string","value":"_this"},"params":null}]}},{"__type":"actiongroup","id":"ActGrpClearHoverState","actions":{"Actions":[{"__type":"adjustvar","variable":"_hover","operator":"set","value":{"type":"boolean","value":false}},{"__type":"exe_actiongroup","id":"_player._setstates","scoperef":{"type":"string","value":"_this"},"params":null}]}},{"__type":"actiongroup","id":"ActGrpSetDisabledState","actions":{"Actions":[{"__type":"adjustvar","variable":"_disabled","operator":"set","value":{"type":"boolean","value":true}},{"__type":"exe_actiongroup","id":"_player._setstates","scoperef":{"type":"string","value":"_this"},"params":null}]}},{"__type":"actiongroup","id":"ActGrpSetDownState","actions":{"Actions":[{"__type":"adjustvar","variable":"_down","operator":"set","value":{"type":"boolean","value":true}},{"__type":"exe_actiongroup","id":"_player._setstates","scoperef":{"type":"string","value":"_this"},"params":null}]}},{"__type":"actiongroup","id":"ActGrpClearStateVars","actions":{"Actions":[{"__type":"adjustvar","variable":"_hover","operator":"set","value":{"type":"boolean","value":false}},{"__type":"adjustvar","variable":"_down","operator":"set","value":{"type":"boolean","value":false}},{"__type":"adjustvar","variable":"_disabled","operator":"set","value":{"type":"boolean","value":false}},{"__type":"adjustvar","variable":"_checked","operator":"set","value":{"type":"boolean","value":false}}]}}],"events":[{"__type":"ontransitionin","actions":{"Actions":[{"__type":"exe_actiongroup","id":"_player._setstates","scoperef":{"type":"string","value":"_this"},"params":null}]}},{"__type":"onrollover","actions":{"Actions":[{"__type":"exe_actiongroup","id":"ActGrpSetHoverState","scoperef":{"type":"string","value":"_this"},"params":null}]}},{"__type":"onrollout","actions":{"Actions":[{"__type":"exe_actiongroup","id":"ActGrpClearHoverState","scoperef":{"type":"string","value":"_this"},"params":null}]}},{"__type":"onpress","actions":{"Actions":[{"__type":"exe_actiongroup","id":"ActGrpSetDownState","scoperef":{"type":"string","value":"_this"},"params":null}]}},{"__type":"onrelease","actions":{"Actions":[{"__type":"exe_actiongroup","id":"ActGrpUnchecked","scoperef":null,"params":null},{"__type":"adjustvar","variable":"_checked","operator":"set","value":{"type":"boolean","value":true}},{"__type":"adjustvar","variable":"_down","operator":"set","value":{"type":"boolean","value":false}},{"__type":"exe_actiongroup","id":"_player._setstates","scoperef":{"type":"string","value":"_this"},"params":null}]}},{"__type":"onreleaseoutside","actions":{"Actions":[{"__type":"adjustvar","variable":"_down","operator":"set","value":{"type":"boolean","value":false}},{"__type":"exe_actiongroup","id":"_player._setstates","scoperef":{"type":"string","value":"_this"},"params":null}]}}]},{"__type":"vectorshape","rotation":0,"acctype":"radio","cliptobounds":false,"defaultaction":"onrelease","textlib":[{"__type":"textdata","uniqueId":"6nuns2svdkw_1139550532","id":"01","linkid":"txt__default_6ozaQkuxFPo","type":"vectortext","alttext":null,"lmstext":null,"xpos":0,"ypos":0,"width":0,"height":0,"shadowindex":-1,"vartext":null,"vectortext":{"left":0,"top":0,"right":78,"bottom":34,"alttext":null,"lmstext":null,"pngfb":false,"pr":{"l":"Lib","i":10},"text":null}}],"shapemaskid":"","xpos":24,"ypos":0,"tabindex":12,"tabenabled":true,"xoffset":0,"yoffset":0,"rotatexpos":324,"rotateypos":23,"xscale":100,"yscale":100,"alpha":100,"depth":2,"scrolling":true,"shufflelock":false,"dragdrop":null,"dragpath":null,"dragrotation":null,"data":{"hotlinkid":"","accstate":0,"textdata":null,"imagedata":null,"swfdata":null,"videodata":null,"emfdata":null,"rectdata":null,"vectordata":{"left":-1,"top":-1,"right":648,"bottom":46,"alttext":"True","lmstext":null,"pngfb":false,"pr":{"l":"Lib","i":3},"text":null},"html5data":{"url":null,"xpos":-1,"ypos":-1,"width":649,"height":47,"strokewidth":0,"mask":null}},"mask":null,"states":[{"__type":"state","name":"_default_Disabled","data":{"hotlinkid":"","accstate":1,"textdata":null,"imagedata":null,"swfdata":null,"videodata":null,"emfdata":null,"rectdata":null,"vectordata":{"left":-1,"top":-1,"right":648,"bottom":46,"alttext":"True","lmstext":null,"pngfb":false,"pr":{"l":"Lib","i":3},"text":null},"html5data":{"url":null,"xpos":-1,"ypos":-1,"width":649,"height":47,"strokewidth":3,"mask":null}}},{"__type":"state","name":"_default_Review","data":{"hotlinkid":"","accstate":0,"textdata":null,"imagedata":null,"swfdata":null,"videodata":null,"emfdata":null,"rectdata":null,"vectordata":{"left":-9,"top":-1,"right":648,"bottom":46,"alttext":"True","lmstext":null,"pngfb":false,"pr":{"l":"Lib","i":8},"text":null},"html5data":{"url":null,"xpos":-9,"ypos":-1,"width":657,"height":47,"strokewidth":3,"mask":null}}},{"__type":"state","name":"_default_Down","data":{"hotlinkid":"","accstate":8,"textdata":null,"imagedata":null,"swfdata":null,"videodata":null,"emfdata":null,"rectdata":null,"vectordata":{"left":-1,"top":-1,"right":648,"bottom":46,"alttext":"True","lmstext":null,"pngfb":false,"pr":{"l":"Lib","i":3},"text":null},"html5data":{"url":null,"xpos":-1,"ypos":-1,"width":649,"height":47,"strokewidth":3,"mask":null}}},{"__type":"state","name":"_default_Selected","data":{"hotlinkid":"","accstate":16,"textdata":null,"imagedata":null,"swfdata":null,"videodata":null,"emfdata":null,"rectdata":null,"vectordata":{"left":-1,"top":-1,"right":648,"bottom":46,"alttext":"True","lmstext":null,"pngfb":false,"pr":{"l":"Lib","i":4},"text":null},"html5data":{"url":null,"xpos":-1,"ypos":-1,"width":649,"height":47,"strokewidth":3,"mask":null}}},{"__type":"state","name":"_default_Selected_Disabled","data":{"hotlinkid":"","accstate":17,"textdata":null,"imagedata":null,"swfdata":null,"videodata":null,"emfdata":null,"rectdata":null,"vectordata":{"left":-1,"top":-1,"right":648,"bottom":46,"alttext":"True","lmstext":null,"pngfb":false,"pr":{"l":"Lib","i":4},"text":null},"html5data":{"url":null,"xpos":-1,"ypos":-1,"width":649,"height":47,"strokewidth":3,"mask":null}}},{"__type":"state","name":"_default_Selected_Review","data":{"hotlinkid":"","accstate":16,"textdata":null,"imagedata":null,"swfdata":null,"videodata":null,"emfdata":null,"rectdata":null,"vectordata":{"left":-9,"top":-1,"right":648,"bottom":46,"alttext":"True","lmstext":null,"pngfb":false,"pr":{"l":"Lib","i":9},"text":null},"html5data":{"url":null,"xpos":-9,"ypos":-1,"width":657,"height":47,"strokewidth":3,"mask":null}}},{"__type":"state","name":"_default_Down_Selected","data":{"hotlinkid":"","accstate":24,"textdata":null,"imagedata":null,"swfdata":null,"videodata":null,"emfdata":null,"rectdata":null,"vectordata":{"left":-1,"top":-1,"right":648,"bottom":46,"alttext":"True","lmstext":null,"pngfb":false,"pr":{"l":"Lib","i":4},"text":null},"html5data":{"url":null,"xpos":-1,"ypos":-1,"width":649,"height":47,"strokewidth":3,"mask":null}}},{"__type":"state","name":"_default_Hover","data":{"hotlinkid":"","accstate":0,"textdata":null,"imagedata":null,"swfdata":null,"videodata":null,"emfdata":null,"rectdata":null,"vectordata":{"left":-1,"top":-1,"right":648,"bottom":46,"alttext":"True","lmstext":null,"pngfb":false,"pr":{"l":"Lib","i":5},"text":null},"html5data":{"url":null,"xpos":-1,"ypos":-1,"width":649,"height":47,"strokewidth":3,"mask":null}}},{"__type":"state","name":"_default_Hover_Disabled","data":{"hotlinkid":"","accstate":1,"textdata":null,"imagedata":null,"swfdata":null,"videodata":null,"emfdata":null,"rectdata":null,"vectordata":{"left":-1,"top":-1,"right":648,"bottom":46,"alttext":"True","lmstext":null,"pngfb":false,"pr":{"l":"Lib","i":5},"text":null},"html5data":{"url":null,"xpos":-1,"ypos":-1,"width":649,"height":47,"strokewidth":3,"mask":null}}},{"__type":"state","name":"_default_Hover_Down","data":{"hotlinkid":"","accstate":8,"textdata":null,"imagedata":null,"swfdata":null,"videodata":null,"emfdata":null,"rectdata":null,"vectordata":{"left":-1,"top":-1,"right":648,"bottom":46,"alttext":"True","lmstext":null,"pngfb":false,"pr":{"l":"Lib","i":5},"text":null},"html5data":{"url":null,"xpos":-1,"ypos":-1,"width":649,"height":47,"strokewidth":3,"mask":null}}},{"__type":"state","name":"_default_Hover_Selected","data":{"hotlinkid":"","accstate":16,"textdata":null,"imagedata":null,"swfdata":null,"videodata":null,"emfdata":null,"rectdata":null,"vectordata":{"left":-1,"top":-1,"right":648,"bottom":46,"alttext":"True","lmstext":null,"pngfb":false,"pr":{"l":"Lib","i":6},"text":null},"html5data":{"url":null,"xpos":-1,"ypos":-1,"width":649,"height":47,"strokewidth":3,"mask":null}}},{"__type":"state","name":"_default_Hover_Selected_Disabled","data":{"hotlinkid":"","accstate":17,"textdata":null,"imagedata":null,"swfdata":null,"videodata":null,"emfdata":null,"rectdata":null,"vectordata":{"left":-1,"top":-1,"right":648,"bottom":46,"alttext":"True","lmstext":null,"pngfb":false,"pr":{"l":"Lib","i":6},"text":null},"html5data":{"url":null,"xpos":-1,"ypos":-1,"width":649,"height":47,"strokewidth":3,"mask":null}}},{"__type":"state","name":"_default_Hover_Down_Selected","data":{"hotlinkid":"","accstate":24,"textdata":null,"imagedata":null,"swfdata":null,"videodata":null,"emfdata":null,"rectdata":null,"vectordata":{"left":-1,"top":-1,"right":648,"bottom":46,"alttext":"True","lmstext":null,"pngfb":false,"pr":{"l":"Lib","i":6},"text":null},"html5data":{"url":null,"xpos":-1,"ypos":-1,"width":649,"height":47,"strokewidth":3,"mask":null}}}],"markerType":null,"width":648,"height":46,"resume":true,"usehandcursor":true,"background":null,"id":"6ozaQkuxFPo","variables":[{"__type":"variable","name":"_hover","type":"boolean","value":false,"resume":true},{"__type":"variable","name":"_down","type":"boolean","value":false,"resume":true},{"__type":"variable","name":"_disabled","type":"boolean","value":false,"resume":true},{"__type":"variable","name":"_checked","type":"boolean","value":false,"resume":true},{"__type":"variable","name":"_review","type":"boolean","value":false,"resume":true},{"__type":"variable","name":"_state","type":"string","value":"_default","resume":true},{"__type":"variable","name":"_stateName","type":"string","value":"","resume":true},{"__type":"variable","name":"_tempStateName","type":"string","value":"","resume":false}],"actiongroups":[{"__type":"actiongroup","id":"ActGrpSetCheckedState","actions":{"Actions":[{"__type":"adjustvar","variable":"_checked","operator":"set","value":{"type":"boolean","value":true}},{"__type":"exe_actiongroup","id":"_player._setstates","scoperef":{"type":"string","value":"_this"},"params":null},{"__type":"exe_actiongroup","id":"ActGrpUnchecked","scoperef":null,"params":null}]}},{"__type":"actiongroup","id":"ActGrpUnchecked","actions":{"Actions":[{"__type":"if_action","condition":{"Statement":{"__type":"compare","operator":"eq","valuea":"_parent.5viT2K0ph05._checked","typea":"var","valueb":true,"typeb":"boolean"}},"then_actions":{"Actions":[{"__type":"adjustvar","variable":"_parent.5viT2K0ph05._checked","operator":"set","value":{"type":"boolean","value":false}},{"__type":"exe_actiongroup","id":"_player._setstates","scoperef":{"type":"string","value":"_parent.5viT2K0ph05"},"params":null}]},"else_actions":null}]}},{"__type":"actiongroup","id":"ActGrpSetHoverState","actions":{"Actions":[{"__type":"adjustvar","variable":"_hover","operator":"set","value":{"type":"boolean","value":true}},{"__type":"exe_actiongroup","id":"_player._setstates","scoperef":{"type":"string","value":"_this"},"params":null}]}},{"__type":"actiongroup","id":"ActGrpClearHoverState","actions":{"Actions":[{"__type":"adjustvar","variable":"_hover","operator":"set","value":{"type":"boolean","value":false}},{"__type":"exe_actiongroup","id":"_player._setstates","scoperef":{"type":"string","value":"_this"},"params":null}]}},{"__type":"actiongroup","id":"ActGrpSetDisabledState","actions":{"Actions":[{"__type":"adjustvar","variable":"_disabled","operator":"set","value":{"type":"boolean","value":true}},{"__type":"exe_actiongroup","id":"_player._setstates","scoperef":{"type":"string","value":"_this"},"params":null}]}},{"__type":"actiongroup","id":"ActGrpSetDownState","actions":{"Actions":[{"__type":"adjustvar","variable":"_down","operator":"set","value":{"type":"boolean","value":true}},{"__type":"exe_actiongroup","id":"_player._setstates","scoperef":{"type":"string","value":"_this"},"params":null}]}},{"__type":"actiongroup","id":"ActGrpSetReviewState","actions":{"Actions":[{"__type":"adjustvar","variable":"_review","operator":"set","value":{"type":"boolean","value":true}},{"__type":"exe_actiongroup","id":"_player._setstates","scoperef":{"type":"string","value":"_this"},"params":null}]}},{"__type":"actiongroup","id":"ActGrpClearStateVars","actions":{"Actions":[{"__type":"adjustvar","variable":"_hover","operator":"set","value":{"type":"boolean","value":false}},{"__type":"adjustvar","variable":"_down","operator":"set","value":{"type":"boolean","value":false}},{"__type":"adjustvar","variable":"_disabled","operator":"set","value":{"type":"boolean","value":false}},{"__type":"adjustvar","variable":"_checked","operator":"set","value":{"type":"boolean","value":false}},{"__type":"adjustvar","variable":"_review","operator":"set","value":{"type":"boolean","value":false}}]}}],"events":[{"__type":"ontransitionin","actions":{"Actions":[{"__type":"exe_actiongroup","id":"_player._setstates","scoperef":{"type":"string","value":"_this"},"params":null}]}},{"__type":"onrollover","actions":{"Actions":[{"__type":"exe_actiongroup","id":"ActGrpSetHoverState","scoperef":{"type":"string","value":"_this"},"params":null}]}},{"__type":"onrollout","actions":{"Actions":[{"__type":"exe_actiongroup","id":"ActGrpClearHoverState","scoperef":{"type":"string","value":"_this"},"params":null}]}},{"__type":"onpress","actions":{"Actions":[{"__type":"exe_actiongroup","id":"ActGrpSetDownState","scoperef":{"type":"string","value":"_this"},"params":null}]}},{"__type":"onrelease","actions":{"Actions":[{"__type":"exe_actiongroup","id":"ActGrpUnchecked","scoperef":null,"params":null},{"__type":"adjustvar","variable":"_checked","operator":"set","value":{"type":"boolean","value":true}},{"__type":"adjustvar","variable":"_down","operator":"set","value":{"type":"boolean","value":false}},{"__type":"exe_actiongroup","id":"_player._setstates","scoperef":{"type":"string","value":"_this"},"params":null}]}},{"__type":"onreleaseoutside","actions":{"Actions":[{"__type":"adjustvar","variable":"_down","operator":"set","value":{"type":"boolean","value":false}},{"__type":"exe_actiongroup","id":"_player._setstates","scoperef":{"type":"string","value":"_this"},"params":null}]}}]}]},"shuffle":false,"shapemaskid":"","xpos":0,"ypos":0,"tabindex":-1,"tabenabled":true,"xoffset":0,"yoffset":0,"rotatexpos":0,"rotateypos":0,"xscale":100,"yscale":100,"alpha":100,"rotation":0,"depth":1,"scrolling":true,"shufflelock":false,"dragdrop":null,"dragpath":null,"dragrotation":null,"data":null,"mask":null,"markerType":null,"width":0,"height":0,"resume":false,"usehandcursor":true,"background":null,"id":""}]},"shapemaskid":"","xpos":12,"ypos":80,"tabindex":11,"tabenabled":false,"xoffset":0,"yoffset":0,"rotatexpos":324,"rotateypos":211,"xscale":100,"yscale":100,"alpha":100,"rotation":0,"depth":1,"scrolling":true,"shufflelock":false,"dragdrop":null,"dragpath":null,"dragrotation":null,"data":{"hotlinkid":"","accstate":0,"textdata":null,"imagedata":null,"swfdata":null,"videodata":null,"emfdata":null,"rectdata":null,"vectordata":null,"html5data":{"url":"","xpos":36,"ypos":80,"width":648,"height":422,"strokewidth":0,"mask":null}},"mask":null,"markerType":null,"width":672,"height":422,"resume":true,"usehandcursor":true,"background":{"type":"vector","fill":null,"imagedata":null,"emfdata":null,"vectordata":{"left":0,"top":0,"right":672,"bottom":422,"alttext":"True/False","lmstext":null,"pngfb":false,"pr":{"l":"Lib","i":2},"text":null}},"id":"6GNXZZrL4pz"},{"__type":"vectorshape","rotation":0,"acctype":"text","cliptobounds":false,"defaultaction":"","textlib":[{"__type":"textdata","uniqueId":"6NKILd1ZkoA_1764483921","id":"01","linkid":"txt__default_6NKILd1ZkoA","type":"vectortext","alttext":null,"lmstext":null,"xpos":0,"ypos":0,"width":0,"height":0,"shadowindex":-1,"vartext":null,"vectortext":{"left":0,"top":0,"right":349,"bottom":39,"alttext":null,"lmstext":null,"pngfb":false,"pr":{"l":"Lib","i":12},"text":null}}],"shapemaskid":"","xpos":36,"ypos":22,"tabindex":10,"tabenabled":true,"xoffset":0,"yoffset":0,"rotatexpos":324,"rotateypos":22,"xscale":100,"yscale":100,"alpha":100,"depth":2,"scrolling":true,"shufflelock":false,"dragdrop":null,"dragpath":null,"dragrotation":null,"data":{"hotlinkid":"","accstate":0,"textdata":null,"imagedata":null,"swfdata":null,"videodata":null,"emfdata":null,"rectdata":null,"vectordata":{"left":0,"top":0,"right":648,"bottom":44,"alttext":"True or False – Correct = True","lmstext":null,"pngfb":false,"pr":{"l":"Lib","i":11},"text":null},"html5data":{"url":null,"xpos":-1,"ypos":-1,"width":649,"height":45,"strokewidth":0,"mask":null}},"mask":null,"markerType":null,"width":648,"height":44,"resume":true,"usehandcursor":true,"background":null,"id":"6NKILd1ZkoA"},{"__type":"vectorshape","rotation":0,"acctype":"text","cliptobounds":false,"defaultaction":"","textlib":[{"__type":"textdata","uniqueId":"6GNXZZrL4pz_CorrectReview","id":"01","linkid":"6GNXZZrL4pz_CorrectReview","type":"vectortext","alttext":null,"lmstext":null,"xpos":0,"ypos":0,"width":0,"height":0,"shadowindex":-1,"vartext":null,"vectortext":{"left":0,"top":0,"right":400,"bottom":37,"alttext":null,"lmstext":null,"pngfb":false,"pr":{"l":"Lib","i":14},"text":null}}],"shapemaskid":"","xpos":0,"ypos":500,"tabindex":14,"tabenabled":true,"xoffset":0,"yoffset":0,"rotatexpos":360,"rotateypos":20,"xscale":100,"yscale":100,"alpha":100,"depth":3,"scrolling":true,"shufflelock":false,"dragdrop":null,"dragpath":null,"dragrotation":null,"data":{"hotlinkid":"","accstate":0,"textdata":null,"imagedata":null,"swfdata":null,"videodata":null,"emfdata":null,"rectdata":null,"vectordata":{"left":-1,"top":-1,"right":720,"bottom":40,"alttext":"Correct","lmstext":null,"pngfb":false,"pr":{"l":"Lib","i":13},"text":null},"html5data":{"url":null,"xpos":1,"ypos":1,"width":717,"height":37,"strokewidth":2,"mask":null}},"mask":null,"markerType":null,"width":720,"height":40,"resume":false,"usehandcursor":true,"background":null,"id":"6GNXZZrL4pz_CorrectReview","events":[{"__type":"onrelease","actions":{"Actions":[{"__type":"hide","transition":"appear","objref":{"type":"string","value":"_this"}}]}}]},{"__type":"vectorshape","rotation":0,"acctype":"text","cliptobounds":false,"defaultaction":"","textlib":[{"__type":"textdata","uniqueId":"6GNXZZrL4pz_IncorrectReview","id":"01","linkid":"6GNXZZrL4pz_IncorrectReview","type":"vectortext","alttext":null,"lmstext":null,"xpos":0,"ypos":0,"width":0,"height":0,"shadowindex":-1,"vartext":null,"vectortext":{"left":0,"top":0,"right":409,"bottom":37,"alttext":null,"lmstext":null,"pngfb":false,"pr":{"l":"Lib","i":16},"text":null}}],"shapemaskid":"","xpos":0,"ypos":500,"tabindex":15,"tabenabled":true,"xoffset":0,"yoffset":0,"rotatexpos":360,"rotateypos":20,"xscale":100,"yscale":100,"alpha":100,"depth":4,"scrolling":true,"shufflelock":false,"dragdrop":null,"dragpath":null,"dragrotation":null,"data":{"hotlinkid":"","accstate":0,"textdata":null,"imagedata":null,"swfdata":null,"videodata":null,"emfdata":null,"rectdata":null,"vectordata":{"left":-1,"top":-1,"right":720,"bottom":40,"alttext":"Incorrect","lmstext":null,"pngfb":false,"pr":{"l":"Lib","i":15},"text":null},"html5data":{"url":null,"xpos":1,"ypos":1,"width":717,"height":37,"strokewidth":2,"mask":null}},"mask":null,"markerType":null,"width":720,"height":40,"resume":false,"usehandcursor":true,"background":null,"id":"6GNXZZrL4pz_IncorrectReview","events":[{"__type":"onrelease","actions":{"Actions":[{"__type":"hide","transition":"appear","objref":{"type":"string","value":"_this"}}]}}]}]},"starttime":-1,"elapsedtimemode":"normal","width":720,"height":540,"resume":true,"usehandcursor":false,"background":{"type":"fill","fill":{"type":"linear","rotation":90,"colors":[{"__type":"color","rgb":"0xFFFFFF","alpha":100,"stop":0}]},"imagedata":null,"emfdata":null,"vectordata":null},"id":"5rv2GAmKi6e","actiongroups":[{"__type":"actiongroup","id":"ActGrpOnSubmitButtonClick","actions":{"Actions":[{"__type":"if_action","condition":{"Statement":{"__type":"or","Statements":[{"__type":"compare","operator":"eq","valuea":"6GNXZZrL4pz.6ozaQkuxFPo._checked","typea":"var","valueb":true,"typeb":"boolean"},{"__type":"compare","operator":"eq","valuea":"6GNXZZrL4pz.5viT2K0ph05._checked","typea":"var","valueb":true,"typeb":"boolean"}]}},"then_actions":{"Actions":[{"__type":"eval_interaction","id":"_this.6IbXGKXJW0y"}]},"else_actions":{"Actions":[{"__type":"gotoplay","window":"MessageWnd","wndtype":"normal","objref":{"type":"string","value":"_player.MsgScene_5Zxg3fY3Nhm.InvalidPromptSlide"}}]}}]}},{"__type":"actiongroup","id":"ReviewInt_6GNXZZrL4pz","actions":{"Actions":[{"__type":"set_enabled","objref":{"type":"string","value":"6GNXZZrL4pz.6ozaQkuxFPo"},"enabled":{"type":"boolean","value":false}},{"__type":"set_enabled","objref":{"type":"string","value":"6GNXZZrL4pz.5viT2K0ph05"},"enabled":{"type":"boolean","value":false}},{"__type":"if_action","condition":{"Statement":{"__type":"compare","operator":"eq","valuea":"6IbXGKXJW0y.Status","typea":"property","valueb":"correct","typeb":"string"}},"then_actions":{"Actions":[{"__type":"show","transition":"appear","objref":{"type":"string","value":"6GNXZZrL4pz_CorrectReview"}}]},"else_actions":{"Actions":[{"__type":"show","transition":"appear","objref":{"type":"string","value":"6GNXZZrL4pz_IncorrectReview"}}]}},{"__type":"if_action","condition":{"Statement":{"__type":"compare","operator":"eq","valuea":"_player.CurrentQuiz_6GNXZZrL4pz","typea":"var","valueb":"5WfhuQ3hw1Y","typeb":"string"}},"then_actions":{"Actions":[{"__type":"exe_actiongroup","id":"SetLayout_pxabnsnfns00001100101","scoperef":null,"params":null},{"__type":"if_action","condition":{"Statement":{"__type":"compare","operator":"eq","valuea":"_player.5WfhuQ3hw1Y.Passed","typea":"property","valueb":true,"typeb":"boolean"}},"then_actions":{"Actions":[{"__type":"exe_actiongroup","id":"ReviewIntCorrectIncorrect_6GNXZZrL4pz","scoperef":null,"params":null}]},"else_actions":null},{"__type":"if_action","condition":{"Statement":{"__type":"compare","operator":"eq","valuea":"_player.5WfhuQ3hw1Y.Passed","typea":"property","valueb":false,"typeb":"boolean"}},"then_actions":{"Actions":[{"__type":"exe_actiongroup","id":"ReviewIntCorrectIncorrect_6GNXZZrL4pz","scoperef":null,"params":null}]},"else_actions":null}]},"else_actions":null}]}},{"__type":"actiongroup","id":"ReviewIntCorrectIncorrect_6GNXZZrL4pz","actions":{"Actions":[{"__type":"if_action","condition":{"Statement":{"__type":"compare","operator":"eq","valuea":"6GNXZZrL4pz.6ozaQkuxFPo.OnStage","typea":"property","valueb":false,"typeb":"boolean"}},"then_actions":{"Actions":[{"__type":"show","transition":"appear","objref":{"type":"string","value":"6GNXZZrL4pz.6ozaQkuxFPo"}}]},"else_actions":null},{"__type":"adjustvar","variable":"6GNXZZrL4pz.6ozaQkuxFPo._hover","operator":"set","value":{"type":"boolean","value":false}},{"__type":"adjustvar","variable":"6GNXZZrL4pz.6ozaQkuxFPo._down","operator":"set","value":{"type":"boolean","value":false}},{"__type":"adjustvar","variable":"6GNXZZrL4pz.6ozaQkuxFPo._disabled","operator":"set","value":{"type":"boolean","value":false}},{"__type":"exe_actiongroup","id":"6GNXZZrL4pz.6ozaQkuxFPo.ActGrpSetReviewState","scoperef":null,"params":null},{"__type":"set_enabled","objref":{"type":"string","value":"6GNXZZrL4pz.6ozaQkuxFPo"},"enabled":{"type":"boolean","value":false}},{"__type":"set_enabled","objref":{"type":"string","value":"6GNXZZrL4pz.5viT2K0ph05"},"enabled":{"type":"boolean","value":false}}]}},{"__type":"actiongroup","id":"AnsweredInt_6GNXZZrL4pz","actions":{"Actions":[{"__type":"exe_actiongroup","id":"DisableChoices_6GNXZZrL4pz","scoperef":null,"params":null},{"__type":"if_action","condition":{"Statement":{"__type":"compare","operator":"eq","valuea":"WindowId","typea":"property","valueb":"_frame","typeb":"string"}},"then_actions":{"Actions":[{"__type":"set_frame_layout","name":"pxabnsnfns00001100101"}]},"else_actions":{"Actions":[{"__type":"set_window_control_layout","name":"pxabnsnfns00001100101"}]}}]}},{"__type":"actiongroup","id":"DisableChoices_6GNXZZrL4pz","actions":{"Actions":[{"__type":"exe_actiongroup","id":"6GNXZZrL4pz.6ozaQkuxFPo.ActGrpSetDisabledState","scoperef":null,"params":null},{"__type":"exe_actiongroup","id":"6GNXZZrL4pz.5viT2K0ph05.ActGrpSetDisabledState","scoperef":null,"params":null}]}},{"__type":"actiongroup","id":"6GNXZZrL4pz_CheckAnswered","actions":{"Actions":[{"__type":"if_action","condition":{"Statement":{"__type":"or","Statements":[{"__type":"compare","operator":"eq","valuea":"6IbXGKXJW0y.Status","typea":"property","valueb":"correct","typeb":"string"},{"__type":"compare","operator":"eq","valuea":"_player.5WfhuQ3hw1Y.QuizComplete","typea":"property","valueb":true,"typeb":"boolean"}]}},"then_actions":{"Actions":[{"__type":"exe_actiongroup","id":"AnsweredInt_6GNXZZrL4pz","scoperef":null,"params":null}]},"else_actions":{"Actions":[{"__type":"if_action","condition":{"Statement":{"__type":"compare","operator":"eq","valuea":"6IbXGKXJW0y.Status","typea":"property","valueb":"incorrect","typeb":"string"}},"then_actions":{"Actions":[{"__type":"if_action","condition":{"Statement":{"__type":"compare","operator":"gte","valuea":"6IbXGKXJW0y.AttemptCount","typea":"property","valueb":1,"typeb":"number"}},"then_actions":{"Actions":[{"__type":"exe_actiongroup","id":"AnsweredInt_6GNXZZrL4pz","scoperef":null,"params":null}]},"else_actions":null}]},"else_actions":null}]}}]}},{"__type":"actiongroup","id":"SetLayout_pxabnsnfns00001100101","actions":{"Actions":[{"__type":"if_action","condition":{"Statement":{"__type":"compare","operator":"eq","valuea":"WindowId","typea":"property","valueb":"_frame","typeb":"string"}},"then_actions":{"Actions":[{"__type":"set_frame_layout","name":"pxabnsnfns00001100101"}]},"else_actions":{"Actions":[{"__type":"set_window_control_layout","name":"pxabnsnfns00001100101"}]}}]}},{"__type":"actiongroup","id":"CloseFeedback","actions":{"Actions":[{"__type":"if_action","condition":{"Statement":{"__type":"compare","operator":"eq","valuea":"_player.5WfhuQ3hw1Y.QuizComplete","typea":"property","valueb":true,"typeb":"boolean"}},"then_actions":{"Actions":[{"__type":"hide_slidelayer","transition":"appear","objref":{"type":"string","value":"6NhsS0RDoQr"}},{"__type":"hide_slidelayer","transition":"appear","objref":{"type":"string","value":"6aL01gvCR7X"}}]},"else_actions":null}]}},{"__type":"actiongroup","id":"NavigationRestrictionNextSlide_5rv2GAmKi6e","actions":{"Actions":[{"__type":"gotoplay","window":"_current","wndtype":"normal","objref":{"type":"string","value":"_parent.6oAmxoYSFQ4"}}]}},{"__type":"actiongroup","id":"NavigationRestrictionPreviousSlide_5rv2GAmKi6e","actions":{"Actions":[{"__type":"history_prev"}]}}],"events":[{"__type":"onbeforeslidein","actions":{"Actions":[{"__type":"if_action","condition":{"Statement":{"__type":"compare","operator":"eq","valuea":"WindowId","typea":"property","valueb":"_frame","typeb":"string"}},"then_actions":{"Actions":[{"__type":"set_frame_layout","name":"npnxnanbsnfns00001100101"}]},"else_actions":{"Actions":[{"__type":"set_window_control_layout","name":"npnxnanbsnfns00001100101"}]}}]}},{"__type":"onsubmitslide","actions":{"Actions":[{"__type":"exe_actiongroup","id":"ActGrpOnSubmitButtonClick","scoperef":null,"params":null}]}},{"__type":"ontransitionin","actions":{"Actions":[{"__type":"adjustvar","variable":"_player.LastSlideViewed_5Zxg3fY3Nhm","operator":"set","value":{"type":"string","value":"_player."}},{"__type":"adjustvar","variable":"_player.LastSlideViewed_5Zxg3fY3Nhm","operator":"add","value":{"type":"property","value":"AbsoluteId"}},{"__type":"if_action","condition":{"Statement":{"__type":"compare","operator":"eq","valuea":"_player.ReviewMode_6GNXZZrL4pz","typea":"var","valueb":true,"typeb":"boolean"}},"then_actions":{"Actions":[{"__type":"exe_actiongroup","id":"ReviewInt_6GNXZZrL4pz","scoperef":null,"params":null}]},"else_actions":{"Actions":[{"__type":"exe_actiongroup","id":"6GNXZZrL4pz_CheckAnswered","scoperef":null,"params":null}]}},{"__type":"exe_actiongroup","id":"CloseFeedback","scoperef":null,"params":null}]}},{"__type":"onnextslide","actions":{"Actions":[{"__type":"if_action","condition":{"Statement":{"__type":"compare","operator":"eq","valuea":"_player.ReviewMode_6GNXZZrL4pz","typea":"var","valueb":true,"typeb":"boolean"}},"then_actions":{"Actions":[{"__type":"if_action","condition":{"Statement":{"__type":"compare","operator":"eq","valuea":"_player.CurrentQuiz_6GNXZZrL4pz","typea":"var","valueb":"5WfhuQ3hw1Y","typeb":"string"}},"then_actions":{"Actions":[{"__type":"nextviewedslide","quizref":{"type":"string","value":"_player.5WfhuQ3hw1Y"},"completed_slide_ref":{"type":"string","value":"_player.6RoriILyZrf.6Am9SBi3ums"}}]},"else_actions":{"Actions":[{"__type":"debug_trace","message":"WARNING: question is in review mode, but not for any quiz that it\u0027s a part of"}]}}]},"else_actions":{"Actions":[{"__type":"exe_actiongroup","id":"NavigationRestrictionNextSlide_5rv2GAmKi6e","scoperef":null,"params":null}]}}]}},{"__type":"onprevslide","actions":{"Actions":[{"__type":"exe_actiongroup","id":"NavigationRestrictionPreviousSlide_5rv2GAmKi6e","scoperef":null,"params":null}]}}]}
