{"dataurl":"story_content/slides/5XSqE72iNvf.swf","iosurl":null,"html5url":null,"title":"Which word","trackviews":true,"showmenuresulticon":false,"viewgroupid":"","historygroupid":"","videozoom":"","scrolling":false,"transition":"appear","transduration":0,"transdir":1,"wipetrans":false,"slidelock":false,"navindex":-1,"globalaudioid":"","thumbnailid":"","slidewindowbg":null,"presenterref":{"id":"none","videodata":null},"showanimationid":"","enableseek":true,"enablereplay":true,"lmsid":"Slide16","timeline":{"duration":5000,"events":[{"__type":"event","time":0,"actions":{"Actions":[{"__type":"show","transition":"appear","objref":{"type":"string","value":"6mUrFn5nDtL"}},{"__type":"show","transition":"appear","objref":{"type":"string","value":"6mUrFn5nDtL.6iye5ehRMkA"}},{"__type":"show","transition":"appear","objref":{"type":"string","value":"6mUrFn5nDtL.5weSKVAjKb4"}},{"__type":"show","transition":"appear","objref":{"type":"string","value":"6mUrFn5nDtL.6gO6s89g941"}},{"__type":"show","transition":"appear","objref":{"type":"string","value":"6nYIJi4S1TF"}},{"__type":"show","transition":"appear","objref":{"type":"string","value":"5pnFcXf0Rxw"}}]}}]},"objects":{"Objects":[{"__type":"scrollarea","contentwidth":598,"contentheight":118,"objects":{"Objects":[{"__type":"shufflegroup","objects":{"Objects":[{"__type":"dragitem","style":"wordbank","connectdata":"choices.choice_6iye5ehRMkA","reviewdata":0,"shapemaskid":"","xpos":15,"ypos":90,"tabindex":5,"tabenabled":true,"xoffset":0,"yoffset":0,"rotatexpos":299,"rotateypos":14,"xscale":100,"yscale":100,"alpha":100,"rotation":0,"depth":1,"scrolling":true,"shufflelock":false,"colors":[{"__type":"color","name":"hover","fill":{"type":"linear","rotation":90,"colors":[{"__type":"color","rgb":"0xB7FDFF","alpha":100,"stop":0},{"__type":"color","rgb":"0xA1EDEF","alpha":100,"stop":100}]}}],"dragdrop":null,"dragpath":null,"dragrotation":null,"data":{"hotlinkid":"","accstate":0,"textdata":{"uniqueId":"txt_6iye5ehRMkA_-553093209","id":null,"linkid":null,"type":"vectortext","alttext":"Word 3","lmstext":null,"xpos":0,"ypos":0,"width":0,"height":0,"shadowindex":-1,"vartext":null,"vectortext":{"left":0,"top":0,"right":65,"bottom":25,"alttext":null,"lmstext":null,"pngfb":false,"pr":{"l":"Lib","i":132},"text":null}},"imagedata":null,"swfdata":null,"videodata":null,"emfdata":null,"rectdata":null,"vectordata":null,"html5data":{"url":null,"xpos":-1,"ypos":-1,"width":599,"height":29,"strokewidth":0,"mask":null}},"mask":null,"markerType":null,"width":598,"height":28,"resume":true,"usehandcursor":true,"background":null,"id":"6iye5ehRMkA"},{"__type":"dragitem","style":"wordbank","connectdata":"choices.choice_5weSKVAjKb4","reviewdata":0,"shapemaskid":"","xpos":15,"ypos":47,"tabindex":4,"tabenabled":true,"xoffset":0,"yoffset":0,"rotatexpos":299,"rotateypos":14,"xscale":100,"yscale":100,"alpha":100,"rotation":0,"depth":2,"scrolling":true,"shufflelock":false,"colors":[{"__type":"color","name":"hover","fill":{"type":"linear","rotation":90,"colors":[{"__type":"color","rgb":"0xB7FDFF","alpha":100,"stop":0},{"__type":"color","rgb":"0xA1EDEF","alpha":100,"stop":100}]}}],"dragdrop":null,"dragpath":null,"dragrotation":null,"data":{"hotlinkid":"","accstate":0,"textdata":{"uniqueId":"txt_5weSKVAjKb4_-222025662","id":null,"linkid":null,"type":"vectortext","alttext":"Word 2","lmstext":null,"xpos":0,"ypos":0,"width":0,"height":0,"shadowindex":-1,"vartext":null,"vectortext":{"left":0,"top":0,"right":65,"bottom":25,"alttext":null,"lmstext":null,"pngfb":false,"pr":{"l":"Lib","i":133},"text":null}},"imagedata":null,"swfdata":null,"videodata":null,"emfdata":null,"rectdata":null,"vectordata":null,"html5data":{"url":null,"xpos":-1,"ypos":-1,"width":599,"height":29,"strokewidth":0,"mask":null}},"mask":null,"markerType":null,"width":598,"height":28,"resume":true,"usehandcursor":true,"background":null,"id":"5weSKVAjKb4"},{"__type":"dragitem","style":"wordbank","connectdata":"choices.choice_6gO6s89g941","reviewdata":0,"shapemaskid":"","xpos":15,"ypos":4,"tabindex":3,"tabenabled":true,"xoffset":0,"yoffset":0,"rotatexpos":299,"rotateypos":14,"xscale":100,"yscale":100,"alpha":100,"rotation":0,"depth":3,"scrolling":true,"shufflelock":false,"colors":[{"__type":"color","name":"hover","fill":{"type":"linear","rotation":90,"colors":[{"__type":"color","rgb":"0xB7FDFF","alpha":100,"stop":0},{"__type":"color","rgb":"0xA1EDEF","alpha":100,"stop":100}]}}],"dragdrop":null,"dragpath":null,"dragrotation":null,"data":{"hotlinkid":"","accstate":0,"textdata":{"uniqueId":"txt_6gO6s89g941_-1704223238","id":null,"linkid":null,"type":"vectortext","alttext":"Word 1","lmstext":null,"xpos":0,"ypos":0,"width":0,"height":0,"shadowindex":-1,"vartext":null,"vectortext":{"left":0,"top":0,"right":65,"bottom":25,"alttext":null,"lmstext":null,"pngfb":false,"pr":{"l":"Lib","i":134},"text":null}},"imagedata":null,"swfdata":null,"videodata":null,"emfdata":null,"rectdata":null,"vectordata":null,"html5data":{"url":null,"xpos":-1,"ypos":-1,"width":599,"height":29,"strokewidth":0,"mask":null}},"mask":null,"markerType":null,"width":598,"height":28,"resume":true,"usehandcursor":true,"background":null,"id":"6gO6s89g941"}]},"shuffle":true,"shapemaskid":"","xpos":0,"ypos":0,"tabindex":-1,"tabenabled":true,"xoffset":0,"yoffset":0,"rotatexpos":0,"rotateypos":0,"xscale":100,"yscale":100,"alpha":100,"rotation":0,"depth":1,"scrolling":true,"shufflelock":false,"dragdrop":null,"dragpath":null,"dragrotation":null,"data":null,"mask":null,"markerType":null,"width":0,"height":0,"resume":true,"usehandcursor":true,"background":null,"id":""}]},"shapemaskid":"","xpos":36,"ypos":133,"tabindex":2,"tabenabled":false,"xoffset":0,"yoffset":0,"rotatexpos":324,"rotateypos":184.5,"xscale":100,"yscale":100,"alpha":100,"rotation":0,"depth":1,"scrolling":true,"shufflelock":false,"dragdrop":null,"dragpath":null,"dragrotation":null,"data":{"hotlinkid":"","accstate":0,"textdata":null,"imagedata":null,"swfdata":null,"videodata":null,"emfdata":null,"rectdata":null,"vectordata":null,"html5data":{"url":"","xpos":36,"ypos":133,"width":648,"height":369,"strokewidth":0,"mask":null}},"mask":null,"markerType":null,"width":648,"height":369,"resume":true,"usehandcursor":true,"background":{"type":"vector","fill":null,"imagedata":null,"emfdata":null,"vectordata":{"left":0,"top":0,"right":648,"bottom":369,"alttext":"Which Word","lmstext":null,"pngfb":false,"pr":{"l":"Lib","i":51},"text":null}},"id":"6mUrFn5nDtL"},{"__type":"droparea","style":"wordbank","reviewdata":0,"shapemaskid":"","xpos":30,"ypos":80,"tabindex":1,"tabenabled":true,"xoffset":0,"yoffset":0,"rotatexpos":299,"rotateypos":14,"xscale":100,"yscale":100,"alpha":100,"rotation":0,"depth":2,"scrolling":true,"shufflelock":false,"colors":[{"__type":"color","name":"hover","fill":{"type":"linear","rotation":90,"colors":[{"__type":"color","rgb":"0x6BF4FE","alpha":100,"stop":0}]}}],"dragdrop":null,"dragpath":null,"dragrotation":null,"data":null,"mask":null,"markerType":null,"width":598,"height":28,"resume":true,"usehandcursor":true,"background":null,"id":"6nYIJi4S1TF"},{"__type":"vectorshape","rotation":0,"acctype":"text","cliptobounds":false,"defaultaction":"","textlib":[{"__type":"textdata","uniqueId":"5pnFcXf0Rxw_-533620415","id":"01","linkid":"txt__default_5pnFcXf0Rxw","type":"vectortext","alttext":null,"lmstext":null,"xpos":0,"ypos":0,"width":0,"height":0,"shadowindex":-1,"vartext":null,"vectortext":{"left":0,"top":0,"right":146,"bottom":39,"alttext":null,"lmstext":null,"pngfb":false,"pr":{"l":"Lib","i":135},"text":null}}],"shapemaskid":"","xpos":36,"ypos":22,"tabindex":0,"tabenabled":true,"xoffset":0,"yoffset":0,"rotatexpos":324,"rotateypos":22,"xscale":100,"yscale":100,"alpha":100,"depth":3,"scrolling":true,"shufflelock":false,"dragdrop":null,"dragpath":null,"dragrotation":null,"data":{"hotlinkid":"","accstate":0,"textdata":null,"imagedata":null,"swfdata":null,"videodata":null,"emfdata":null,"rectdata":null,"vectordata":{"left":0,"top":0,"right":648,"bottom":44,"alttext":"Which word","lmstext":null,"pngfb":false,"pr":{"l":"Lib","i":11},"text":null},"html5data":{"url":null,"xpos":-1,"ypos":-1,"width":649,"height":45,"strokewidth":0,"mask":null}},"mask":null,"markerType":null,"width":648,"height":44,"resume":true,"usehandcursor":true,"background":null,"id":"5pnFcXf0Rxw"},{"__type":"vectorshape","rotation":0,"acctype":"text","cliptobounds":false,"defaultaction":"","textlib":[{"__type":"textdata","uniqueId":"6mUrFn5nDtL_CorrectReview","id":"01","linkid":"6mUrFn5nDtL_CorrectReview","type":"vectortext","alttext":null,"lmstext":null,"xpos":0,"ypos":0,"width":0,"height":0,"shadowindex":-1,"vartext":null,"vectortext":{"left":0,"top":0,"right":400,"bottom":37,"alttext":null,"lmstext":null,"pngfb":false,"pr":{"l":"Lib","i":14},"text":null}}],"shapemaskid":"","xpos":0,"ypos":500,"tabindex":6,"tabenabled":true,"xoffset":0,"yoffset":0,"rotatexpos":360,"rotateypos":20,"xscale":100,"yscale":100,"alpha":100,"depth":4,"scrolling":true,"shufflelock":false,"dragdrop":null,"dragpath":null,"dragrotation":null,"data":{"hotlinkid":"","accstate":0,"textdata":null,"imagedata":null,"swfdata":null,"videodata":null,"emfdata":null,"rectdata":null,"vectordata":{"left":-1,"top":-1,"right":720,"bottom":40,"alttext":"Correct","lmstext":null,"pngfb":false,"pr":{"l":"Lib","i":13},"text":null},"html5data":{"url":null,"xpos":1,"ypos":1,"width":717,"height":37,"strokewidth":2,"mask":null}},"mask":null,"markerType":null,"width":720,"height":40,"resume":false,"usehandcursor":true,"background":null,"id":"6mUrFn5nDtL_CorrectReview","events":[{"__type":"onrelease","actions":{"Actions":[{"__type":"hide","transition":"appear","objref":{"type":"string","value":"_this"}}]}}]},{"__type":"vectorshape","rotation":0,"acctype":"text","cliptobounds":false,"defaultaction":"","textlib":[{"__type":"textdata","uniqueId":"6mUrFn5nDtL_IncorrectReview","id":"01","linkid":"6mUrFn5nDtL_IncorrectReview","type":"vectortext","alttext":null,"lmstext":null,"xpos":0,"ypos":0,"width":0,"height":0,"shadowindex":-1,"vartext":null,"vectortext":{"left":0,"top":0,"right":409,"bottom":37,"alttext":null,"lmstext":null,"pngfb":false,"pr":{"l":"Lib","i":16},"text":null}}],"shapemaskid":"","xpos":0,"ypos":500,"tabindex":7,"tabenabled":true,"xoffset":0,"yoffset":0,"rotatexpos":360,"rotateypos":20,"xscale":100,"yscale":100,"alpha":100,"depth":5,"scrolling":true,"shufflelock":false,"dragdrop":null,"dragpath":null,"dragrotation":null,"data":{"hotlinkid":"","accstate":0,"textdata":null,"imagedata":null,"swfdata":null,"videodata":null,"emfdata":null,"rectdata":null,"vectordata":{"left":-1,"top":-1,"right":720,"bottom":40,"alttext":"Incorrect","lmstext":null,"pngfb":false,"pr":{"l":"Lib","i":15},"text":null},"html5data":{"url":null,"xpos":1,"ypos":1,"width":717,"height":37,"strokewidth":2,"mask":null}},"mask":null,"markerType":null,"width":720,"height":40,"resume":false,"usehandcursor":true,"background":null,"id":"6mUrFn5nDtL_IncorrectReview","events":[{"__type":"onrelease","actions":{"Actions":[{"__type":"hide","transition":"appear","objref":{"type":"string","value":"_this"}}]}}]}]},"starttime":-1,"elapsedtimemode":"normal","width":720,"height":540,"resume":true,"usehandcursor":false,"background":{"type":"fill","fill":{"type":"linear","rotation":90,"colors":[{"__type":"color","rgb":"0xFFFFFF","alpha":100,"stop":0}]},"imagedata":null,"emfdata":null,"vectordata":null},"id":"5XSqE72iNvf","actiongroups":[{"__type":"actiongroup","id":"ActGrpOnSubmitButtonClick","actions":{"Actions":[{"__type":"if_action","condition":{"Statement":{"__type":"compare","operator":"noteq","valuea":"6nYIJi4S1TF.DragConnectData","typea":"property","valueb":"","typeb":"string"}},"then_actions":{"Actions":[{"__type":"eval_interaction","id":"_this.64wA3P1vpgz"}]},"else_actions":{"Actions":[{"__type":"gotoplay","window":"MessageWnd","wndtype":"normal","objref":{"type":"string","value":"_player.MsgScene_5Zxg3fY3Nhm.InvalidPromptSlide"}}]}}]}},{"__type":"actiongroup","id":"ReviewInt_6mUrFn5nDtL","actions":{"Actions":[{"__type":"set_enabled","objref":{"type":"string","value":"6mUrFn5nDtL.6gO6s89g941"},"enabled":{"type":"boolean","value":false}},{"__type":"set_enabled","objref":{"type":"string","value":"6mUrFn5nDtL.5weSKVAjKb4"},"enabled":{"type":"boolean","value":false}},{"__type":"set_enabled","objref":{"type":"string","value":"6mUrFn5nDtL.6iye5ehRMkA"},"enabled":{"type":"boolean","value":false}},{"__type":"set_enabled","objref":{"type":"string","value":"6nYIJi4S1TF"},"enabled":{"type":"boolean","value":false}},{"__type":"if_action","condition":{"Statement":{"__type":"compare","operator":"eq","valuea":"_player.CurrentQuiz_6mUrFn5nDtL","typea":"var","valueb":"5WfhuQ3hw1Y","typeb":"string"}},"then_actions":{"Actions":[{"__type":"exe_actiongroup","id":"SetLayout_pxabnsnfns00001100101","scoperef":null,"params":null},{"__type":"if_action","condition":{"Statement":{"__type":"compare","operator":"eq","valuea":"_player.5WfhuQ3hw1Y.Passed","typea":"property","valueb":true,"typeb":"boolean"}},"then_actions":{"Actions":[{"__type":"exe_actiongroup","id":"ReviewIntCorrectIncorrect_6mUrFn5nDtL","scoperef":null,"params":null}]},"else_actions":null},{"__type":"if_action","condition":{"Statement":{"__type":"compare","operator":"eq","valuea":"_player.5WfhuQ3hw1Y.Passed","typea":"property","valueb":false,"typeb":"boolean"}},"then_actions":{"Actions":[{"__type":"exe_actiongroup","id":"ReviewIntCorrectIncorrect_6mUrFn5nDtL","scoperef":null,"params":null}]},"else_actions":null}]},"else_actions":null}]}},{"__type":"actiongroup","id":"ReviewIntCorrectIncorrect_6mUrFn5nDtL","actions":{"Actions":[]}},{"__type":"actiongroup","id":"AnsweredInt_6mUrFn5nDtL","actions":{"Actions":[{"__type":"exe_actiongroup","id":"DisableChoices_6mUrFn5nDtL","scoperef":null,"params":null},{"__type":"if_action","condition":{"Statement":{"__type":"compare","operator":"eq","valuea":"WindowId","typea":"property","valueb":"_frame","typeb":"string"}},"then_actions":{"Actions":[{"__type":"set_frame_layout","name":"pxabnsnfns00001100101"}]},"else_actions":{"Actions":[{"__type":"set_window_control_layout","name":"pxabnsnfns00001100101"}]}}]}},{"__type":"actiongroup","id":"DisableChoices_6mUrFn5nDtL","actions":{"Actions":[{"__type":"set_enabled","objref":{"type":"string","value":"6mUrFn5nDtL.6gO6s89g941"},"enabled":{"type":"boolean","value":false}},{"__type":"set_enabled","objref":{"type":"string","value":"6mUrFn5nDtL.5weSKVAjKb4"},"enabled":{"type":"boolean","value":false}},{"__type":"set_enabled","objref":{"type":"string","value":"6mUrFn5nDtL.6iye5ehRMkA"},"enabled":{"type":"boolean","value":false}},{"__type":"set_enabled","objref":{"type":"string","value":"6nYIJi4S1TF"},"enabled":{"type":"boolean","value":false}}]}},{"__type":"actiongroup","id":"6mUrFn5nDtL_CheckAnswered","actions":{"Actions":[{"__type":"if_action","condition":{"Statement":{"__type":"compare","operator":"gte","valuea":"64wA3P1vpgz.AttemptCount","typea":"property","valueb":1,"typeb":"number"}},"then_actions":{"Actions":[{"__type":"exe_actiongroup","id":"AnsweredInt_6mUrFn5nDtL","scoperef":null,"params":null}]},"else_actions":null}]}},{"__type":"actiongroup","id":"SetLayout_pxabnsnfns00001100101","actions":{"Actions":[{"__type":"if_action","condition":{"Statement":{"__type":"compare","operator":"eq","valuea":"WindowId","typea":"property","valueb":"_frame","typeb":"string"}},"then_actions":{"Actions":[{"__type":"set_frame_layout","name":"pxabnsnfns00001100101"}]},"else_actions":{"Actions":[{"__type":"set_window_control_layout","name":"pxabnsnfns00001100101"}]}}]}},{"__type":"actiongroup","id":"NavigationRestrictionNextSlide_5XSqE72iNvf","actions":{"Actions":[{"__type":"gotoplay","window":"_current","wndtype":"normal","objref":{"type":"string","value":"_parent.6YqpBkUvDNB"}}]}},{"__type":"actiongroup","id":"NavigationRestrictionPreviousSlide_5XSqE72iNvf","actions":{"Actions":[{"__type":"history_prev"}]}}],"events":[{"__type":"onbeforeslidein","actions":{"Actions":[{"__type":"if_action","condition":{"Statement":{"__type":"compare","operator":"eq","valuea":"WindowId","typea":"property","valueb":"_frame","typeb":"string"}},"then_actions":{"Actions":[{"__type":"set_frame_layout","name":"npnxnanbsnfns00001100101"}]},"else_actions":{"Actions":[{"__type":"set_window_control_layout","name":"npnxnanbsnfns00001100101"}]}}]}},{"__type":"onsubmitslide","actions":{"Actions":[{"__type":"exe_actiongroup","id":"ActGrpOnSubmitButtonClick","scoperef":null,"params":null}]}},{"__type":"ontransitionin","actions":{"Actions":[{"__type":"adjustvar","variable":"_player.LastSlideViewed_5Zxg3fY3Nhm","operator":"set","value":{"type":"string","value":"_player."}},{"__type":"adjustvar","variable":"_player.LastSlideViewed_5Zxg3fY3Nhm","operator":"add","value":{"type":"property","value":"AbsoluteId"}},{"__type":"if_action","condition":{"Statement":{"__type":"compare","operator":"eq","valuea":"_player.ReviewMode_6mUrFn5nDtL","typea":"var","valueb":true,"typeb":"boolean"}},"then_actions":{"Actions":[{"__type":"exe_actiongroup","id":"ReviewInt_6mUrFn5nDtL","scoperef":null,"params":null}]},"else_actions":{"Actions":[{"__type":"exe_actiongroup","id":"6mUrFn5nDtL_CheckAnswered","scoperef":null,"params":null}]}}]}},{"__type":"onnextslide","actions":{"Actions":[{"__type":"if_action","condition":{"Statement":{"__type":"compare","operator":"eq","valuea":"_player.ReviewMode_6mUrFn5nDtL","typea":"var","valueb":true,"typeb":"boolean"}},"then_actions":{"Actions":[{"__type":"if_action","condition":{"Statement":{"__type":"compare","operator":"eq","valuea":"_player.CurrentQuiz_6mUrFn5nDtL","typea":"var","valueb":"5WfhuQ3hw1Y","typeb":"string"}},"then_actions":{"Actions":[{"__type":"nextviewedslide","quizref":{"type":"string","value":"_player.5WfhuQ3hw1Y"},"completed_slide_ref":{"type":"string","value":"_player.6RoriILyZrf.6Am9SBi3ums"}}]},"else_actions":{"Actions":[{"__type":"debug_trace","message":"WARNING: question is in review mode, but not for any quiz that it\u0027s a part of"}]}}]},"else_actions":{"Actions":[{"__type":"exe_actiongroup","id":"NavigationRestrictionNextSlide_5XSqE72iNvf","scoperef":null,"params":null}]}}]}},{"__type":"onprevslide","actions":{"Actions":[{"__type":"exe_actiongroup","id":"NavigationRestrictionPreviousSlide_5XSqE72iNvf","scoperef":null,"params":null}]}}]}
