{"dataurl":"story_content/slides/6Am9SBi3ums.swf","iosurl":null,"html5url":null,"title":"Results Slide","trackviews":true,"showmenuresulticon":false,"viewgroupid":"","historygroupid":"","videozoom":"","scrolling":false,"transition":"appear","transduration":0,"transdir":1,"wipetrans":false,"slidelock":false,"navindex":-1,"globalaudioid":"","thumbnailid":"","slidewindowbg":null,"presenterref":{"id":"none","videodata":null},"slidelayers":[{"__type":"slidelayer","hideobjectsondisplay":null,"depth":0,"modal":false,"pauseparent":false,"rotatexpos":360,"rotateypos":270,"tabindex":-1,"enableseek":true,"enablereplay":true,"lmsid":"","timeline":{"duration":5000,"events":[{"__type":"event","time":0,"actions":{"Actions":[{"__type":"show","transition":"appear","objref":{"type":"string","value":"6b0PaMpDw6W"}},{"__type":"show","transition":"appear","objref":{"type":"string","value":"640ronRW723"}}]}}]},"objects":{"Objects":[{"__type":"vectorshape","rotation":0,"acctype":"text","cliptobounds":false,"defaultaction":"","textlib":[{"__type":"textdata","uniqueId":"6b0PaMpDw6W_899261918","id":"01","linkid":"txt__default_6b0PaMpDw6W","type":"vectortext","alttext":null,"lmstext":null,"xpos":0,"ypos":0,"width":0,"height":0,"shadowindex":-1,"vartext":null,"vectortext":{"left":0,"top":0,"right":230,"bottom":27,"alttext":null,"lmstext":null,"pngfb":false,"pr":{"l":"Lib","i":190},"text":null}}],"shapemaskid":"","xpos":240,"ypos":353,"tabindex":2,"tabenabled":true,"xoffset":0,"yoffset":0,"rotatexpos":120,"rotateypos":16,"xscale":100,"yscale":100,"alpha":100,"depth":1,"scrolling":true,"shufflelock":false,"dragdrop":null,"dragpath":null,"dragrotation":null,"data":{"hotlinkid":"","accstate":0,"textdata":null,"imagedata":null,"swfdata":null,"videodata":null,"emfdata":null,"rectdata":null,"vectordata":{"left":0,"top":0,"right":240,"bottom":32,"alttext":"Congratulations, you passed.","lmstext":null,"pngfb":false,"pr":{"l":"Lib","i":189},"text":null},"html5data":{"url":null,"xpos":-1,"ypos":-1,"width":241,"height":33,"strokewidth":0,"mask":null}},"mask":null,"markerType":null,"width":240,"height":32,"resume":false,"usehandcursor":true,"background":null,"id":"6b0PaMpDw6W"},{"__type":"vectorshape","rotation":0,"acctype":"text","cliptobounds":false,"defaultaction":"","shapemaskid":"","xpos":199,"ypos":356,"tabindex":3,"tabenabled":true,"xoffset":0,"yoffset":0,"rotatexpos":15,"rotateypos":12.5,"xscale":100,"yscale":100,"alpha":100,"depth":2,"scrolling":true,"shufflelock":false,"dragdrop":null,"dragpath":null,"dragrotation":null,"data":{"hotlinkid":"","accstate":0,"textdata":null,"imagedata":null,"swfdata":null,"videodata":null,"emfdata":null,"rectdata":null,"vectordata":{"left":-1,"top":-1,"right":32,"bottom":27,"alttext":"Checkmark 1","lmstext":null,"pngfb":false,"pr":{"l":"Lib","i":191},"text":null},"html5data":{"url":null,"xpos":-1,"ypos":-1,"width":32,"height":27,"strokewidth":1,"mask":null}},"mask":null,"markerType":null,"width":31,"height":26,"resume":false,"usehandcursor":true,"background":null,"id":"640ronRW723"}]},"starttime":-1,"elapsedtimemode":"normal","width":720,"height":540,"resume":false,"usehandcursor":false,"background":null,"id":"6aeyYfw2n9c"},{"__type":"slidelayer","hideobjectsondisplay":null,"depth":0,"modal":false,"pauseparent":false,"rotatexpos":360,"rotateypos":270,"tabindex":-1,"enableseek":true,"enablereplay":true,"lmsid":"","timeline":{"duration":5000,"events":[{"__type":"event","time":0,"actions":{"Actions":[{"__type":"show","transition":"appear","objref":{"type":"string","value":"5uSnHPhId9G"}},{"__type":"show","transition":"appear","objref":{"type":"string","value":"5cGYA4nkWKN"}}]}}]},"objects":{"Objects":[{"__type":"vectorshape","rotation":0,"acctype":"text","cliptobounds":false,"defaultaction":"","textlib":[{"__type":"textdata","uniqueId":"5uSnHPhId9G_-1464036763","id":"01","linkid":"txt__default_5uSnHPhId9G","type":"vectortext","alttext":null,"lmstext":null,"xpos":0,"ypos":0,"width":0,"height":0,"shadowindex":-1,"vartext":null,"vectortext":{"left":0,"top":0,"right":140,"bottom":27,"alttext":null,"lmstext":null,"pngfb":false,"pr":{"l":"Lib","i":193},"text":null}}],"shapemaskid":"","xpos":285,"ypos":353,"tabindex":0,"tabenabled":true,"xoffset":0,"yoffset":0,"rotatexpos":75,"rotateypos":16,"xscale":100,"yscale":100,"alpha":100,"depth":1,"scrolling":true,"shufflelock":false,"dragdrop":null,"dragpath":null,"dragrotation":null,"data":{"hotlinkid":"","accstate":0,"textdata":null,"imagedata":null,"swfdata":null,"videodata":null,"emfdata":null,"rectdata":null,"vectordata":{"left":0,"top":0,"right":150,"bottom":32,"alttext":"You did not pass.","lmstext":null,"pngfb":false,"pr":{"l":"Lib","i":192},"text":null},"html5data":{"url":null,"xpos":-1,"ypos":-1,"width":151,"height":33,"strokewidth":0,"mask":null}},"mask":null,"markerType":null,"width":150,"height":32,"resume":false,"usehandcursor":true,"background":null,"id":"5uSnHPhId9G"},{"__type":"vectorshape","rotation":0,"acctype":"text","cliptobounds":false,"defaultaction":"","shapemaskid":"","xpos":249,"ypos":356,"tabindex":1,"tabenabled":true,"xoffset":0,"yoffset":0,"rotatexpos":12.5,"rotateypos":12.5,"xscale":100,"yscale":100,"alpha":100,"depth":2,"scrolling":true,"shufflelock":false,"dragdrop":null,"dragpath":null,"dragrotation":null,"data":{"hotlinkid":"","accstate":0,"textdata":null,"imagedata":null,"swfdata":null,"videodata":null,"emfdata":null,"rectdata":null,"vectordata":{"left":-1,"top":-1,"right":27,"bottom":27,"alttext":"Multiply 1","lmstext":null,"pngfb":false,"pr":{"l":"Lib","i":194},"text":null},"html5data":{"url":null,"xpos":-1,"ypos":-1,"width":27,"height":27,"strokewidth":1,"mask":null}},"mask":null,"markerType":null,"width":26,"height":26,"resume":false,"usehandcursor":true,"background":null,"id":"5cGYA4nkWKN"}]},"starttime":-1,"elapsedtimemode":"normal","width":720,"height":540,"resume":false,"usehandcursor":false,"background":null,"id":"5xZDycpRwi8"}],"showanimationid":"","enableseek":true,"enablereplay":true,"lmsid":"Slide28","timeline":{"duration":5000,"events":[{"__type":"event","time":0,"actions":{"Actions":[{"__type":"show","transition":"appear","objref":{"type":"string","value":"5wDVhhFJt6L"}},{"__type":"show","transition":"appear","objref":{"type":"string","value":"6JJMC8EFivG"}},{"__type":"show","transition":"appear","objref":{"type":"string","value":"6fLXPWJyxug"}},{"__type":"show","transition":"appear","objref":{"type":"string","value":"5hH2X0usVgZ"}},{"__type":"show","transition":"appear","objref":{"type":"string","value":"63TCEjbDlhv"}},{"__type":"show","transition":"appear","objref":{"type":"string","value":"6BY7YmYVa5G"}},{"__type":"show","transition":"appear","objref":{"type":"string","value":"6Vi7ioSukJF"}},{"__type":"show","transition":"appear","objref":{"type":"string","value":"5pvWxUGtjMz"}}]}}]},"objects":{"Objects":[{"__type":"vectorshape","rotation":0,"acctype":"text","cliptobounds":false,"defaultaction":"","textlib":[{"__type":"textdata","uniqueId":"5wDVhhFJt6L_-2028907867","id":"01","linkid":"txt__default_5wDVhhFJt6L","type":"vectortext","alttext":null,"lmstext":null,"xpos":0,"ypos":0,"width":0,"height":0,"shadowindex":-1,"vartext":null,"vectortext":{"left":0,"top":0,"right":89,"bottom":38,"alttext":null,"lmstext":null,"pngfb":false,"pr":{"l":"Lib","i":174},"text":null}}],"shapemaskid":"","xpos":310,"ypos":20,"tabindex":4,"tabenabled":true,"xoffset":0,"yoffset":0,"rotatexpos":49.5,"rotateypos":21.5,"xscale":100,"yscale":100,"alpha":100,"depth":1,"scrolling":true,"shufflelock":false,"dragdrop":null,"dragpath":null,"dragrotation":null,"data":{"hotlinkid":"","accstate":0,"textdata":null,"imagedata":null,"swfdata":null,"videodata":null,"emfdata":null,"rectdata":null,"vectordata":{"left":0,"top":0,"right":99,"bottom":43,"alttext":"Results","lmstext":null,"pngfb":false,"pr":{"l":"Lib","i":173},"text":null},"html5data":{"url":null,"xpos":-1,"ypos":-1,"width":100,"height":44,"strokewidth":0,"mask":null}},"mask":null,"markerType":null,"width":99,"height":43,"resume":true,"usehandcursor":true,"background":null,"id":"5wDVhhFJt6L"},{"__type":"vectorshape","rotation":0,"acctype":"text","cliptobounds":false,"defaultaction":"","textlib":[{"__type":"textdata","uniqueId":"6JJMC8EFivG_474212735","id":"01","linkid":"txt__default_6JJMC8EFivG","type":"vectortext","alttext":null,"lmstext":null,"xpos":0,"ypos":0,"width":0,"height":0,"shadowindex":-1,"vartext":null,"vectortext":{"left":0,"top":0,"right":135,"bottom":38,"alttext":null,"lmstext":null,"pngfb":false,"pr":{"l":"Lib","i":176},"text":null}}],"shapemaskid":"","xpos":175,"ypos":144,"tabindex":6,"tabenabled":true,"xoffset":0,"yoffset":0,"rotatexpos":72.5,"rotateypos":21.5,"xscale":100,"yscale":100,"alpha":100,"depth":2,"scrolling":true,"shufflelock":false,"dragdrop":null,"dragpath":null,"dragrotation":null,"data":{"hotlinkid":"","accstate":0,"textdata":null,"imagedata":null,"swfdata":null,"videodata":null,"emfdata":null,"rectdata":null,"vectordata":{"left":0,"top":0,"right":145,"bottom":43,"alttext":"Your Score:","lmstext":null,"pngfb":false,"pr":{"l":"Lib","i":175},"text":null},"html5data":{"url":null,"xpos":-1,"ypos":-1,"width":146,"height":44,"strokewidth":0,"mask":null}},"mask":null,"markerType":null,"width":145,"height":43,"resume":true,"usehandcursor":true,"background":null,"id":"6JJMC8EFivG"},{"__type":"vectorshape","rotation":0,"acctype":"text","cliptobounds":false,"defaultaction":"","textlib":[{"__type":"textdata","uniqueId":null,"id":"01","linkid":"txt__default_6fLXPWJyxug","type":"vartext","alttext":null,"lmstext":null,"xpos":0,"ypos":0,"width":264,"height":37,"device":false,"valign":"top","shadowindex":-1,"vartext":"\u003cp style=\u0027text-align:left;line-height:24px;direction: ltr\u0027\u003e\u003cfont style=\"font-family: \u0027Open Sans\u0027; font-size:24px; color:#000000;\"\u003e%_player.5WfhuQ3hw1Y.$PercentScore%^%^ (%_player.5WfhuQ3hw1Y.$Score% points)\u003c/font\u003e\u003c/p\u003e","vectortext":null}],"shapemaskid":"","xpos":400,"ypos":144,"tabindex":7,"tabenabled":true,"xoffset":0,"yoffset":0,"rotatexpos":140,"rotateypos":21.5,"xscale":100,"yscale":100,"alpha":100,"depth":3,"scrolling":true,"shufflelock":false,"dragdrop":null,"dragpath":null,"dragrotation":null,"data":{"hotlinkid":"","accstate":0,"textdata":null,"imagedata":null,"swfdata":null,"videodata":null,"emfdata":null,"rectdata":null,"vectordata":{"left":0,"top":0,"right":280,"bottom":43,"alttext":"%_player.5WfhuQ3hw1Y.$PercentScore%^%^ (%_player.5WfhuQ3hw1Y.$Score% points)","lmstext":null,"pngfb":false,"pr":{"l":"Lib","i":177},"text":null},"html5data":{"url":null,"xpos":-1,"ypos":-1,"width":281,"height":44,"strokewidth":0,"mask":null}},"mask":null,"markerType":null,"width":280,"height":43,"resume":true,"usehandcursor":true,"background":null,"id":"6fLXPWJyxug"},{"__type":"vectorshape","rotation":0,"acctype":"text","cliptobounds":false,"defaultaction":"","textlib":[{"__type":"textdata","uniqueId":"5hH2X0usVgZ_2017110515","id":"01","linkid":"txt__default_5hH2X0usVgZ","type":"vectortext","alttext":null,"lmstext":null,"xpos":0,"ypos":0,"width":0,"height":0,"shadowindex":-1,"vartext":null,"vectortext":{"left":0,"top":0,"right":166,"bottom":38,"alttext":null,"lmstext":null,"pngfb":false,"pr":{"l":"Lib","i":179},"text":null}}],"shapemaskid":"","xpos":144,"ypos":207,"tabindex":8,"tabenabled":true,"xoffset":0,"yoffset":0,"rotatexpos":88,"rotateypos":21.5,"xscale":100,"yscale":100,"alpha":100,"depth":4,"scrolling":true,"shufflelock":false,"dragdrop":null,"dragpath":null,"dragrotation":null,"data":{"hotlinkid":"","accstate":0,"textdata":null,"imagedata":null,"swfdata":null,"videodata":null,"emfdata":null,"rectdata":null,"vectordata":{"left":0,"top":0,"right":176,"bottom":43,"alttext":"Passing Score:","lmstext":null,"pngfb":false,"pr":{"l":"Lib","i":178},"text":null},"html5data":{"url":null,"xpos":-1,"ypos":-1,"width":177,"height":44,"strokewidth":0,"mask":null}},"mask":null,"markerType":null,"width":176,"height":43,"resume":true,"usehandcursor":true,"background":null,"id":"5hH2X0usVgZ"},{"__type":"vectorshape","rotation":0,"acctype":"text","cliptobounds":false,"defaultaction":"","textlib":[{"__type":"textdata","uniqueId":null,"id":"01","linkid":"txt__default_63TCEjbDlhv","type":"vartext","alttext":null,"lmstext":null,"xpos":0,"ypos":0,"width":264,"height":37,"device":false,"valign":"top","shadowindex":-1,"vartext":"\u003cp style=\u0027text-align:left;line-height:24px;direction: ltr\u0027\u003e\u003cfont style=\"font-family: \u0027Open Sans\u0027; font-size:24px; color:#000000;\"\u003e%_player.5WfhuQ3hw1Y.$PassPercent%^%^ (%_player.5WfhuQ3hw1Y.$PassScore% points)\u003c/font\u003e\u003c/p\u003e","vectortext":null}],"shapemaskid":"","xpos":400,"ypos":207,"tabindex":9,"tabenabled":true,"xoffset":0,"yoffset":0,"rotatexpos":140,"rotateypos":21.5,"xscale":100,"yscale":100,"alpha":100,"depth":5,"scrolling":true,"shufflelock":false,"dragdrop":null,"dragpath":null,"dragrotation":null,"data":{"hotlinkid":"","accstate":0,"textdata":null,"imagedata":null,"swfdata":null,"videodata":null,"emfdata":null,"rectdata":null,"vectordata":{"left":0,"top":0,"right":280,"bottom":43,"alttext":"%_player.5WfhuQ3hw1Y.$PassPercent%^%^ (%_player.5WfhuQ3hw1Y.$PassScore% points)","lmstext":null,"pngfb":false,"pr":{"l":"Lib","i":177},"text":null},"html5data":{"url":null,"xpos":-1,"ypos":-1,"width":281,"height":44,"strokewidth":0,"mask":null}},"mask":null,"markerType":null,"width":280,"height":43,"resume":true,"usehandcursor":true,"background":null,"id":"63TCEjbDlhv"},{"__type":"vectorshape","rotation":0,"acctype":"text","cliptobounds":false,"defaultaction":"","shapemaskid":"","xpos":40,"ypos":270,"tabindex":10,"tabenabled":true,"xoffset":0,"yoffset":0,"rotatexpos":320,"rotateypos":0,"xscale":100,"yscale":100,"alpha":100,"depth":6,"scrolling":true,"shufflelock":false,"dragdrop":null,"dragpath":null,"dragrotation":null,"data":{"hotlinkid":"","accstate":0,"textdata":null,"imagedata":null,"swfdata":null,"videodata":null,"emfdata":null,"rectdata":null,"vectordata":{"left":-2,"top":-2,"right":642,"bottom":2,"alttext":"Line 1","lmstext":null,"pngfb":false,"pr":{"l":"Lib","i":180},"text":null},"html5data":{"url":null,"xpos":-1,"ypos":-1,"width":641,"height":1,"strokewidth":1,"mask":null}},"mask":null,"markerType":null,"width":640,"height":0,"resume":true,"usehandcursor":true,"background":null,"id":"6BY7YmYVa5G"},{"__type":"vectorshape","rotation":0,"acctype":"text","cliptobounds":false,"defaultaction":"","textlib":[{"__type":"textdata","uniqueId":"6Vi7ioSukJF_533948186","id":"01","linkid":"txt__default_6Vi7ioSukJF","type":"vectortext","alttext":null,"lmstext":null,"xpos":0,"ypos":0,"width":0,"height":0,"shadowindex":-1,"vartext":null,"vectortext":{"left":0,"top":0,"right":84,"bottom":38,"alttext":null,"lmstext":null,"pngfb":false,"pr":{"l":"Lib","i":182},"text":null}}],"shapemaskid":"","xpos":313,"ypos":290,"tabindex":11,"tabenabled":true,"xoffset":0,"yoffset":0,"rotatexpos":47,"rotateypos":21.5,"xscale":100,"yscale":100,"alpha":100,"depth":7,"scrolling":true,"shufflelock":false,"dragdrop":null,"dragpath":null,"dragrotation":null,"data":{"hotlinkid":"","accstate":0,"textdata":null,"imagedata":null,"swfdata":null,"videodata":null,"emfdata":null,"rectdata":null,"vectordata":{"left":0,"top":0,"right":94,"bottom":43,"alttext":"Result:","lmstext":null,"pngfb":false,"pr":{"l":"Lib","i":181},"text":null},"html5data":{"url":null,"xpos":-1,"ypos":-1,"width":95,"height":44,"strokewidth":0,"mask":null}},"mask":null,"markerType":null,"width":94,"height":43,"resume":true,"usehandcursor":true,"background":null,"id":"6Vi7ioSukJF"},{"__type":"vectorshape","rotation":0,"acctype":"button","cliptobounds":false,"defaultaction":"onrelease","textlib":[{"__type":"textdata","uniqueId":"6kbb9WhdUsR_-441287058","id":"01","linkid":"txt__default_5pvWxUGtjMz","type":"vectortext","alttext":null,"lmstext":null,"xpos":0,"ypos":0,"width":0,"height":0,"shadowindex":-1,"vartext":null,"vectortext":{"left":0,"top":0,"right":130,"bottom":33,"alttext":null,"lmstext":null,"pngfb":false,"pr":{"l":"Lib","i":188},"text":null}}],"shapemaskid":"","xpos":285,"ypos":480,"tabindex":12,"tabenabled":true,"xoffset":0,"yoffset":0,"rotatexpos":75,"rotateypos":20,"xscale":100,"yscale":100,"alpha":100,"depth":8,"scrolling":true,"shufflelock":false,"dragdrop":null,"dragpath":null,"dragrotation":null,"data":{"hotlinkid":"","accstate":0,"textdata":null,"imagedata":null,"swfdata":null,"videodata":null,"emfdata":null,"rectdata":null,"vectordata":{"left":-2,"top":-2,"right":151,"bottom":41,"alttext":"Review Quiz","lmstext":null,"pngfb":false,"pr":{"l":"Lib","i":183},"text":null},"html5data":{"url":null,"xpos":-1,"ypos":-1,"width":151,"height":41,"strokewidth":1,"mask":null}},"mask":null,"states":[{"__type":"state","name":"_default_Disabled","data":{"hotlinkid":"","accstate":1,"textdata":null,"imagedata":null,"swfdata":null,"videodata":null,"emfdata":null,"rectdata":null,"vectordata":{"left":-2,"top":-2,"right":151,"bottom":41,"alttext":"Review Quiz","lmstext":null,"pngfb":false,"pr":{"l":"Lib","i":183},"text":null},"html5data":{"url":null,"xpos":-2,"ypos":-2,"width":153,"height":43,"strokewidth":1,"mask":null}}},{"__type":"state","name":"_default_Down","data":{"hotlinkid":"","accstate":8,"textdata":null,"imagedata":null,"swfdata":null,"videodata":null,"emfdata":null,"rectdata":null,"vectordata":{"left":-2,"top":-2,"right":151,"bottom":41,"alttext":"Review Quiz","lmstext":null,"pngfb":false,"pr":{"l":"Lib","i":184},"text":null},"html5data":{"url":null,"xpos":-2,"ypos":-2,"width":153,"height":43,"strokewidth":1,"mask":null}}},{"__type":"state","name":"_default_Hover","data":{"hotlinkid":"","accstate":0,"textdata":null,"imagedata":null,"swfdata":null,"videodata":null,"emfdata":null,"rectdata":null,"vectordata":{"left":-2,"top":-2,"right":151,"bottom":41,"alttext":"Review Quiz","lmstext":null,"pngfb":false,"pr":{"l":"Lib","i":185},"text":null},"html5data":{"url":null,"xpos":-2,"ypos":-2,"width":153,"height":43,"strokewidth":1,"mask":null}}},{"__type":"state","name":"_default_Hover_Disabled","data":{"hotlinkid":"","accstate":1,"textdata":null,"imagedata":null,"swfdata":null,"videodata":null,"emfdata":null,"rectdata":null,"vectordata":{"left":-2,"top":-2,"right":151,"bottom":41,"alttext":"Review Quiz","lmstext":null,"pngfb":false,"pr":{"l":"Lib","i":186},"text":null},"html5data":{"url":null,"xpos":-2,"ypos":-2,"width":153,"height":43,"strokewidth":1,"mask":null}}},{"__type":"state","name":"_default_Hover_Down","data":{"hotlinkid":"","accstate":8,"textdata":null,"imagedata":null,"swfdata":null,"videodata":null,"emfdata":null,"rectdata":null,"vectordata":{"left":-2,"top":-2,"right":151,"bottom":41,"alttext":"Review Quiz","lmstext":null,"pngfb":false,"pr":{"l":"Lib","i":187},"text":null},"html5data":{"url":null,"xpos":-2,"ypos":-2,"width":153,"height":43,"strokewidth":1,"mask":null}}}],"markerType":null,"width":150,"height":40,"resume":true,"usehandcursor":true,"background":null,"id":"5pvWxUGtjMz","variables":[{"__type":"variable","name":"_hover","type":"boolean","value":false,"resume":true},{"__type":"variable","name":"_down","type":"boolean","value":false,"resume":true},{"__type":"variable","name":"_disabled","type":"boolean","value":false,"resume":true},{"__type":"variable","name":"_state","type":"string","value":"_default","resume":true},{"__type":"variable","name":"_stateName","type":"string","value":"","resume":true},{"__type":"variable","name":"_tempStateName","type":"string","value":"","resume":false}],"actiongroups":[{"__type":"actiongroup","id":"ActGrpSetHoverState","actions":{"Actions":[{"__type":"adjustvar","variable":"_hover","operator":"set","value":{"type":"boolean","value":true}},{"__type":"exe_actiongroup","id":"_player._setstates","scoperef":{"type":"string","value":"_this"},"params":null}]}},{"__type":"actiongroup","id":"ActGrpClearHoverState","actions":{"Actions":[{"__type":"adjustvar","variable":"_hover","operator":"set","value":{"type":"boolean","value":false}},{"__type":"exe_actiongroup","id":"_player._setstates","scoperef":{"type":"string","value":"_this"},"params":null}]}},{"__type":"actiongroup","id":"ActGrpSetDisabledState","actions":{"Actions":[{"__type":"adjustvar","variable":"_disabled","operator":"set","value":{"type":"boolean","value":true}},{"__type":"exe_actiongroup","id":"_player._setstates","scoperef":{"type":"string","value":"_this"},"params":null}]}},{"__type":"actiongroup","id":"ActGrpSetDownState","actions":{"Actions":[{"__type":"adjustvar","variable":"_down","operator":"set","value":{"type":"boolean","value":true}},{"__type":"exe_actiongroup","id":"_player._setstates","scoperef":{"type":"string","value":"_this"},"params":null}]}},{"__type":"actiongroup","id":"ActGrpClearStateVars","actions":{"Actions":[{"__type":"adjustvar","variable":"_hover","operator":"set","value":{"type":"boolean","value":false}},{"__type":"adjustvar","variable":"_down","operator":"set","value":{"type":"boolean","value":false}},{"__type":"adjustvar","variable":"_disabled","operator":"set","value":{"type":"boolean","value":false}}]}}],"events":[{"__type":"onrelease","actions":{"Actions":[{"__type":"adjustvar","variable":"_down","operator":"set","value":{"type":"boolean","value":false}},{"__type":"exe_actiongroup","id":"_player._setstates","scoperef":{"type":"string","value":"_this"},"params":null},{"__type":"adjustvar","variable":"_player.ReviewMode_6GNXZZrL4pz","operator":"set","value":{"type":"boolean","value":true}},{"__type":"adjustvar","variable":"_player.CurrentQuiz_6GNXZZrL4pz","operator":"set","value":{"type":"string","value":"5WfhuQ3hw1Y"}},{"__type":"adjustvar","variable":"_player.ReviewMode_5dcMfZk2ixp","operator":"set","value":{"type":"boolean","value":true}},{"__type":"adjustvar","variable":"_player.CurrentQuiz_5dcMfZk2ixp","operator":"set","value":{"type":"string","value":"5WfhuQ3hw1Y"}},{"__type":"adjustvar","variable":"_player.ReviewMode_6S8BTkr758H","operator":"set","value":{"type":"boolean","value":true}},{"__type":"adjustvar","variable":"_player.CurrentQuiz_6S8BTkr758H","operator":"set","value":{"type":"string","value":"5WfhuQ3hw1Y"}},{"__type":"adjustvar","variable":"_player.ReviewMode_68fSeM7kKHg","operator":"set","value":{"type":"boolean","value":true}},{"__type":"adjustvar","variable":"_player.CurrentQuiz_68fSeM7kKHg","operator":"set","value":{"type":"string","value":"5WfhuQ3hw1Y"}},{"__type":"adjustvar","variable":"_player.ReviewMode_65yVp3q0c1V","operator":"set","value":{"type":"boolean","value":true}},{"__type":"adjustvar","variable":"_player.CurrentQuiz_65yVp3q0c1V","operator":"set","value":{"type":"string","value":"5WfhuQ3hw1Y"}},{"__type":"adjustvar","variable":"_player.ReviewMode_6Cxux1oRjtt","operator":"set","value":{"type":"boolean","value":true}},{"__type":"adjustvar","variable":"_player.CurrentQuiz_6Cxux1oRjtt","operator":"set","value":{"type":"string","value":"5WfhuQ3hw1Y"}},{"__type":"adjustvar","variable":"_player.ReviewMode_6MYMYgvct3N","operator":"set","value":{"type":"boolean","value":true}},{"__type":"adjustvar","variable":"_player.CurrentQuiz_6MYMYgvct3N","operator":"set","value":{"type":"string","value":"5WfhuQ3hw1Y"}},{"__type":"adjustvar","variable":"_player.ReviewMode_5mDo5ggkdF9","operator":"set","value":{"type":"boolean","value":true}},{"__type":"adjustvar","variable":"_player.CurrentQuiz_5mDo5ggkdF9","operator":"set","value":{"type":"string","value":"5WfhuQ3hw1Y"}},{"__type":"adjustvar","variable":"_player.ReviewMode_5XO7HMXqVFq","operator":"set","value":{"type":"boolean","value":true}},{"__type":"adjustvar","variable":"_player.CurrentQuiz_5XO7HMXqVFq","operator":"set","value":{"type":"string","value":"5WfhuQ3hw1Y"}},{"__type":"adjustvar","variable":"_player.ReviewMode_6da97NuedX2","operator":"set","value":{"type":"boolean","value":true}},{"__type":"adjustvar","variable":"_player.CurrentQuiz_6da97NuedX2","operator":"set","value":{"type":"string","value":"5WfhuQ3hw1Y"}},{"__type":"adjustvar","variable":"_player.ReviewMode_5vEXxqdqOdD","operator":"set","value":{"type":"boolean","value":true}},{"__type":"adjustvar","variable":"_player.CurrentQuiz_5vEXxqdqOdD","operator":"set","value":{"type":"string","value":"5WfhuQ3hw1Y"}},{"__type":"adjustvar","variable":"_player.ReviewMode_5vhC2TxNspt","operator":"set","value":{"type":"boolean","value":true}},{"__type":"adjustvar","variable":"_player.CurrentQuiz_5vhC2TxNspt","operator":"set","value":{"type":"string","value":"5WfhuQ3hw1Y"}},{"__type":"adjustvar","variable":"_player.ReviewMode_5mFwhrlXirM","operator":"set","value":{"type":"boolean","value":true}},{"__type":"adjustvar","variable":"_player.CurrentQuiz_5mFwhrlXirM","operator":"set","value":{"type":"string","value":"5WfhuQ3hw1Y"}},{"__type":"adjustvar","variable":"_player.ReviewMode_6l7HKxAmbl2","operator":"set","value":{"type":"boolean","value":true}},{"__type":"adjustvar","variable":"_player.CurrentQuiz_6l7HKxAmbl2","operator":"set","value":{"type":"string","value":"5WfhuQ3hw1Y"}},{"__type":"adjustvar","variable":"_player.ReviewMode_6mUrFn5nDtL","operator":"set","value":{"type":"boolean","value":true}},{"__type":"adjustvar","variable":"_player.CurrentQuiz_6mUrFn5nDtL","operator":"set","value":{"type":"string","value":"5WfhuQ3hw1Y"}},{"__type":"adjustvar","variable":"_player.ReviewMode_5sDzGj4S5Di","operator":"set","value":{"type":"boolean","value":true}},{"__type":"adjustvar","variable":"_player.CurrentQuiz_5sDzGj4S5Di","operator":"set","value":{"type":"string","value":"5WfhuQ3hw1Y"}},{"__type":"adjustvar","variable":"_player.ReviewMode_6ovjoM6s95s","operator":"set","value":{"type":"boolean","value":true}},{"__type":"adjustvar","variable":"_player.CurrentQuiz_6ovjoM6s95s","operator":"set","value":{"type":"string","value":"5WfhuQ3hw1Y"}},{"__type":"adjustvar","variable":"_player.ReviewMode_6FjVVz3TyKq","operator":"set","value":{"type":"boolean","value":true}},{"__type":"adjustvar","variable":"_player.CurrentQuiz_6FjVVz3TyKq","operator":"set","value":{"type":"string","value":"5WfhuQ3hw1Y"}},{"__type":"adjustvar","variable":"_player.ReviewMode_6YUTD1dTrqP","operator":"set","value":{"type":"boolean","value":true}},{"__type":"adjustvar","variable":"_player.CurrentQuiz_6YUTD1dTrqP","operator":"set","value":{"type":"string","value":"5WfhuQ3hw1Y"}},{"__type":"adjustvar","variable":"_player.ReviewMode_65bIwMfDFT5","operator":"set","value":{"type":"boolean","value":true}},{"__type":"adjustvar","variable":"_player.CurrentQuiz_65bIwMfDFT5","operator":"set","value":{"type":"string","value":"5WfhuQ3hw1Y"}},{"__type":"adjustvar","variable":"_player.ReviewMode_5dKZ4nUkiCO","operator":"set","value":{"type":"boolean","value":true}},{"__type":"adjustvar","variable":"_player.CurrentQuiz_5dKZ4nUkiCO","operator":"set","value":{"type":"string","value":"5WfhuQ3hw1Y"}},{"__type":"adjustvar","variable":"_player.ReviewMode_6Y2fSiA8hqF","operator":"set","value":{"type":"boolean","value":true}},{"__type":"adjustvar","variable":"_player.CurrentQuiz_6Y2fSiA8hqF","operator":"set","value":{"type":"string","value":"5WfhuQ3hw1Y"}},{"__type":"adjustvar","variable":"_player.ReviewMode_5dpe7UQ7wv1","operator":"set","value":{"type":"boolean","value":true}},{"__type":"adjustvar","variable":"_player.CurrentQuiz_5dpe7UQ7wv1","operator":"set","value":{"type":"string","value":"5WfhuQ3hw1Y"}},{"__type":"adjustvar","variable":"_player.ReviewMode_60iHtrP0SKH","operator":"set","value":{"type":"boolean","value":true}},{"__type":"adjustvar","variable":"_player.CurrentQuiz_60iHtrP0SKH","operator":"set","value":{"type":"string","value":"5WfhuQ3hw1Y"}},{"__type":"adjustvar","variable":"_player.ReviewMode_6Zg2QVbxh3s","operator":"set","value":{"type":"boolean","value":true}},{"__type":"adjustvar","variable":"_player.CurrentQuiz_6Zg2QVbxh3s","operator":"set","value":{"type":"string","value":"5WfhuQ3hw1Y"}},{"__type":"adjustvar","variable":"_player.ReviewMode_6IB2Z0Di8CB","operator":"set","value":{"type":"boolean","value":true}},{"__type":"adjustvar","variable":"_player.CurrentQuiz_6IB2Z0Di8CB","operator":"set","value":{"type":"string","value":"5WfhuQ3hw1Y"}},{"__type":"nextviewedslide","quizref":{"type":"string","value":"_player.5WfhuQ3hw1Y"},"completed_slide_ref":{"type":"string","value":"_player.6RoriILyZrf.6Am9SBi3ums"}}]}},{"__type":"ontransitionin","actions":{"Actions":[{"__type":"exe_actiongroup","id":"_player._setstates","scoperef":{"type":"string","value":"_this"},"params":null}]}},{"__type":"onrollover","actions":{"Actions":[{"__type":"exe_actiongroup","id":"ActGrpSetHoverState","scoperef":{"type":"string","value":"_this"},"params":null}]}},{"__type":"onrollout","actions":{"Actions":[{"__type":"exe_actiongroup","id":"ActGrpClearHoverState","scoperef":{"type":"string","value":"_this"},"params":null}]}},{"__type":"onpress","actions":{"Actions":[{"__type":"exe_actiongroup","id":"ActGrpSetDownState","scoperef":{"type":"string","value":"_this"},"params":null}]}},{"__type":"onreleaseoutside","actions":{"Actions":[{"__type":"adjustvar","variable":"_down","operator":"set","value":{"type":"boolean","value":false}},{"__type":"exe_actiongroup","id":"_player._setstates","scoperef":{"type":"string","value":"_this"},"params":null}]}}]}]},"starttime":-1,"elapsedtimemode":"normal","width":720,"height":540,"resume":true,"usehandcursor":false,"background":{"type":"fill","fill":{"type":"linear","rotation":90,"colors":[{"__type":"color","rgb":"0xFFFFFF","alpha":100,"stop":0}]},"imagedata":null,"emfdata":null,"vectordata":null},"id":"6Am9SBi3ums","actiongroups":[{"__type":"actiongroup","id":"ActGrpOnNextButtonClick","actions":{"Actions":[]}},{"__type":"actiongroup","id":"ActGrpOnPrevButtonClick","actions":{"Actions":[{"__type":"history_prev"}]}},{"__type":"actiongroup","id":"NavigationRestrictionNextSlide_6Am9SBi3ums","actions":{"Actions":[{"__type":"exe_actiongroup","id":"ActGrpOnNextButtonClick","scoperef":null,"params":null}]}},{"__type":"actiongroup","id":"NavigationRestrictionPreviousSlide_6Am9SBi3ums","actions":{"Actions":[{"__type":"exe_actiongroup","id":"ActGrpOnPrevButtonClick","scoperef":null,"params":null}]}}],"events":[{"__type":"onslidestart","actions":{"Actions":[{"__type":"if_action","condition":{"Statement":{"__type":"and","Statements":[{"__type":"and","Statements":[{"__type":"compare","operator":"gte","valuea":"_player.5WfhuQ3hw1Y.Score","typea":"property","valueb":"_player.5WfhuQ3hw1Y.PassScore","typeb":"property"}]}]}},"then_actions":{"Actions":[{"__type":"show_slidelayer","hideothers":"oncomplete","transition":"appear","objref":{"type":"string","value":"6aeyYfw2n9c"}}]},"else_actions":null},{"__type":"if_action","condition":{"Statement":{"__type":"and","Statements":[{"__type":"and","Statements":[{"__type":"compare","operator":"lt","valuea":"_player.5WfhuQ3hw1Y.Score","typea":"property","valueb":"_player.5WfhuQ3hw1Y.PassScore","typeb":"property"}]}]}},"then_actions":{"Actions":[{"__type":"show_slidelayer","hideothers":"oncomplete","transition":"appear","objref":{"type":"string","value":"5xZDycpRwi8"}}]},"else_actions":null},{"__type":"setquizcomplete","objref":{"type":"string","value":"_player.5WfhuQ3hw1Y"}}]}},{"__type":"onbeforeslidein","actions":{"Actions":[{"__type":"if_action","condition":{"Statement":{"__type":"compare","operator":"eq","valuea":"WindowId","typea":"property","valueb":"_frame","typeb":"string"}},"then_actions":{"Actions":[{"__type":"set_frame_layout","name":"pxabnsnfns00001100101"}]},"else_actions":{"Actions":[{"__type":"set_window_control_layout","name":"pxabnsnfns00001100101"}]}}]}},{"__type":"onnextslide","actions":{"Actions":[{"__type":"exe_actiongroup","id":"NavigationRestrictionNextSlide_6Am9SBi3ums","scoperef":null,"params":null}]}},{"__type":"onprevslide","actions":{"Actions":[{"__type":"exe_actiongroup","id":"NavigationRestrictionPreviousSlide_6Am9SBi3ums","scoperef":null,"params":null}]}},{"__type":"ontransitionin","actions":{"Actions":[{"__type":"exe_actiongroup","id":"_player.5WfhuQ3hw1Y.EvaluateQuiz","scoperef":null,"params":null},{"__type":"adjustvar","variable":"_player.LastSlideViewed_5Zxg3fY3Nhm","operator":"set","value":{"type":"string","value":"_player."}},{"__type":"adjustvar","variable":"_player.LastSlideViewed_5Zxg3fY3Nhm","operator":"add","value":{"type":"property","value":"AbsoluteId"}}]}}]}
