{"dataurl":"story_content/slides/6HQ6ddQOM0u.swf","iosurl":null,"html5url":null,"title":"Rank Drag and Drop","trackviews":true,"showmenuresulticon":false,"viewgroupid":"","historygroupid":"","videozoom":"","scrolling":false,"transition":"appear","transduration":0,"transdir":1,"wipetrans":false,"slidelock":false,"navindex":-1,"globalaudioid":"","thumbnailid":"","slidewindowbg":null,"presenterref":{"id":"none","videodata":null},"showanimationid":"","enableseek":true,"enablereplay":true,"lmsid":"Slide19","timeline":{"duration":5000,"events":[{"__type":"event","time":0,"actions":{"Actions":[{"__type":"show","transition":"appear","objref":{"type":"string","value":"list_6FjVVz3TyKq"}},{"__type":"show","transition":"appear","objref":{"type":"string","value":"5VGfEgRAZtj"}}]}}]},"objects":{"Objects":[{"__type":"sequencectrl","rtl":false,"shapemaskid":"","xpos":36,"ypos":80,"tabindex":1,"tabenabled":true,"xoffset":0,"yoffset":0,"rotatexpos":324,"rotateypos":211,"xscale":100,"yscale":100,"alpha":100,"rotation":0,"depth":1,"scrolling":true,"shufflelock":false,"colors":[{"__type":"color","name":"number_text","fill":{"type":"linear","rotation":90,"colors":[{"__type":"color","rgb":"0x000000","alpha":100,"stop":0}]}},{"__type":"color","name":"hover","fill":{"type":"linear","rotation":90,"colors":[{"__type":"color","rgb":"0xB7FDFF","alpha":100,"stop":0},{"__type":"color","rgb":"0xA1EDEF","alpha":100,"stop":100}]}}],"dragdrop":null,"dragpath":null,"dragrotation":null,"data":{"hotlinkid":"","accstate":0,"textdata":null,"imagedata":null,"swfdata":null,"videodata":null,"emfdata":null,"rectdata":null,"vectordata":null,"html5data":null,"itemlist":[{"__type":"item","itemdata":"choices.choice_5iywvnQVkqy","background":null,"hotlinkid":"","accstate":0,"textdata":{"uniqueId":"txt_5iywvnQVkqy","id":null,"linkid":null,"type":"vectortext","alttext":"Drop 1","lmstext":"Drop 1","xpos":10,"ypos":3,"width":594,"height":28,"shadowindex":-1,"vartext":null,"vectortext":{"left":0,"top":0,"right":52,"bottom":22,"alttext":"Drop 1","lmstext":"Drop 1","pngfb":false,"pr":{"l":"Lib","i":79},"text":null}},"imagedata":null,"swfdata":null,"videodata":null,"emfdata":null,"rectdata":null,"vectordata":null,"html5data":null},{"__type":"item","itemdata":"choices.choice_5l06TSScskj","background":null,"hotlinkid":"","accstate":0,"textdata":{"uniqueId":"txt_5l06TSScskj","id":null,"linkid":null,"type":"vectortext","alttext":"Drop 2","lmstext":"Drop 2","xpos":10,"ypos":3,"width":594,"height":28,"shadowindex":-1,"vartext":null,"vectortext":{"left":0,"top":0,"right":52,"bottom":22,"alttext":"Drop 2","lmstext":"Drop 2","pngfb":false,"pr":{"l":"Lib","i":80},"text":null}},"imagedata":null,"swfdata":null,"videodata":null,"emfdata":null,"rectdata":null,"vectordata":null,"html5data":null},{"__type":"item","itemdata":"choices.choice_6B6nYMQ6upg","background":null,"hotlinkid":"","accstate":0,"textdata":{"uniqueId":"txt_6B6nYMQ6upg","id":null,"linkid":null,"type":"vectortext","alttext":"Drop 3","lmstext":"Drop 3","xpos":10,"ypos":3,"width":594,"height":28,"shadowindex":-1,"vartext":null,"vectortext":{"left":0,"top":0,"right":52,"bottom":22,"alttext":"Drop 3","lmstext":"Drop 3","pngfb":false,"pr":{"l":"Lib","i":81},"text":null}},"imagedata":null,"swfdata":null,"videodata":null,"emfdata":null,"rectdata":null,"vectordata":null,"html5data":null}]},"mask":null,"markerType":null,"width":648,"height":422,"resume":true,"usehandcursor":true,"background":null,"id":"list_6FjVVz3TyKq"},{"__type":"vectorshape","rotation":0,"acctype":"text","cliptobounds":false,"defaultaction":"","textlib":[{"__type":"textdata","uniqueId":"5VGfEgRAZtj_1080797635","id":"01","linkid":"txt__default_5VGfEgRAZtj","type":"vectortext","alttext":null,"lmstext":null,"xpos":0,"ypos":0,"width":0,"height":0,"shadowindex":-1,"vartext":null,"vectortext":{"left":0,"top":0,"right":243,"bottom":39,"alttext":null,"lmstext":null,"pngfb":false,"pr":{"l":"Lib","i":139},"text":null}}],"shapemaskid":"","xpos":36,"ypos":22,"tabindex":0,"tabenabled":true,"xoffset":0,"yoffset":0,"rotatexpos":324,"rotateypos":22,"xscale":100,"yscale":100,"alpha":100,"depth":2,"scrolling":true,"shufflelock":false,"dragdrop":null,"dragpath":null,"dragrotation":null,"data":{"hotlinkid":"","accstate":0,"textdata":null,"imagedata":null,"swfdata":null,"videodata":null,"emfdata":null,"rectdata":null,"vectordata":{"left":0,"top":0,"right":648,"bottom":44,"alttext":"Rank Drag and Drop","lmstext":null,"pngfb":false,"pr":{"l":"Lib","i":11},"text":null},"html5data":{"url":null,"xpos":-1,"ypos":-1,"width":649,"height":45,"strokewidth":0,"mask":null}},"mask":null,"markerType":null,"width":648,"height":44,"resume":true,"usehandcursor":true,"background":null,"id":"5VGfEgRAZtj"},{"__type":"vectorshape","rotation":0,"acctype":"text","cliptobounds":false,"defaultaction":"","textlib":[{"__type":"textdata","uniqueId":"6FjVVz3TyKq_CorrectReview","id":"01","linkid":"6FjVVz3TyKq_CorrectReview","type":"vectortext","alttext":null,"lmstext":null,"xpos":0,"ypos":0,"width":0,"height":0,"shadowindex":-1,"vartext":null,"vectortext":{"left":0,"top":0,"right":400,"bottom":37,"alttext":null,"lmstext":null,"pngfb":false,"pr":{"l":"Lib","i":14},"text":null}}],"shapemaskid":"","xpos":0,"ypos":500,"tabindex":2,"tabenabled":true,"xoffset":0,"yoffset":0,"rotatexpos":360,"rotateypos":20,"xscale":100,"yscale":100,"alpha":100,"depth":3,"scrolling":true,"shufflelock":false,"dragdrop":null,"dragpath":null,"dragrotation":null,"data":{"hotlinkid":"","accstate":0,"textdata":null,"imagedata":null,"swfdata":null,"videodata":null,"emfdata":null,"rectdata":null,"vectordata":{"left":-1,"top":-1,"right":720,"bottom":40,"alttext":"Correct","lmstext":null,"pngfb":false,"pr":{"l":"Lib","i":13},"text":null},"html5data":{"url":null,"xpos":1,"ypos":1,"width":717,"height":37,"strokewidth":2,"mask":null}},"mask":null,"markerType":null,"width":720,"height":40,"resume":false,"usehandcursor":true,"background":null,"id":"6FjVVz3TyKq_CorrectReview","events":[{"__type":"onrelease","actions":{"Actions":[{"__type":"hide","transition":"appear","objref":{"type":"string","value":"_this"}}]}}]},{"__type":"vectorshape","rotation":0,"acctype":"text","cliptobounds":false,"defaultaction":"","textlib":[{"__type":"textdata","uniqueId":"6FjVVz3TyKq_IncorrectReview","id":"01","linkid":"6FjVVz3TyKq_IncorrectReview","type":"vectortext","alttext":null,"lmstext":null,"xpos":0,"ypos":0,"width":0,"height":0,"shadowindex":-1,"vartext":null,"vectortext":{"left":0,"top":0,"right":409,"bottom":37,"alttext":null,"lmstext":null,"pngfb":false,"pr":{"l":"Lib","i":16},"text":null}}],"shapemaskid":"","xpos":0,"ypos":500,"tabindex":3,"tabenabled":true,"xoffset":0,"yoffset":0,"rotatexpos":360,"rotateypos":20,"xscale":100,"yscale":100,"alpha":100,"depth":4,"scrolling":true,"shufflelock":false,"dragdrop":null,"dragpath":null,"dragrotation":null,"data":{"hotlinkid":"","accstate":0,"textdata":null,"imagedata":null,"swfdata":null,"videodata":null,"emfdata":null,"rectdata":null,"vectordata":{"left":-1,"top":-1,"right":720,"bottom":40,"alttext":"Incorrect","lmstext":null,"pngfb":false,"pr":{"l":"Lib","i":15},"text":null},"html5data":{"url":null,"xpos":1,"ypos":1,"width":717,"height":37,"strokewidth":2,"mask":null}},"mask":null,"markerType":null,"width":720,"height":40,"resume":false,"usehandcursor":true,"background":null,"id":"6FjVVz3TyKq_IncorrectReview","events":[{"__type":"onrelease","actions":{"Actions":[{"__type":"hide","transition":"appear","objref":{"type":"string","value":"_this"}}]}}]}]},"starttime":-1,"elapsedtimemode":"normal","width":720,"height":540,"resume":true,"usehandcursor":false,"background":{"type":"fill","fill":{"type":"linear","rotation":90,"colors":[{"__type":"color","rgb":"0xFFFFFF","alpha":100,"stop":0}]},"imagedata":null,"emfdata":null,"vectordata":null},"id":"6HQ6ddQOM0u","actiongroups":[{"__type":"actiongroup","id":"ActGrpOnSubmitButtonClick","actions":{"Actions":[{"__type":"eval_interaction","id":"_this.6kdwfV9MIBI"}]}},{"__type":"actiongroup","id":"ReviewInt_6FjVVz3TyKq","actions":{"Actions":[{"__type":"if_action","condition":{"Statement":{"__type":"compare","operator":"eq","valuea":"_player.CurrentQuiz_6FjVVz3TyKq","typea":"var","valueb":"5WfhuQ3hw1Y","typeb":"string"}},"then_actions":{"Actions":[{"__type":"exe_actiongroup","id":"SetLayout_pxabnsnfns00001100101","scoperef":null,"params":null},{"__type":"if_action","condition":{"Statement":{"__type":"compare","operator":"eq","valuea":"_player.5WfhuQ3hw1Y.Passed","typea":"property","valueb":true,"typeb":"boolean"}},"then_actions":{"Actions":[{"__type":"exe_actiongroup","id":"ReviewIntCorrectIncorrect_6FjVVz3TyKq","scoperef":null,"params":null}]},"else_actions":null},{"__type":"if_action","condition":{"Statement":{"__type":"compare","operator":"eq","valuea":"_player.5WfhuQ3hw1Y.Passed","typea":"property","valueb":false,"typeb":"boolean"}},"then_actions":{"Actions":[{"__type":"exe_actiongroup","id":"ReviewIntCorrectIncorrect_6FjVVz3TyKq","scoperef":null,"params":null}]},"else_actions":null}]},"else_actions":null},{"__type":"set_enabled","objref":{"type":"string","value":"list_6FjVVz3TyKq"},"enabled":{"type":"boolean","value":false}}]}},{"__type":"actiongroup","id":"ReviewIntCorrectIncorrect_6FjVVz3TyKq","actions":{"Actions":[]}},{"__type":"actiongroup","id":"AnsweredInt_6FjVVz3TyKq","actions":{"Actions":[{"__type":"exe_actiongroup","id":"DisableChoices_6FjVVz3TyKq","scoperef":null,"params":null},{"__type":"if_action","condition":{"Statement":{"__type":"compare","operator":"eq","valuea":"WindowId","typea":"property","valueb":"_frame","typeb":"string"}},"then_actions":{"Actions":[{"__type":"set_frame_layout","name":"pxabnsnfns00001100101"}]},"else_actions":{"Actions":[{"__type":"set_window_control_layout","name":"pxabnsnfns00001100101"}]}},{"__type":"set_enabled","objref":{"type":"string","value":"list_6FjVVz3TyKq"},"enabled":{"type":"boolean","value":false}}]}},{"__type":"actiongroup","id":"DisableChoices_6FjVVz3TyKq","actions":{"Actions":[{"__type":"set_enabled","objref":{"type":"string","value":"list_6FjVVz3TyKq"},"enabled":{"type":"boolean","value":false}}]}},{"__type":"actiongroup","id":"6FjVVz3TyKq_CheckAnswered","actions":{"Actions":[{"__type":"if_action","condition":{"Statement":{"__type":"compare","operator":"gte","valuea":"6kdwfV9MIBI.AttemptCount","typea":"property","valueb":1,"typeb":"number"}},"then_actions":{"Actions":[{"__type":"exe_actiongroup","id":"AnsweredInt_6FjVVz3TyKq","scoperef":null,"params":null}]},"else_actions":null}]}},{"__type":"actiongroup","id":"SetLayout_pxabnsnfns00001100101","actions":{"Actions":[{"__type":"if_action","condition":{"Statement":{"__type":"compare","operator":"eq","valuea":"WindowId","typea":"property","valueb":"_frame","typeb":"string"}},"then_actions":{"Actions":[{"__type":"set_frame_layout","name":"pxabnsnfns00001100101"}]},"else_actions":{"Actions":[{"__type":"set_window_control_layout","name":"pxabnsnfns00001100101"}]}}]}},{"__type":"actiongroup","id":"NavigationRestrictionNextSlide_6HQ6ddQOM0u","actions":{"Actions":[{"__type":"gotoplay","window":"_current","wndtype":"normal","objref":{"type":"string","value":"_parent.6QHKwdfXGsg"}}]}},{"__type":"actiongroup","id":"NavigationRestrictionPreviousSlide_6HQ6ddQOM0u","actions":{"Actions":[{"__type":"history_prev"}]}}],"events":[{"__type":"onbeforeslidein","actions":{"Actions":[{"__type":"if_action","condition":{"Statement":{"__type":"compare","operator":"eq","valuea":"WindowId","typea":"property","valueb":"_frame","typeb":"string"}},"then_actions":{"Actions":[{"__type":"set_frame_layout","name":"npnxnanbsnfns00001100101"}]},"else_actions":{"Actions":[{"__type":"set_window_control_layout","name":"npnxnanbsnfns00001100101"}]}}]}},{"__type":"onsubmitslide","actions":{"Actions":[{"__type":"exe_actiongroup","id":"ActGrpOnSubmitButtonClick","scoperef":null,"params":null}]}},{"__type":"ontransitionin","actions":{"Actions":[{"__type":"adjustvar","variable":"_player.LastSlideViewed_5Zxg3fY3Nhm","operator":"set","value":{"type":"string","value":"_player."}},{"__type":"adjustvar","variable":"_player.LastSlideViewed_5Zxg3fY3Nhm","operator":"add","value":{"type":"property","value":"AbsoluteId"}},{"__type":"if_action","condition":{"Statement":{"__type":"compare","operator":"eq","valuea":"_player.ReviewMode_6FjVVz3TyKq","typea":"var","valueb":true,"typeb":"boolean"}},"then_actions":{"Actions":[{"__type":"exe_actiongroup","id":"ReviewInt_6FjVVz3TyKq","scoperef":null,"params":null}]},"else_actions":{"Actions":[{"__type":"exe_actiongroup","id":"6FjVVz3TyKq_CheckAnswered","scoperef":null,"params":null}]}}]}},{"__type":"onnextslide","actions":{"Actions":[{"__type":"if_action","condition":{"Statement":{"__type":"compare","operator":"eq","valuea":"_player.ReviewMode_6FjVVz3TyKq","typea":"var","valueb":true,"typeb":"boolean"}},"then_actions":{"Actions":[{"__type":"if_action","condition":{"Statement":{"__type":"compare","operator":"eq","valuea":"_player.CurrentQuiz_6FjVVz3TyKq","typea":"var","valueb":"5WfhuQ3hw1Y","typeb":"string"}},"then_actions":{"Actions":[{"__type":"nextviewedslide","quizref":{"type":"string","value":"_player.5WfhuQ3hw1Y"},"completed_slide_ref":{"type":"string","value":"_player.6RoriILyZrf.6Am9SBi3ums"}}]},"else_actions":{"Actions":[{"__type":"debug_trace","message":"WARNING: question is in review mode, but not for any quiz that it\u0027s a part of"}]}}]},"else_actions":{"Actions":[{"__type":"exe_actiongroup","id":"NavigationRestrictionNextSlide_6HQ6ddQOM0u","scoperef":null,"params":null}]}}]}},{"__type":"onprevslide","actions":{"Actions":[{"__type":"exe_actiongroup","id":"NavigationRestrictionPreviousSlide_6HQ6ddQOM0u","scoperef":null,"params":null}]}}]}
