{"dataurl":"story_content/slides/6hZKMM9rU4Y.swf","iosurl":null,"html5url":null,"title":"Pick Many","trackviews":true,"showmenuresulticon":false,"viewgroupid":"","historygroupid":"","videozoom":"","scrolling":false,"transition":"appear","transduration":0,"transdir":1,"wipetrans":false,"slidelock":false,"navindex":-1,"globalaudioid":"","thumbnailid":"","slidewindowbg":null,"presenterref":{"id":"none","videodata":null},"showanimationid":"","enableseek":true,"enablereplay":true,"lmsid":"Slide15","timeline":{"duration":5000,"events":[{"__type":"event","time":0,"actions":{"Actions":[{"__type":"show","transition":"appear","objref":{"type":"string","value":"6l7HKxAmbl2"}},{"__type":"show","transition":"appear","objref":{"type":"string","value":"6l7HKxAmbl2.6UOHDo7MRzQ"}},{"__type":"show","transition":"appear","objref":{"type":"string","value":"6l7HKxAmbl2.5pv86jUOgEv"}},{"__type":"show","transition":"appear","objref":{"type":"string","value":"6l7HKxAmbl2.5gNGSeI0c7L"}},{"__type":"show","transition":"appear","objref":{"type":"string","value":"6SNiZki7aoR"}}]}}]},"objects":{"Objects":[{"__type":"scrollarea","contentwidth":672,"contentheight":138,"objects":{"Objects":[{"__type":"shufflegroup","objects":{"Objects":[{"__type":"vectorshape","rotation":0,"acctype":"checkbox","cliptobounds":false,"defaultaction":"onrelease","textlib":[{"__type":"textdata","uniqueId":"6BA76GUzr6S_2100629341","id":"01","linkid":"txt__default_6UOHDo7MRzQ","type":"vectortext","alttext":null,"lmstext":null,"xpos":0,"ypos":0,"width":0,"height":0,"shadowindex":-1,"vartext":null,"vectortext":{"left":0,"top":0,"right":123,"bottom":34,"alttext":null,"lmstext":null,"pngfb":false,"pr":{"l":"Lib","i":128},"text":null}}],"shapemaskid":"","xpos":24,"ypos":92,"tabindex":4,"tabenabled":true,"xoffset":0,"yoffset":0,"rotatexpos":324,"rotateypos":23,"xscale":100,"yscale":100,"alpha":100,"depth":1,"scrolling":true,"shufflelock":false,"dragdrop":null,"dragpath":null,"dragrotation":null,"data":{"hotlinkid":"","accstate":0,"textdata":null,"imagedata":null,"swfdata":null,"videodata":null,"emfdata":null,"rectdata":null,"vectordata":{"left":-1,"top":-1,"right":648,"bottom":46,"alttext":"Pic many 3","lmstext":null,"pngfb":false,"pr":{"l":"Lib","i":35},"text":null},"html5data":{"url":null,"xpos":-1,"ypos":-1,"width":649,"height":47,"strokewidth":3,"mask":null}},"mask":null,"states":[{"__type":"state","name":"_default_Disabled","data":{"hotlinkid":"","accstate":1,"textdata":null,"imagedata":null,"swfdata":null,"videodata":null,"emfdata":null,"rectdata":null,"vectordata":{"left":-1,"top":-1,"right":648,"bottom":46,"alttext":"Pic many 3","lmstext":null,"pngfb":false,"pr":{"l":"Lib","i":35},"text":null},"html5data":{"url":null,"xpos":-1,"ypos":-1,"width":649,"height":47,"strokewidth":3,"mask":null}}},{"__type":"state","name":"_default_Down","data":{"hotlinkid":"","accstate":8,"textdata":null,"imagedata":null,"swfdata":null,"videodata":null,"emfdata":null,"rectdata":null,"vectordata":{"left":-1,"top":-1,"right":648,"bottom":46,"alttext":"Pic many 3","lmstext":null,"pngfb":false,"pr":{"l":"Lib","i":35},"text":null},"html5data":{"url":null,"xpos":-1,"ypos":-1,"width":649,"height":47,"strokewidth":3,"mask":null}}},{"__type":"state","name":"_default_Selected","data":{"hotlinkid":"","accstate":16,"textdata":null,"imagedata":null,"swfdata":null,"videodata":null,"emfdata":null,"rectdata":null,"vectordata":{"left":-1,"top":-1,"right":648,"bottom":46,"alttext":"Pic many 3","lmstext":null,"pngfb":false,"pr":{"l":"Lib","i":36},"text":null},"html5data":{"url":null,"xpos":-1,"ypos":-1,"width":649,"height":47,"strokewidth":3,"mask":null}}},{"__type":"state","name":"_default_Selected_Disabled","data":{"hotlinkid":"","accstate":17,"textdata":null,"imagedata":null,"swfdata":null,"videodata":null,"emfdata":null,"rectdata":null,"vectordata":{"left":-1,"top":-1,"right":648,"bottom":46,"alttext":"Pic many 3","lmstext":null,"pngfb":false,"pr":{"l":"Lib","i":36},"text":null},"html5data":{"url":null,"xpos":-1,"ypos":-1,"width":649,"height":47,"strokewidth":3,"mask":null}}},{"__type":"state","name":"_default_Down_Selected","data":{"hotlinkid":"","accstate":24,"textdata":null,"imagedata":null,"swfdata":null,"videodata":null,"emfdata":null,"rectdata":null,"vectordata":{"left":-1,"top":-1,"right":648,"bottom":46,"alttext":"Pic many 3","lmstext":null,"pngfb":false,"pr":{"l":"Lib","i":36},"text":null},"html5data":{"url":null,"xpos":-1,"ypos":-1,"width":649,"height":47,"strokewidth":3,"mask":null}}},{"__type":"state","name":"_default_Hover","data":{"hotlinkid":"","accstate":0,"textdata":null,"imagedata":null,"swfdata":null,"videodata":null,"emfdata":null,"rectdata":null,"vectordata":{"left":-1,"top":-1,"right":648,"bottom":46,"alttext":"Pic many 3","lmstext":null,"pngfb":false,"pr":{"l":"Lib","i":37},"text":null},"html5data":{"url":null,"xpos":-1,"ypos":-1,"width":649,"height":47,"strokewidth":3,"mask":null}}},{"__type":"state","name":"_default_Hover_Disabled","data":{"hotlinkid":"","accstate":1,"textdata":null,"imagedata":null,"swfdata":null,"videodata":null,"emfdata":null,"rectdata":null,"vectordata":{"left":-1,"top":-1,"right":648,"bottom":46,"alttext":"Pic many 3","lmstext":null,"pngfb":false,"pr":{"l":"Lib","i":37},"text":null},"html5data":{"url":null,"xpos":-1,"ypos":-1,"width":649,"height":47,"strokewidth":3,"mask":null}}},{"__type":"state","name":"_default_Hover_Down","data":{"hotlinkid":"","accstate":8,"textdata":null,"imagedata":null,"swfdata":null,"videodata":null,"emfdata":null,"rectdata":null,"vectordata":{"left":-1,"top":-1,"right":648,"bottom":46,"alttext":"Pic many 3","lmstext":null,"pngfb":false,"pr":{"l":"Lib","i":37},"text":null},"html5data":{"url":null,"xpos":-1,"ypos":-1,"width":649,"height":47,"strokewidth":3,"mask":null}}},{"__type":"state","name":"_default_Hover_Selected","data":{"hotlinkid":"","accstate":16,"textdata":null,"imagedata":null,"swfdata":null,"videodata":null,"emfdata":null,"rectdata":null,"vectordata":{"left":-1,"top":-1,"right":648,"bottom":46,"alttext":"Pic many 3","lmstext":null,"pngfb":false,"pr":{"l":"Lib","i":38},"text":null},"html5data":{"url":null,"xpos":-1,"ypos":-1,"width":649,"height":47,"strokewidth":3,"mask":null}}},{"__type":"state","name":"_default_Hover_Selected_Disabled","data":{"hotlinkid":"","accstate":17,"textdata":null,"imagedata":null,"swfdata":null,"videodata":null,"emfdata":null,"rectdata":null,"vectordata":{"left":-1,"top":-1,"right":648,"bottom":46,"alttext":"Pic many 3","lmstext":null,"pngfb":false,"pr":{"l":"Lib","i":38},"text":null},"html5data":{"url":null,"xpos":-1,"ypos":-1,"width":649,"height":47,"strokewidth":3,"mask":null}}},{"__type":"state","name":"_default_Hover_Down_Selected","data":{"hotlinkid":"","accstate":24,"textdata":null,"imagedata":null,"swfdata":null,"videodata":null,"emfdata":null,"rectdata":null,"vectordata":{"left":-1,"top":-1,"right":648,"bottom":46,"alttext":"Pic many 3","lmstext":null,"pngfb":false,"pr":{"l":"Lib","i":38},"text":null},"html5data":{"url":null,"xpos":-1,"ypos":-1,"width":649,"height":47,"strokewidth":3,"mask":null}}}],"markerType":null,"width":648,"height":46,"resume":true,"usehandcursor":true,"background":null,"id":"6UOHDo7MRzQ","variables":[{"__type":"variable","name":"_hover","type":"boolean","value":false,"resume":true},{"__type":"variable","name":"_down","type":"boolean","value":false,"resume":true},{"__type":"variable","name":"_disabled","type":"boolean","value":false,"resume":true},{"__type":"variable","name":"_checked","type":"boolean","value":false,"resume":true},{"__type":"variable","name":"_state","type":"string","value":"_default","resume":true},{"__type":"variable","name":"_stateName","type":"string","value":"","resume":true},{"__type":"variable","name":"_tempStateName","type":"string","value":"","resume":false}],"actiongroups":[{"__type":"actiongroup","id":"ActGrpSetCheckedState","actions":{"Actions":[{"__type":"adjustvar","variable":"_checked","operator":"set","value":{"type":"boolean","value":true}},{"__type":"exe_actiongroup","id":"_player._setstates","scoperef":{"type":"string","value":"_this"},"params":null}]}},{"__type":"actiongroup","id":"ActGrpSetHoverState","actions":{"Actions":[{"__type":"adjustvar","variable":"_hover","operator":"set","value":{"type":"boolean","value":true}},{"__type":"exe_actiongroup","id":"_player._setstates","scoperef":{"type":"string","value":"_this"},"params":null}]}},{"__type":"actiongroup","id":"ActGrpClearHoverState","actions":{"Actions":[{"__type":"adjustvar","variable":"_hover","operator":"set","value":{"type":"boolean","value":false}},{"__type":"exe_actiongroup","id":"_player._setstates","scoperef":{"type":"string","value":"_this"},"params":null}]}},{"__type":"actiongroup","id":"ActGrpSetDisabledState","actions":{"Actions":[{"__type":"adjustvar","variable":"_disabled","operator":"set","value":{"type":"boolean","value":true}},{"__type":"exe_actiongroup","id":"_player._setstates","scoperef":{"type":"string","value":"_this"},"params":null}]}},{"__type":"actiongroup","id":"ActGrpSetDownState","actions":{"Actions":[{"__type":"adjustvar","variable":"_down","operator":"set","value":{"type":"boolean","value":true}},{"__type":"exe_actiongroup","id":"_player._setstates","scoperef":{"type":"string","value":"_this"},"params":null}]}},{"__type":"actiongroup","id":"ActGrpClearStateVars","actions":{"Actions":[{"__type":"adjustvar","variable":"_hover","operator":"set","value":{"type":"boolean","value":false}},{"__type":"adjustvar","variable":"_down","operator":"set","value":{"type":"boolean","value":false}},{"__type":"adjustvar","variable":"_disabled","operator":"set","value":{"type":"boolean","value":false}},{"__type":"adjustvar","variable":"_checked","operator":"set","value":{"type":"boolean","value":false}}]}}],"events":[{"__type":"ontransitionin","actions":{"Actions":[{"__type":"exe_actiongroup","id":"_player._setstates","scoperef":{"type":"string","value":"_this"},"params":null}]}},{"__type":"onrollover","actions":{"Actions":[{"__type":"exe_actiongroup","id":"ActGrpSetHoverState","scoperef":{"type":"string","value":"_this"},"params":null}]}},{"__type":"onrollout","actions":{"Actions":[{"__type":"exe_actiongroup","id":"ActGrpClearHoverState","scoperef":{"type":"string","value":"_this"},"params":null}]}},{"__type":"onpress","actions":{"Actions":[{"__type":"exe_actiongroup","id":"ActGrpSetDownState","scoperef":{"type":"string","value":"_this"},"params":null}]}},{"__type":"onrelease","actions":{"Actions":[{"__type":"adjustvar","variable":"_checked","operator":"toggle","value":null},{"__type":"adjustvar","variable":"_down","operator":"set","value":{"type":"boolean","value":false}},{"__type":"exe_actiongroup","id":"_player._setstates","scoperef":{"type":"string","value":"_this"},"params":null}]}},{"__type":"onreleaseoutside","actions":{"Actions":[{"__type":"adjustvar","variable":"_down","operator":"set","value":{"type":"boolean","value":false}},{"__type":"exe_actiongroup","id":"_player._setstates","scoperef":{"type":"string","value":"_this"},"params":null}]}}]},{"__type":"vectorshape","rotation":0,"acctype":"checkbox","cliptobounds":false,"defaultaction":"onrelease","textlib":[{"__type":"textdata","uniqueId":"5X2OuZJEs8H_-573782041","id":"01","linkid":"txt__default_5pv86jUOgEv","type":"vectortext","alttext":null,"lmstext":null,"xpos":0,"ypos":0,"width":0,"height":0,"shadowindex":-1,"vartext":null,"vectortext":{"left":0,"top":0,"right":123,"bottom":34,"alttext":null,"lmstext":null,"pngfb":false,"pr":{"l":"Lib","i":129},"text":null}}],"shapemaskid":"","xpos":24,"ypos":46,"tabindex":3,"tabenabled":true,"xoffset":0,"yoffset":0,"rotatexpos":324,"rotateypos":23,"xscale":100,"yscale":100,"alpha":100,"depth":2,"scrolling":true,"shufflelock":false,"dragdrop":null,"dragpath":null,"dragrotation":null,"data":{"hotlinkid":"","accstate":0,"textdata":null,"imagedata":null,"swfdata":null,"videodata":null,"emfdata":null,"rectdata":null,"vectordata":{"left":-1,"top":-1,"right":648,"bottom":46,"alttext":"Pic many 2","lmstext":null,"pngfb":false,"pr":{"l":"Lib","i":35},"text":null},"html5data":{"url":null,"xpos":-1,"ypos":-1,"width":649,"height":47,"strokewidth":3,"mask":null}},"mask":null,"states":[{"__type":"state","name":"_default_Disabled","data":{"hotlinkid":"","accstate":1,"textdata":null,"imagedata":null,"swfdata":null,"videodata":null,"emfdata":null,"rectdata":null,"vectordata":{"left":-1,"top":-1,"right":648,"bottom":46,"alttext":"Pic many 2","lmstext":null,"pngfb":false,"pr":{"l":"Lib","i":35},"text":null},"html5data":{"url":null,"xpos":-1,"ypos":-1,"width":649,"height":47,"strokewidth":3,"mask":null}}},{"__type":"state","name":"_default_Down","data":{"hotlinkid":"","accstate":8,"textdata":null,"imagedata":null,"swfdata":null,"videodata":null,"emfdata":null,"rectdata":null,"vectordata":{"left":-1,"top":-1,"right":648,"bottom":46,"alttext":"Pic many 2","lmstext":null,"pngfb":false,"pr":{"l":"Lib","i":35},"text":null},"html5data":{"url":null,"xpos":-1,"ypos":-1,"width":649,"height":47,"strokewidth":3,"mask":null}}},{"__type":"state","name":"_default_Selected","data":{"hotlinkid":"","accstate":16,"textdata":null,"imagedata":null,"swfdata":null,"videodata":null,"emfdata":null,"rectdata":null,"vectordata":{"left":-1,"top":-1,"right":648,"bottom":46,"alttext":"Pic many 2","lmstext":null,"pngfb":false,"pr":{"l":"Lib","i":36},"text":null},"html5data":{"url":null,"xpos":-1,"ypos":-1,"width":649,"height":47,"strokewidth":3,"mask":null}}},{"__type":"state","name":"_default_Selected_Disabled","data":{"hotlinkid":"","accstate":17,"textdata":null,"imagedata":null,"swfdata":null,"videodata":null,"emfdata":null,"rectdata":null,"vectordata":{"left":-1,"top":-1,"right":648,"bottom":46,"alttext":"Pic many 2","lmstext":null,"pngfb":false,"pr":{"l":"Lib","i":36},"text":null},"html5data":{"url":null,"xpos":-1,"ypos":-1,"width":649,"height":47,"strokewidth":3,"mask":null}}},{"__type":"state","name":"_default_Down_Selected","data":{"hotlinkid":"","accstate":24,"textdata":null,"imagedata":null,"swfdata":null,"videodata":null,"emfdata":null,"rectdata":null,"vectordata":{"left":-1,"top":-1,"right":648,"bottom":46,"alttext":"Pic many 2","lmstext":null,"pngfb":false,"pr":{"l":"Lib","i":36},"text":null},"html5data":{"url":null,"xpos":-1,"ypos":-1,"width":649,"height":47,"strokewidth":3,"mask":null}}},{"__type":"state","name":"_default_Hover","data":{"hotlinkid":"","accstate":0,"textdata":null,"imagedata":null,"swfdata":null,"videodata":null,"emfdata":null,"rectdata":null,"vectordata":{"left":-1,"top":-1,"right":648,"bottom":46,"alttext":"Pic many 2","lmstext":null,"pngfb":false,"pr":{"l":"Lib","i":37},"text":null},"html5data":{"url":null,"xpos":-1,"ypos":-1,"width":649,"height":47,"strokewidth":3,"mask":null}}},{"__type":"state","name":"_default_Hover_Disabled","data":{"hotlinkid":"","accstate":1,"textdata":null,"imagedata":null,"swfdata":null,"videodata":null,"emfdata":null,"rectdata":null,"vectordata":{"left":-1,"top":-1,"right":648,"bottom":46,"alttext":"Pic many 2","lmstext":null,"pngfb":false,"pr":{"l":"Lib","i":37},"text":null},"html5data":{"url":null,"xpos":-1,"ypos":-1,"width":649,"height":47,"strokewidth":3,"mask":null}}},{"__type":"state","name":"_default_Hover_Down","data":{"hotlinkid":"","accstate":8,"textdata":null,"imagedata":null,"swfdata":null,"videodata":null,"emfdata":null,"rectdata":null,"vectordata":{"left":-1,"top":-1,"right":648,"bottom":46,"alttext":"Pic many 2","lmstext":null,"pngfb":false,"pr":{"l":"Lib","i":37},"text":null},"html5data":{"url":null,"xpos":-1,"ypos":-1,"width":649,"height":47,"strokewidth":3,"mask":null}}},{"__type":"state","name":"_default_Hover_Selected","data":{"hotlinkid":"","accstate":16,"textdata":null,"imagedata":null,"swfdata":null,"videodata":null,"emfdata":null,"rectdata":null,"vectordata":{"left":-1,"top":-1,"right":648,"bottom":46,"alttext":"Pic many 2","lmstext":null,"pngfb":false,"pr":{"l":"Lib","i":38},"text":null},"html5data":{"url":null,"xpos":-1,"ypos":-1,"width":649,"height":47,"strokewidth":3,"mask":null}}},{"__type":"state","name":"_default_Hover_Selected_Disabled","data":{"hotlinkid":"","accstate":17,"textdata":null,"imagedata":null,"swfdata":null,"videodata":null,"emfdata":null,"rectdata":null,"vectordata":{"left":-1,"top":-1,"right":648,"bottom":46,"alttext":"Pic many 2","lmstext":null,"pngfb":false,"pr":{"l":"Lib","i":38},"text":null},"html5data":{"url":null,"xpos":-1,"ypos":-1,"width":649,"height":47,"strokewidth":3,"mask":null}}},{"__type":"state","name":"_default_Hover_Down_Selected","data":{"hotlinkid":"","accstate":24,"textdata":null,"imagedata":null,"swfdata":null,"videodata":null,"emfdata":null,"rectdata":null,"vectordata":{"left":-1,"top":-1,"right":648,"bottom":46,"alttext":"Pic many 2","lmstext":null,"pngfb":false,"pr":{"l":"Lib","i":38},"text":null},"html5data":{"url":null,"xpos":-1,"ypos":-1,"width":649,"height":47,"strokewidth":3,"mask":null}}}],"markerType":null,"width":648,"height":46,"resume":true,"usehandcursor":true,"background":null,"id":"5pv86jUOgEv","variables":[{"__type":"variable","name":"_hover","type":"boolean","value":false,"resume":true},{"__type":"variable","name":"_down","type":"boolean","value":false,"resume":true},{"__type":"variable","name":"_disabled","type":"boolean","value":false,"resume":true},{"__type":"variable","name":"_checked","type":"boolean","value":false,"resume":true},{"__type":"variable","name":"_state","type":"string","value":"_default","resume":true},{"__type":"variable","name":"_stateName","type":"string","value":"","resume":true},{"__type":"variable","name":"_tempStateName","type":"string","value":"","resume":false}],"actiongroups":[{"__type":"actiongroup","id":"ActGrpSetCheckedState","actions":{"Actions":[{"__type":"adjustvar","variable":"_checked","operator":"set","value":{"type":"boolean","value":true}},{"__type":"exe_actiongroup","id":"_player._setstates","scoperef":{"type":"string","value":"_this"},"params":null}]}},{"__type":"actiongroup","id":"ActGrpSetHoverState","actions":{"Actions":[{"__type":"adjustvar","variable":"_hover","operator":"set","value":{"type":"boolean","value":true}},{"__type":"exe_actiongroup","id":"_player._setstates","scoperef":{"type":"string","value":"_this"},"params":null}]}},{"__type":"actiongroup","id":"ActGrpClearHoverState","actions":{"Actions":[{"__type":"adjustvar","variable":"_hover","operator":"set","value":{"type":"boolean","value":false}},{"__type":"exe_actiongroup","id":"_player._setstates","scoperef":{"type":"string","value":"_this"},"params":null}]}},{"__type":"actiongroup","id":"ActGrpSetDisabledState","actions":{"Actions":[{"__type":"adjustvar","variable":"_disabled","operator":"set","value":{"type":"boolean","value":true}},{"__type":"exe_actiongroup","id":"_player._setstates","scoperef":{"type":"string","value":"_this"},"params":null}]}},{"__type":"actiongroup","id":"ActGrpSetDownState","actions":{"Actions":[{"__type":"adjustvar","variable":"_down","operator":"set","value":{"type":"boolean","value":true}},{"__type":"exe_actiongroup","id":"_player._setstates","scoperef":{"type":"string","value":"_this"},"params":null}]}},{"__type":"actiongroup","id":"ActGrpClearStateVars","actions":{"Actions":[{"__type":"adjustvar","variable":"_hover","operator":"set","value":{"type":"boolean","value":false}},{"__type":"adjustvar","variable":"_down","operator":"set","value":{"type":"boolean","value":false}},{"__type":"adjustvar","variable":"_disabled","operator":"set","value":{"type":"boolean","value":false}},{"__type":"adjustvar","variable":"_checked","operator":"set","value":{"type":"boolean","value":false}}]}}],"events":[{"__type":"ontransitionin","actions":{"Actions":[{"__type":"exe_actiongroup","id":"_player._setstates","scoperef":{"type":"string","value":"_this"},"params":null}]}},{"__type":"onrollover","actions":{"Actions":[{"__type":"exe_actiongroup","id":"ActGrpSetHoverState","scoperef":{"type":"string","value":"_this"},"params":null}]}},{"__type":"onrollout","actions":{"Actions":[{"__type":"exe_actiongroup","id":"ActGrpClearHoverState","scoperef":{"type":"string","value":"_this"},"params":null}]}},{"__type":"onpress","actions":{"Actions":[{"__type":"exe_actiongroup","id":"ActGrpSetDownState","scoperef":{"type":"string","value":"_this"},"params":null}]}},{"__type":"onrelease","actions":{"Actions":[{"__type":"adjustvar","variable":"_checked","operator":"toggle","value":null},{"__type":"adjustvar","variable":"_down","operator":"set","value":{"type":"boolean","value":false}},{"__type":"exe_actiongroup","id":"_player._setstates","scoperef":{"type":"string","value":"_this"},"params":null}]}},{"__type":"onreleaseoutside","actions":{"Actions":[{"__type":"adjustvar","variable":"_down","operator":"set","value":{"type":"boolean","value":false}},{"__type":"exe_actiongroup","id":"_player._setstates","scoperef":{"type":"string","value":"_this"},"params":null}]}}]},{"__type":"vectorshape","rotation":0,"acctype":"checkbox","cliptobounds":false,"defaultaction":"onrelease","textlib":[{"__type":"textdata","uniqueId":"5rf4D9I1ita_-1280967346","id":"01","linkid":"txt__default_5gNGSeI0c7L","type":"vectortext","alttext":null,"lmstext":null,"xpos":0,"ypos":0,"width":0,"height":0,"shadowindex":-1,"vartext":null,"vectortext":{"left":0,"top":0,"right":131,"bottom":34,"alttext":null,"lmstext":null,"pngfb":false,"pr":{"l":"Lib","i":130},"text":null}}],"shapemaskid":"","xpos":24,"ypos":0,"tabindex":2,"tabenabled":true,"xoffset":0,"yoffset":0,"rotatexpos":324,"rotateypos":23,"xscale":100,"yscale":100,"alpha":100,"depth":3,"scrolling":true,"shufflelock":false,"dragdrop":null,"dragpath":null,"dragrotation":null,"data":{"hotlinkid":"","accstate":0,"textdata":null,"imagedata":null,"swfdata":null,"videodata":null,"emfdata":null,"rectdata":null,"vectordata":{"left":-1,"top":-1,"right":648,"bottom":46,"alttext":"Pick many 1","lmstext":null,"pngfb":false,"pr":{"l":"Lib","i":35},"text":null},"html5data":{"url":null,"xpos":-1,"ypos":-1,"width":649,"height":47,"strokewidth":3,"mask":null}},"mask":null,"states":[{"__type":"state","name":"_default_Disabled","data":{"hotlinkid":"","accstate":1,"textdata":null,"imagedata":null,"swfdata":null,"videodata":null,"emfdata":null,"rectdata":null,"vectordata":{"left":-1,"top":-1,"right":648,"bottom":46,"alttext":"Pick many 1","lmstext":null,"pngfb":false,"pr":{"l":"Lib","i":35},"text":null},"html5data":{"url":null,"xpos":-1,"ypos":-1,"width":649,"height":47,"strokewidth":3,"mask":null}}},{"__type":"state","name":"_default_Down","data":{"hotlinkid":"","accstate":8,"textdata":null,"imagedata":null,"swfdata":null,"videodata":null,"emfdata":null,"rectdata":null,"vectordata":{"left":-1,"top":-1,"right":648,"bottom":46,"alttext":"Pick many 1","lmstext":null,"pngfb":false,"pr":{"l":"Lib","i":35},"text":null},"html5data":{"url":null,"xpos":-1,"ypos":-1,"width":649,"height":47,"strokewidth":3,"mask":null}}},{"__type":"state","name":"_default_Selected","data":{"hotlinkid":"","accstate":16,"textdata":null,"imagedata":null,"swfdata":null,"videodata":null,"emfdata":null,"rectdata":null,"vectordata":{"left":-1,"top":-1,"right":648,"bottom":46,"alttext":"Pick many 1","lmstext":null,"pngfb":false,"pr":{"l":"Lib","i":36},"text":null},"html5data":{"url":null,"xpos":-1,"ypos":-1,"width":649,"height":47,"strokewidth":3,"mask":null}}},{"__type":"state","name":"_default_Selected_Disabled","data":{"hotlinkid":"","accstate":17,"textdata":null,"imagedata":null,"swfdata":null,"videodata":null,"emfdata":null,"rectdata":null,"vectordata":{"left":-1,"top":-1,"right":648,"bottom":46,"alttext":"Pick many 1","lmstext":null,"pngfb":false,"pr":{"l":"Lib","i":36},"text":null},"html5data":{"url":null,"xpos":-1,"ypos":-1,"width":649,"height":47,"strokewidth":3,"mask":null}}},{"__type":"state","name":"_default_Down_Selected","data":{"hotlinkid":"","accstate":24,"textdata":null,"imagedata":null,"swfdata":null,"videodata":null,"emfdata":null,"rectdata":null,"vectordata":{"left":-1,"top":-1,"right":648,"bottom":46,"alttext":"Pick many 1","lmstext":null,"pngfb":false,"pr":{"l":"Lib","i":36},"text":null},"html5data":{"url":null,"xpos":-1,"ypos":-1,"width":649,"height":47,"strokewidth":3,"mask":null}}},{"__type":"state","name":"_default_Hover","data":{"hotlinkid":"","accstate":0,"textdata":null,"imagedata":null,"swfdata":null,"videodata":null,"emfdata":null,"rectdata":null,"vectordata":{"left":-1,"top":-1,"right":648,"bottom":46,"alttext":"Pick many 1","lmstext":null,"pngfb":false,"pr":{"l":"Lib","i":37},"text":null},"html5data":{"url":null,"xpos":-1,"ypos":-1,"width":649,"height":47,"strokewidth":3,"mask":null}}},{"__type":"state","name":"_default_Hover_Disabled","data":{"hotlinkid":"","accstate":1,"textdata":null,"imagedata":null,"swfdata":null,"videodata":null,"emfdata":null,"rectdata":null,"vectordata":{"left":-1,"top":-1,"right":648,"bottom":46,"alttext":"Pick many 1","lmstext":null,"pngfb":false,"pr":{"l":"Lib","i":37},"text":null},"html5data":{"url":null,"xpos":-1,"ypos":-1,"width":649,"height":47,"strokewidth":3,"mask":null}}},{"__type":"state","name":"_default_Hover_Down","data":{"hotlinkid":"","accstate":8,"textdata":null,"imagedata":null,"swfdata":null,"videodata":null,"emfdata":null,"rectdata":null,"vectordata":{"left":-1,"top":-1,"right":648,"bottom":46,"alttext":"Pick many 1","lmstext":null,"pngfb":false,"pr":{"l":"Lib","i":37},"text":null},"html5data":{"url":null,"xpos":-1,"ypos":-1,"width":649,"height":47,"strokewidth":3,"mask":null}}},{"__type":"state","name":"_default_Hover_Selected","data":{"hotlinkid":"","accstate":16,"textdata":null,"imagedata":null,"swfdata":null,"videodata":null,"emfdata":null,"rectdata":null,"vectordata":{"left":-1,"top":-1,"right":648,"bottom":46,"alttext":"Pick many 1","lmstext":null,"pngfb":false,"pr":{"l":"Lib","i":38},"text":null},"html5data":{"url":null,"xpos":-1,"ypos":-1,"width":649,"height":47,"strokewidth":3,"mask":null}}},{"__type":"state","name":"_default_Hover_Selected_Disabled","data":{"hotlinkid":"","accstate":17,"textdata":null,"imagedata":null,"swfdata":null,"videodata":null,"emfdata":null,"rectdata":null,"vectordata":{"left":-1,"top":-1,"right":648,"bottom":46,"alttext":"Pick many 1","lmstext":null,"pngfb":false,"pr":{"l":"Lib","i":38},"text":null},"html5data":{"url":null,"xpos":-1,"ypos":-1,"width":649,"height":47,"strokewidth":3,"mask":null}}},{"__type":"state","name":"_default_Hover_Down_Selected","data":{"hotlinkid":"","accstate":24,"textdata":null,"imagedata":null,"swfdata":null,"videodata":null,"emfdata":null,"rectdata":null,"vectordata":{"left":-1,"top":-1,"right":648,"bottom":46,"alttext":"Pick many 1","lmstext":null,"pngfb":false,"pr":{"l":"Lib","i":38},"text":null},"html5data":{"url":null,"xpos":-1,"ypos":-1,"width":649,"height":47,"strokewidth":3,"mask":null}}}],"markerType":null,"width":648,"height":46,"resume":true,"usehandcursor":true,"background":null,"id":"5gNGSeI0c7L","variables":[{"__type":"variable","name":"_hover","type":"boolean","value":false,"resume":true},{"__type":"variable","name":"_down","type":"boolean","value":false,"resume":true},{"__type":"variable","name":"_disabled","type":"boolean","value":false,"resume":true},{"__type":"variable","name":"_checked","type":"boolean","value":false,"resume":true},{"__type":"variable","name":"_state","type":"string","value":"_default","resume":true},{"__type":"variable","name":"_stateName","type":"string","value":"","resume":true},{"__type":"variable","name":"_tempStateName","type":"string","value":"","resume":false}],"actiongroups":[{"__type":"actiongroup","id":"ActGrpSetCheckedState","actions":{"Actions":[{"__type":"adjustvar","variable":"_checked","operator":"set","value":{"type":"boolean","value":true}},{"__type":"exe_actiongroup","id":"_player._setstates","scoperef":{"type":"string","value":"_this"},"params":null}]}},{"__type":"actiongroup","id":"ActGrpSetHoverState","actions":{"Actions":[{"__type":"adjustvar","variable":"_hover","operator":"set","value":{"type":"boolean","value":true}},{"__type":"exe_actiongroup","id":"_player._setstates","scoperef":{"type":"string","value":"_this"},"params":null}]}},{"__type":"actiongroup","id":"ActGrpClearHoverState","actions":{"Actions":[{"__type":"adjustvar","variable":"_hover","operator":"set","value":{"type":"boolean","value":false}},{"__type":"exe_actiongroup","id":"_player._setstates","scoperef":{"type":"string","value":"_this"},"params":null}]}},{"__type":"actiongroup","id":"ActGrpSetDisabledState","actions":{"Actions":[{"__type":"adjustvar","variable":"_disabled","operator":"set","value":{"type":"boolean","value":true}},{"__type":"exe_actiongroup","id":"_player._setstates","scoperef":{"type":"string","value":"_this"},"params":null}]}},{"__type":"actiongroup","id":"ActGrpSetDownState","actions":{"Actions":[{"__type":"adjustvar","variable":"_down","operator":"set","value":{"type":"boolean","value":true}},{"__type":"exe_actiongroup","id":"_player._setstates","scoperef":{"type":"string","value":"_this"},"params":null}]}},{"__type":"actiongroup","id":"ActGrpClearStateVars","actions":{"Actions":[{"__type":"adjustvar","variable":"_hover","operator":"set","value":{"type":"boolean","value":false}},{"__type":"adjustvar","variable":"_down","operator":"set","value":{"type":"boolean","value":false}},{"__type":"adjustvar","variable":"_disabled","operator":"set","value":{"type":"boolean","value":false}},{"__type":"adjustvar","variable":"_checked","operator":"set","value":{"type":"boolean","value":false}}]}}],"events":[{"__type":"ontransitionin","actions":{"Actions":[{"__type":"exe_actiongroup","id":"_player._setstates","scoperef":{"type":"string","value":"_this"},"params":null}]}},{"__type":"onrollover","actions":{"Actions":[{"__type":"exe_actiongroup","id":"ActGrpSetHoverState","scoperef":{"type":"string","value":"_this"},"params":null}]}},{"__type":"onrollout","actions":{"Actions":[{"__type":"exe_actiongroup","id":"ActGrpClearHoverState","scoperef":{"type":"string","value":"_this"},"params":null}]}},{"__type":"onpress","actions":{"Actions":[{"__type":"exe_actiongroup","id":"ActGrpSetDownState","scoperef":{"type":"string","value":"_this"},"params":null}]}},{"__type":"onrelease","actions":{"Actions":[{"__type":"adjustvar","variable":"_checked","operator":"toggle","value":null},{"__type":"adjustvar","variable":"_down","operator":"set","value":{"type":"boolean","value":false}},{"__type":"exe_actiongroup","id":"_player._setstates","scoperef":{"type":"string","value":"_this"},"params":null}]}},{"__type":"onreleaseoutside","actions":{"Actions":[{"__type":"adjustvar","variable":"_down","operator":"set","value":{"type":"boolean","value":false}},{"__type":"exe_actiongroup","id":"_player._setstates","scoperef":{"type":"string","value":"_this"},"params":null}]}}]}]},"shuffle":true,"shapemaskid":"","xpos":0,"ypos":0,"tabindex":-1,"tabenabled":true,"xoffset":0,"yoffset":0,"rotatexpos":0,"rotateypos":0,"xscale":100,"yscale":100,"alpha":100,"rotation":0,"depth":1,"scrolling":true,"shufflelock":false,"dragdrop":null,"dragpath":null,"dragrotation":null,"data":null,"mask":null,"markerType":null,"width":0,"height":0,"resume":true,"usehandcursor":true,"background":null,"id":""}]},"shapemaskid":"","xpos":12,"ypos":80,"tabindex":1,"tabenabled":false,"xoffset":0,"yoffset":0,"rotatexpos":324,"rotateypos":211,"xscale":100,"yscale":100,"alpha":100,"rotation":0,"depth":1,"scrolling":true,"shufflelock":false,"dragdrop":null,"dragpath":null,"dragrotation":null,"data":{"hotlinkid":"","accstate":0,"textdata":null,"imagedata":null,"swfdata":null,"videodata":null,"emfdata":null,"rectdata":null,"vectordata":null,"html5data":{"url":"","xpos":36,"ypos":80,"width":648,"height":422,"strokewidth":0,"mask":null}},"mask":null,"markerType":null,"width":672,"height":422,"resume":true,"usehandcursor":true,"background":{"type":"vector","fill":null,"imagedata":null,"emfdata":null,"vectordata":{"left":0,"top":0,"right":672,"bottom":422,"alttext":"Pick Many","lmstext":null,"pngfb":false,"pr":{"l":"Lib","i":2},"text":null}},"id":"6l7HKxAmbl2"},{"__type":"vectorshape","rotation":0,"acctype":"text","cliptobounds":false,"defaultaction":"","textlib":[{"__type":"textdata","uniqueId":"6SNiZki7aoR_1707956408","id":"01","linkid":"txt__default_6SNiZki7aoR","type":"vectortext","alttext":null,"lmstext":null,"xpos":0,"ypos":0,"width":0,"height":0,"shadowindex":-1,"vartext":null,"vectortext":{"left":0,"top":0,"right":127,"bottom":39,"alttext":null,"lmstext":null,"pngfb":false,"pr":{"l":"Lib","i":131},"text":null}}],"shapemaskid":"","xpos":36,"ypos":22,"tabindex":0,"tabenabled":true,"xoffset":0,"yoffset":0,"rotatexpos":324,"rotateypos":22,"xscale":100,"yscale":100,"alpha":100,"depth":2,"scrolling":true,"shufflelock":false,"dragdrop":null,"dragpath":null,"dragrotation":null,"data":{"hotlinkid":"","accstate":0,"textdata":null,"imagedata":null,"swfdata":null,"videodata":null,"emfdata":null,"rectdata":null,"vectordata":{"left":0,"top":0,"right":648,"bottom":44,"alttext":"Pick Many","lmstext":null,"pngfb":false,"pr":{"l":"Lib","i":11},"text":null},"html5data":{"url":null,"xpos":-1,"ypos":-1,"width":649,"height":45,"strokewidth":0,"mask":null}},"mask":null,"markerType":null,"width":648,"height":44,"resume":true,"usehandcursor":true,"background":null,"id":"6SNiZki7aoR"},{"__type":"vectorshape","rotation":0,"acctype":"text","cliptobounds":false,"defaultaction":"","textlib":[{"__type":"textdata","uniqueId":"6l7HKxAmbl2_CorrectReview","id":"01","linkid":"6l7HKxAmbl2_CorrectReview","type":"vectortext","alttext":null,"lmstext":null,"xpos":0,"ypos":0,"width":0,"height":0,"shadowindex":-1,"vartext":null,"vectortext":{"left":0,"top":0,"right":400,"bottom":37,"alttext":null,"lmstext":null,"pngfb":false,"pr":{"l":"Lib","i":14},"text":null}}],"shapemaskid":"","xpos":0,"ypos":500,"tabindex":5,"tabenabled":true,"xoffset":0,"yoffset":0,"rotatexpos":360,"rotateypos":20,"xscale":100,"yscale":100,"alpha":100,"depth":3,"scrolling":true,"shufflelock":false,"dragdrop":null,"dragpath":null,"dragrotation":null,"data":{"hotlinkid":"","accstate":0,"textdata":null,"imagedata":null,"swfdata":null,"videodata":null,"emfdata":null,"rectdata":null,"vectordata":{"left":-1,"top":-1,"right":720,"bottom":40,"alttext":"Correct","lmstext":null,"pngfb":false,"pr":{"l":"Lib","i":13},"text":null},"html5data":{"url":null,"xpos":1,"ypos":1,"width":717,"height":37,"strokewidth":2,"mask":null}},"mask":null,"markerType":null,"width":720,"height":40,"resume":false,"usehandcursor":true,"background":null,"id":"6l7HKxAmbl2_CorrectReview","events":[{"__type":"onrelease","actions":{"Actions":[{"__type":"hide","transition":"appear","objref":{"type":"string","value":"_this"}}]}}]},{"__type":"vectorshape","rotation":0,"acctype":"text","cliptobounds":false,"defaultaction":"","textlib":[{"__type":"textdata","uniqueId":"6l7HKxAmbl2_IncorrectReview","id":"01","linkid":"6l7HKxAmbl2_IncorrectReview","type":"vectortext","alttext":null,"lmstext":null,"xpos":0,"ypos":0,"width":0,"height":0,"shadowindex":-1,"vartext":null,"vectortext":{"left":0,"top":0,"right":409,"bottom":37,"alttext":null,"lmstext":null,"pngfb":false,"pr":{"l":"Lib","i":16},"text":null}}],"shapemaskid":"","xpos":0,"ypos":500,"tabindex":6,"tabenabled":true,"xoffset":0,"yoffset":0,"rotatexpos":360,"rotateypos":20,"xscale":100,"yscale":100,"alpha":100,"depth":4,"scrolling":true,"shufflelock":false,"dragdrop":null,"dragpath":null,"dragrotation":null,"data":{"hotlinkid":"","accstate":0,"textdata":null,"imagedata":null,"swfdata":null,"videodata":null,"emfdata":null,"rectdata":null,"vectordata":{"left":-1,"top":-1,"right":720,"bottom":40,"alttext":"Incorrect","lmstext":null,"pngfb":false,"pr":{"l":"Lib","i":15},"text":null},"html5data":{"url":null,"xpos":1,"ypos":1,"width":717,"height":37,"strokewidth":2,"mask":null}},"mask":null,"markerType":null,"width":720,"height":40,"resume":false,"usehandcursor":true,"background":null,"id":"6l7HKxAmbl2_IncorrectReview","events":[{"__type":"onrelease","actions":{"Actions":[{"__type":"hide","transition":"appear","objref":{"type":"string","value":"_this"}}]}}]}]},"starttime":-1,"elapsedtimemode":"normal","width":720,"height":540,"resume":true,"usehandcursor":false,"background":{"type":"fill","fill":{"type":"linear","rotation":90,"colors":[{"__type":"color","rgb":"0xFFFFFF","alpha":100,"stop":0}]},"imagedata":null,"emfdata":null,"vectordata":null},"id":"6hZKMM9rU4Y","actiongroups":[{"__type":"actiongroup","id":"ActGrpOnSubmitButtonClick","actions":{"Actions":[{"__type":"if_action","condition":{"Statement":{"__type":"or","Statements":[{"__type":"compare","operator":"eq","valuea":"6l7HKxAmbl2.5gNGSeI0c7L._checked","typea":"var","valueb":true,"typeb":"boolean"},{"__type":"compare","operator":"eq","valuea":"6l7HKxAmbl2.5pv86jUOgEv._checked","typea":"var","valueb":true,"typeb":"boolean"},{"__type":"compare","operator":"eq","valuea":"6l7HKxAmbl2.6UOHDo7MRzQ._checked","typea":"var","valueb":true,"typeb":"boolean"}]}},"then_actions":{"Actions":[{"__type":"eval_interaction","id":"_this.5a7piUDsM4t"}]},"else_actions":{"Actions":[{"__type":"gotoplay","window":"MessageWnd","wndtype":"normal","objref":{"type":"string","value":"_player.MsgScene_5Zxg3fY3Nhm.InvalidPromptSlide"}}]}}]}},{"__type":"actiongroup","id":"ReviewInt_6l7HKxAmbl2","actions":{"Actions":[{"__type":"set_enabled","objref":{"type":"string","value":"6l7HKxAmbl2.5gNGSeI0c7L"},"enabled":{"type":"boolean","value":false}},{"__type":"set_enabled","objref":{"type":"string","value":"6l7HKxAmbl2.5pv86jUOgEv"},"enabled":{"type":"boolean","value":false}},{"__type":"set_enabled","objref":{"type":"string","value":"6l7HKxAmbl2.6UOHDo7MRzQ"},"enabled":{"type":"boolean","value":false}},{"__type":"if_action","condition":{"Statement":{"__type":"compare","operator":"eq","valuea":"_player.CurrentQuiz_6l7HKxAmbl2","typea":"var","valueb":"5WfhuQ3hw1Y","typeb":"string"}},"then_actions":{"Actions":[{"__type":"exe_actiongroup","id":"SetLayout_pxabnsnfns00001100101","scoperef":null,"params":null},{"__type":"if_action","condition":{"Statement":{"__type":"compare","operator":"eq","valuea":"_player.5WfhuQ3hw1Y.Passed","typea":"property","valueb":true,"typeb":"boolean"}},"then_actions":{"Actions":[{"__type":"exe_actiongroup","id":"ReviewIntCorrectIncorrect_6l7HKxAmbl2","scoperef":null,"params":null}]},"else_actions":null},{"__type":"if_action","condition":{"Statement":{"__type":"compare","operator":"eq","valuea":"_player.5WfhuQ3hw1Y.Passed","typea":"property","valueb":false,"typeb":"boolean"}},"then_actions":{"Actions":[{"__type":"exe_actiongroup","id":"ReviewIntCorrectIncorrect_6l7HKxAmbl2","scoperef":null,"params":null}]},"else_actions":null}]},"else_actions":null}]}},{"__type":"actiongroup","id":"ReviewIntCorrectIncorrect_6l7HKxAmbl2","actions":{"Actions":[{"__type":"set_enabled","objref":{"type":"string","value":"6l7HKxAmbl2.5gNGSeI0c7L"},"enabled":{"type":"boolean","value":false}},{"__type":"set_enabled","objref":{"type":"string","value":"6l7HKxAmbl2.5pv86jUOgEv"},"enabled":{"type":"boolean","value":false}},{"__type":"set_enabled","objref":{"type":"string","value":"6l7HKxAmbl2.6UOHDo7MRzQ"},"enabled":{"type":"boolean","value":false}}]}},{"__type":"actiongroup","id":"AnsweredInt_6l7HKxAmbl2","actions":{"Actions":[{"__type":"exe_actiongroup","id":"DisableChoices_6l7HKxAmbl2","scoperef":null,"params":null},{"__type":"if_action","condition":{"Statement":{"__type":"compare","operator":"eq","valuea":"WindowId","typea":"property","valueb":"_frame","typeb":"string"}},"then_actions":{"Actions":[{"__type":"set_frame_layout","name":"pxabnsnfns00001100101"}]},"else_actions":{"Actions":[{"__type":"set_window_control_layout","name":"pxabnsnfns00001100101"}]}}]}},{"__type":"actiongroup","id":"DisableChoices_6l7HKxAmbl2","actions":{"Actions":[{"__type":"exe_actiongroup","id":"6l7HKxAmbl2.5gNGSeI0c7L.ActGrpSetDisabledState","scoperef":null,"params":null},{"__type":"exe_actiongroup","id":"6l7HKxAmbl2.5pv86jUOgEv.ActGrpSetDisabledState","scoperef":null,"params":null},{"__type":"exe_actiongroup","id":"6l7HKxAmbl2.6UOHDo7MRzQ.ActGrpSetDisabledState","scoperef":null,"params":null}]}},{"__type":"actiongroup","id":"6l7HKxAmbl2_CheckAnswered","actions":{"Actions":[{"__type":"if_action","condition":{"Statement":{"__type":"compare","operator":"gte","valuea":"5a7piUDsM4t.AttemptCount","typea":"property","valueb":1,"typeb":"number"}},"then_actions":{"Actions":[{"__type":"exe_actiongroup","id":"AnsweredInt_6l7HKxAmbl2","scoperef":null,"params":null}]},"else_actions":null}]}},{"__type":"actiongroup","id":"SetLayout_pxabnsnfns00001100101","actions":{"Actions":[{"__type":"if_action","condition":{"Statement":{"__type":"compare","operator":"eq","valuea":"WindowId","typea":"property","valueb":"_frame","typeb":"string"}},"then_actions":{"Actions":[{"__type":"set_frame_layout","name":"pxabnsnfns00001100101"}]},"else_actions":{"Actions":[{"__type":"set_window_control_layout","name":"pxabnsnfns00001100101"}]}}]}},{"__type":"actiongroup","id":"NavigationRestrictionNextSlide_6hZKMM9rU4Y","actions":{"Actions":[{"__type":"gotoplay","window":"_current","wndtype":"normal","objref":{"type":"string","value":"_parent.5XSqE72iNvf"}}]}},{"__type":"actiongroup","id":"NavigationRestrictionPreviousSlide_6hZKMM9rU4Y","actions":{"Actions":[{"__type":"history_prev"}]}}],"events":[{"__type":"onbeforeslidein","actions":{"Actions":[{"__type":"if_action","condition":{"Statement":{"__type":"compare","operator":"eq","valuea":"WindowId","typea":"property","valueb":"_frame","typeb":"string"}},"then_actions":{"Actions":[{"__type":"set_frame_layout","name":"npnxnanbsnfns00001100101"}]},"else_actions":{"Actions":[{"__type":"set_window_control_layout","name":"npnxnanbsnfns00001100101"}]}}]}},{"__type":"onsubmitslide","actions":{"Actions":[{"__type":"exe_actiongroup","id":"ActGrpOnSubmitButtonClick","scoperef":null,"params":null}]}},{"__type":"ontransitionin","actions":{"Actions":[{"__type":"adjustvar","variable":"_player.LastSlideViewed_5Zxg3fY3Nhm","operator":"set","value":{"type":"string","value":"_player."}},{"__type":"adjustvar","variable":"_player.LastSlideViewed_5Zxg3fY3Nhm","operator":"add","value":{"type":"property","value":"AbsoluteId"}},{"__type":"if_action","condition":{"Statement":{"__type":"compare","operator":"eq","valuea":"_player.ReviewMode_6l7HKxAmbl2","typea":"var","valueb":true,"typeb":"boolean"}},"then_actions":{"Actions":[{"__type":"exe_actiongroup","id":"ReviewInt_6l7HKxAmbl2","scoperef":null,"params":null}]},"else_actions":{"Actions":[{"__type":"exe_actiongroup","id":"6l7HKxAmbl2_CheckAnswered","scoperef":null,"params":null}]}}]}},{"__type":"onnextslide","actions":{"Actions":[{"__type":"if_action","condition":{"Statement":{"__type":"compare","operator":"eq","valuea":"_player.ReviewMode_6l7HKxAmbl2","typea":"var","valueb":true,"typeb":"boolean"}},"then_actions":{"Actions":[{"__type":"if_action","condition":{"Statement":{"__type":"compare","operator":"eq","valuea":"_player.CurrentQuiz_6l7HKxAmbl2","typea":"var","valueb":"5WfhuQ3hw1Y","typeb":"string"}},"then_actions":{"Actions":[{"__type":"nextviewedslide","quizref":{"type":"string","value":"_player.5WfhuQ3hw1Y"},"completed_slide_ref":{"type":"string","value":"_player.6RoriILyZrf.6Am9SBi3ums"}}]},"else_actions":{"Actions":[{"__type":"debug_trace","message":"WARNING: question is in review mode, but not for any quiz that it\u0027s a part of"}]}}]},"else_actions":{"Actions":[{"__type":"exe_actiongroup","id":"NavigationRestrictionNextSlide_6hZKMM9rU4Y","scoperef":null,"params":null}]}}]}},{"__type":"onprevslide","actions":{"Actions":[{"__type":"exe_actiongroup","id":"NavigationRestrictionPreviousSlide_6hZKMM9rU4Y","scoperef":null,"params":null}]}}]}
