{"dataurl":"story_content/slides/6Ok1Uv4iFkh.swf","iosurl":null,"html5url":null,"title":"Untitled Slide","trackviews":true,"showmenuresulticon":false,"viewgroupid":"","historygroupid":"","videozoom":"","scrolling":false,"transition":"appear","transduration":0,"transdir":1,"wipetrans":false,"slidelock":false,"navindex":-1,"globalaudioid":"","thumbnailid":"","slidewindowbg":null,"presenterref":{"id":"none","videodata":null},"showanimationid":"","enableseek":true,"enablereplay":true,"lmsid":"Slide1","timeline":{"duration":5000,"events":[{"__type":"event","time":0,"actions":{"Actions":[{"__type":"show","transition":"appear","objref":{"type":"string","value":"5pfQTZY2GCY"}}]}}]},"objects":{"Objects":[{"__type":"vectorshape","rotation":0,"acctype":"text","cliptobounds":false,"defaultaction":"","textlib":[{"__type":"textdata","uniqueId":"5pfQTZY2GCY_87383242","id":"01","linkid":"txt__default_5pfQTZY2GCY","type":"vectortext","alttext":null,"lmstext":null,"xpos":0,"ypos":0,"width":0,"height":0,"shadowindex":-1,"vartext":null,"vectortext":{"left":0,"top":0,"right":389,"bottom":59,"alttext":null,"lmstext":null,"pngfb":false,"pr":{"l":"Lib","i":1},"text":null}}],"shapemaskid":"","xpos":88,"ypos":54,"tabindex":0,"tabenabled":true,"xoffset":0,"yoffset":0,"rotatexpos":276,"rotateypos":48,"xscale":100,"yscale":100,"alpha":100,"depth":1,"scrolling":true,"shufflelock":false,"dragdrop":null,"dragpath":null,"dragrotation":null,"data":{"hotlinkid":"","accstate":0,"textdata":null,"imagedata":null,"swfdata":null,"videodata":null,"emfdata":null,"rectdata":null,"vectordata":{"left":-2,"top":-2,"right":554,"bottom":98,"alttext":"Project with all question types","lmstext":null,"pngfb":false,"pr":{"l":"Lib","i":0},"text":null},"html5data":{"url":null,"xpos":-1,"ypos":-1,"width":553,"height":97,"strokewidth":1,"mask":null}},"mask":null,"markerType":null,"width":552,"height":96,"resume":false,"usehandcursor":true,"background":null,"id":"5pfQTZY2GCY"}]},"starttime":-1,"elapsedtimemode":"normal","width":720,"height":540,"resume":false,"usehandcursor":false,"background":{"type":"fill","fill":{"type":"linear","rotation":90,"colors":[{"__type":"color","rgb":"0xFFFFFF","alpha":100,"stop":0}]},"imagedata":null,"emfdata":null,"vectordata":null},"id":"6Ok1Uv4iFkh","actiongroups":[{"__type":"actiongroup","id":"ActGrpOnNextButtonClick","actions":{"Actions":[{"__type":"gotoplay","window":"_current","wndtype":"normal","objref":{"type":"string","value":"_player.6RoriILyZrf.5rv2GAmKi6e"}}]}},{"__type":"actiongroup","id":"ActGrpOnPrevButtonClick","actions":{"Actions":[{"__type":"history_prev"}]}},{"__type":"actiongroup","id":"NavigationRestrictionNextSlide_6Ok1Uv4iFkh","actions":{"Actions":[{"__type":"exe_actiongroup","id":"ActGrpOnNextButtonClick","scoperef":null,"params":null}]}},{"__type":"actiongroup","id":"NavigationRestrictionPreviousSlide_6Ok1Uv4iFkh","actions":{"Actions":[{"__type":"exe_actiongroup","id":"ActGrpOnPrevButtonClick","scoperef":null,"params":null}]}}],"events":[{"__type":"onbeforeslidein","actions":{"Actions":[{"__type":"if_action","condition":{"Statement":{"__type":"compare","operator":"eq","valuea":"WindowId","typea":"property","valueb":"_frame","typeb":"string"}},"then_actions":{"Actions":[{"__type":"set_frame_layout","name":"pxabnsnfns00001100101"}]},"else_actions":{"Actions":[{"__type":"set_window_control_layout","name":"pxabnsnfns00001100101"}]}}]}},{"__type":"onnextslide","actions":{"Actions":[{"__type":"exe_actiongroup","id":"NavigationRestrictionNextSlide_6Ok1Uv4iFkh","scoperef":null,"params":null}]}},{"__type":"onprevslide","actions":{"Actions":[{"__type":"exe_actiongroup","id":"NavigationRestrictionPreviousSlide_6Ok1Uv4iFkh","scoperef":null,"params":null}]}},{"__type":"ontransitionin","actions":{"Actions":[{"__type":"adjustvar","variable":"_player.LastSlideViewed_5Zxg3fY3Nhm","operator":"set","value":{"type":"string","value":"_player."}},{"__type":"adjustvar","variable":"_player.LastSlideViewed_5Zxg3fY3Nhm","operator":"add","value":{"type":"property","value":"AbsoluteId"}}]}}]}
