{"dataurl":"story_content/slides/6QHKwdfXGsg.swf","iosurl":null,"html5url":null,"title":"Rank Drop Down","trackviews":true,"showmenuresulticon":false,"viewgroupid":"","historygroupid":"","videozoom":"","scrolling":false,"transition":"appear","transduration":0,"transdir":1,"wipetrans":false,"slidelock":false,"navindex":-1,"globalaudioid":"","thumbnailid":"","slidewindowbg":null,"presenterref":{"id":"none","videodata":null},"showanimationid":"","enableseek":true,"enablereplay":true,"lmsid":"Slide20","timeline":{"duration":5000,"events":[{"__type":"event","time":0,"actions":{"Actions":[{"__type":"show","transition":"appear","objref":{"type":"string","value":"6YUTD1dTrqP"}},{"__type":"show","transition":"appear","objref":{"type":"string","value":"6YUTD1dTrqP.5fkA17AReFk"}},{"__type":"show","transition":"appear","objref":{"type":"string","value":"6YUTD1dTrqP.5fnh5fSYg6p"}},{"__type":"show","transition":"appear","objref":{"type":"string","value":"6YUTD1dTrqP.65PZbaF90jW"}},{"__type":"show","transition":"appear","objref":{"type":"string","value":"6XLO1oBlltr"}}]}}]},"objects":{"Objects":[{"__type":"scrollarea","contentwidth":255,"contentheight":144,"objects":{"Objects":[{"__type":"shufflegroup","objects":{"Objects":[{"__type":"droplist","shuffle":true,"reviewwidth":127,"reviewindex":2,"shapemaskid":"","xpos":0,"ypos":102,"tabindex":4,"tabenabled":true,"xoffset":0,"yoffset":0,"rotatexpos":127.5,"rotateypos":13,"xscale":100,"yscale":100,"alpha":100,"rotation":0,"depth":1,"scrolling":true,"shufflelock":false,"colors":[{"__type":"color","name":"item_hover","fill":{"type":"linear","rotation":90,"colors":[{"__type":"color","rgb":"0xADFFFF","alpha":100,"stop":0}]}},{"__type":"color","name":"button_hover","fill":{"type":"linear","rotation":90,"colors":[{"__type":"color","rgb":"0xD5FFFF","alpha":100,"stop":0}]}},{"__type":"color","name":"review_text","fill":{"type":"linear","rotation":0,"colors":[{"__type":"color","rgb":"0x000000","alpha":100,"stop":0}]}}],"dragdrop":null,"dragpath":null,"dragrotation":null,"data":{"hotlinkid":"","accstate":0,"textdata":{"uniqueId":"txt2_5fkA17AReFk","id":null,"linkid":null,"type":"vectortext","alttext":"--Select--","lmstext":null,"xpos":0,"ypos":0,"width":0,"height":0,"shadowindex":-1,"vartext":null,"vectortext":{"left":0,"top":0,"right":69,"bottom":24,"alttext":null,"lmstext":null,"pngfb":false,"pr":{"l":"Lib","i":83},"text":null}},"imagedata":null,"swfdata":null,"videodata":null,"emfdata":null,"rectdata":null,"vectordata":null,"html5data":null,"itemlist":[{"__type":"item","itemdata":"choices.choice_65PZbaF90jW","background":null,"hotlinkid":"","accstate":0,"textdata":{"uniqueId":"txt_65PZbaF90jW_-1214648387","id":null,"linkid":null,"type":"vectortext","alttext":"Drop Down 1","lmstext":null,"xpos":0,"ypos":0,"width":0,"height":0,"shadowindex":-1,"vartext":null,"vectortext":{"left":0,"top":0,"right":110,"bottom":24,"alttext":null,"lmstext":null,"pngfb":false,"pr":{"l":"Lib","i":140},"text":null}},"imagedata":null,"swfdata":null,"videodata":null,"emfdata":null,"rectdata":null,"vectordata":null,"html5data":null},{"__type":"item","itemdata":"choices.choice_5fnh5fSYg6p","background":null,"hotlinkid":"","accstate":0,"textdata":{"uniqueId":"txt_5fnh5fSYg6p_341081669","id":null,"linkid":null,"type":"vectortext","alttext":"Drop Down 2","lmstext":null,"xpos":0,"ypos":0,"width":0,"height":0,"shadowindex":-1,"vartext":null,"vectortext":{"left":0,"top":0,"right":110,"bottom":24,"alttext":null,"lmstext":null,"pngfb":false,"pr":{"l":"Lib","i":141},"text":null}},"imagedata":null,"swfdata":null,"videodata":null,"emfdata":null,"rectdata":null,"vectordata":null,"html5data":null},{"__type":"item","itemdata":"choices.choice_5fkA17AReFk","background":null,"hotlinkid":"","accstate":0,"textdata":{"uniqueId":"txt_5fkA17AReFk_589378469","id":null,"linkid":null,"type":"vectortext","alttext":"Drop Down 3","lmstext":null,"xpos":0,"ypos":0,"width":0,"height":0,"shadowindex":-1,"vartext":null,"vectortext":{"left":0,"top":0,"right":110,"bottom":24,"alttext":null,"lmstext":null,"pngfb":false,"pr":{"l":"Lib","i":142},"text":null}},"imagedata":null,"swfdata":null,"videodata":null,"emfdata":null,"rectdata":null,"vectordata":null,"html5data":null}]},"mask":null,"markerType":null,"width":255,"height":26,"resume":true,"usehandcursor":true,"background":null,"id":"5fkA17AReFk"},{"__type":"droplist","shuffle":true,"reviewwidth":127,"reviewindex":1,"shapemaskid":"","xpos":0,"ypos":56,"tabindex":3,"tabenabled":true,"xoffset":0,"yoffset":0,"rotatexpos":127.5,"rotateypos":13,"xscale":100,"yscale":100,"alpha":100,"rotation":0,"depth":2,"scrolling":true,"shufflelock":false,"colors":[{"__type":"color","name":"item_hover","fill":{"type":"linear","rotation":90,"colors":[{"__type":"color","rgb":"0xADFFFF","alpha":100,"stop":0}]}},{"__type":"color","name":"button_hover","fill":{"type":"linear","rotation":90,"colors":[{"__type":"color","rgb":"0xD5FFFF","alpha":100,"stop":0}]}},{"__type":"color","name":"review_text","fill":{"type":"linear","rotation":0,"colors":[{"__type":"color","rgb":"0x000000","alpha":100,"stop":0}]}}],"dragdrop":null,"dragpath":null,"dragrotation":null,"data":{"hotlinkid":"","accstate":0,"textdata":{"uniqueId":"txt2_5fkA17AReFk","id":null,"linkid":null,"type":"vectortext","alttext":"--Select--","lmstext":null,"xpos":0,"ypos":0,"width":0,"height":0,"shadowindex":-1,"vartext":null,"vectortext":{"left":0,"top":0,"right":69,"bottom":24,"alttext":null,"lmstext":null,"pngfb":false,"pr":{"l":"Lib","i":83},"text":null}},"imagedata":null,"swfdata":null,"videodata":null,"emfdata":null,"rectdata":null,"vectordata":null,"html5data":null,"itemlist":[{"__type":"item","itemdata":"choices.choice_65PZbaF90jW","background":null,"hotlinkid":"","accstate":0,"textdata":{"uniqueId":"txt_65PZbaF90jW_-1214648387","id":null,"linkid":null,"type":"vectortext","alttext":"Drop Down 1","lmstext":null,"xpos":0,"ypos":0,"width":0,"height":0,"shadowindex":-1,"vartext":null,"vectortext":{"left":0,"top":0,"right":110,"bottom":24,"alttext":null,"lmstext":null,"pngfb":false,"pr":{"l":"Lib","i":140},"text":null}},"imagedata":null,"swfdata":null,"videodata":null,"emfdata":null,"rectdata":null,"vectordata":null,"html5data":null},{"__type":"item","itemdata":"choices.choice_5fnh5fSYg6p","background":null,"hotlinkid":"","accstate":0,"textdata":{"uniqueId":"txt_5fnh5fSYg6p_341081669","id":null,"linkid":null,"type":"vectortext","alttext":"Drop Down 2","lmstext":null,"xpos":0,"ypos":0,"width":0,"height":0,"shadowindex":-1,"vartext":null,"vectortext":{"left":0,"top":0,"right":110,"bottom":24,"alttext":null,"lmstext":null,"pngfb":false,"pr":{"l":"Lib","i":141},"text":null}},"imagedata":null,"swfdata":null,"videodata":null,"emfdata":null,"rectdata":null,"vectordata":null,"html5data":null},{"__type":"item","itemdata":"choices.choice_5fkA17AReFk","background":null,"hotlinkid":"","accstate":0,"textdata":{"uniqueId":"txt_5fkA17AReFk_589378469","id":null,"linkid":null,"type":"vectortext","alttext":"Drop Down 3","lmstext":null,"xpos":0,"ypos":0,"width":0,"height":0,"shadowindex":-1,"vartext":null,"vectortext":{"left":0,"top":0,"right":110,"bottom":24,"alttext":null,"lmstext":null,"pngfb":false,"pr":{"l":"Lib","i":142},"text":null}},"imagedata":null,"swfdata":null,"videodata":null,"emfdata":null,"rectdata":null,"vectordata":null,"html5data":null}]},"mask":null,"markerType":null,"width":255,"height":26,"resume":true,"usehandcursor":true,"background":null,"id":"5fnh5fSYg6p"},{"__type":"droplist","shuffle":true,"reviewwidth":127,"reviewindex":0,"shapemaskid":"","xpos":0,"ypos":10,"tabindex":2,"tabenabled":true,"xoffset":0,"yoffset":0,"rotatexpos":127.5,"rotateypos":13,"xscale":100,"yscale":100,"alpha":100,"rotation":0,"depth":3,"scrolling":true,"shufflelock":false,"colors":[{"__type":"color","name":"item_hover","fill":{"type":"linear","rotation":90,"colors":[{"__type":"color","rgb":"0xADFFFF","alpha":100,"stop":0}]}},{"__type":"color","name":"button_hover","fill":{"type":"linear","rotation":90,"colors":[{"__type":"color","rgb":"0xD5FFFF","alpha":100,"stop":0}]}},{"__type":"color","name":"review_text","fill":{"type":"linear","rotation":0,"colors":[{"__type":"color","rgb":"0x000000","alpha":100,"stop":0}]}}],"dragdrop":null,"dragpath":null,"dragrotation":null,"data":{"hotlinkid":"","accstate":0,"textdata":{"uniqueId":"txt2_5fkA17AReFk","id":null,"linkid":null,"type":"vectortext","alttext":"--Select--","lmstext":null,"xpos":0,"ypos":0,"width":0,"height":0,"shadowindex":-1,"vartext":null,"vectortext":{"left":0,"top":0,"right":69,"bottom":24,"alttext":null,"lmstext":null,"pngfb":false,"pr":{"l":"Lib","i":83},"text":null}},"imagedata":null,"swfdata":null,"videodata":null,"emfdata":null,"rectdata":null,"vectordata":null,"html5data":null,"itemlist":[{"__type":"item","itemdata":"choices.choice_65PZbaF90jW","background":null,"hotlinkid":"","accstate":0,"textdata":{"uniqueId":"txt_65PZbaF90jW_-1214648387","id":null,"linkid":null,"type":"vectortext","alttext":"Drop Down 1","lmstext":null,"xpos":0,"ypos":0,"width":0,"height":0,"shadowindex":-1,"vartext":null,"vectortext":{"left":0,"top":0,"right":110,"bottom":24,"alttext":null,"lmstext":null,"pngfb":false,"pr":{"l":"Lib","i":140},"text":null}},"imagedata":null,"swfdata":null,"videodata":null,"emfdata":null,"rectdata":null,"vectordata":null,"html5data":null},{"__type":"item","itemdata":"choices.choice_5fnh5fSYg6p","background":null,"hotlinkid":"","accstate":0,"textdata":{"uniqueId":"txt_5fnh5fSYg6p_341081669","id":null,"linkid":null,"type":"vectortext","alttext":"Drop Down 2","lmstext":null,"xpos":0,"ypos":0,"width":0,"height":0,"shadowindex":-1,"vartext":null,"vectortext":{"left":0,"top":0,"right":110,"bottom":24,"alttext":null,"lmstext":null,"pngfb":false,"pr":{"l":"Lib","i":141},"text":null}},"imagedata":null,"swfdata":null,"videodata":null,"emfdata":null,"rectdata":null,"vectordata":null,"html5data":null},{"__type":"item","itemdata":"choices.choice_5fkA17AReFk","background":null,"hotlinkid":"","accstate":0,"textdata":{"uniqueId":"txt_5fkA17AReFk_589378469","id":null,"linkid":null,"type":"vectortext","alttext":"Drop Down 3","lmstext":null,"xpos":0,"ypos":0,"width":0,"height":0,"shadowindex":-1,"vartext":null,"vectortext":{"left":0,"top":0,"right":110,"bottom":24,"alttext":null,"lmstext":null,"pngfb":false,"pr":{"l":"Lib","i":142},"text":null}},"imagedata":null,"swfdata":null,"videodata":null,"emfdata":null,"rectdata":null,"vectordata":null,"html5data":null}]},"mask":null,"markerType":null,"width":255,"height":26,"resume":true,"usehandcursor":true,"background":null,"id":"65PZbaF90jW"}]},"shuffle":false,"shapemaskid":"","xpos":0,"ypos":0,"tabindex":-1,"tabenabled":true,"xoffset":0,"yoffset":0,"rotatexpos":0,"rotateypos":0,"xscale":100,"yscale":100,"alpha":100,"rotation":0,"depth":1,"scrolling":true,"shufflelock":false,"dragdrop":null,"dragpath":null,"dragrotation":null,"data":null,"mask":null,"markerType":null,"width":0,"height":0,"resume":false,"usehandcursor":true,"background":null,"id":""}]},"shapemaskid":"","xpos":36,"ypos":80,"tabindex":1,"tabenabled":false,"xoffset":0,"yoffset":0,"rotatexpos":324,"rotateypos":211,"xscale":100,"yscale":100,"alpha":100,"rotation":0,"depth":1,"scrolling":true,"shufflelock":false,"dragdrop":null,"dragpath":null,"dragrotation":null,"data":{"hotlinkid":"","accstate":0,"textdata":null,"imagedata":null,"swfdata":null,"videodata":null,"emfdata":null,"rectdata":null,"vectordata":null,"html5data":{"url":"","xpos":36,"ypos":80,"width":648,"height":422,"strokewidth":0,"mask":null}},"mask":null,"markerType":null,"width":648,"height":422,"resume":true,"usehandcursor":true,"background":{"type":"vector","fill":null,"imagedata":null,"emfdata":null,"vectordata":{"left":0,"top":0,"right":648,"bottom":422,"alttext":"Ranking Drop-down","lmstext":null,"pngfb":false,"pr":{"l":"Lib","i":56},"text":null}},"id":"6YUTD1dTrqP"},{"__type":"vectorshape","rotation":0,"acctype":"text","cliptobounds":false,"defaultaction":"","textlib":[{"__type":"textdata","uniqueId":"6XLO1oBlltr_662896657","id":"01","linkid":"txt__default_6XLO1oBlltr","type":"vectortext","alttext":null,"lmstext":null,"xpos":0,"ypos":0,"width":0,"height":0,"shadowindex":-1,"vartext":null,"vectortext":{"left":0,"top":0,"right":204,"bottom":39,"alttext":null,"lmstext":null,"pngfb":false,"pr":{"l":"Lib","i":143},"text":null}}],"shapemaskid":"","xpos":36,"ypos":22,"tabindex":0,"tabenabled":true,"xoffset":0,"yoffset":0,"rotatexpos":324,"rotateypos":22,"xscale":100,"yscale":100,"alpha":100,"depth":2,"scrolling":true,"shufflelock":false,"dragdrop":null,"dragpath":null,"dragrotation":null,"data":{"hotlinkid":"","accstate":0,"textdata":null,"imagedata":null,"swfdata":null,"videodata":null,"emfdata":null,"rectdata":null,"vectordata":{"left":0,"top":0,"right":648,"bottom":44,"alttext":"Rank Drop Down","lmstext":null,"pngfb":false,"pr":{"l":"Lib","i":11},"text":null},"html5data":{"url":null,"xpos":-1,"ypos":-1,"width":649,"height":45,"strokewidth":0,"mask":null}},"mask":null,"markerType":null,"width":648,"height":44,"resume":true,"usehandcursor":true,"background":null,"id":"6XLO1oBlltr"},{"__type":"vectorshape","rotation":0,"acctype":"text","cliptobounds":false,"defaultaction":"","textlib":[{"__type":"textdata","uniqueId":"6YUTD1dTrqP_CorrectReview","id":"01","linkid":"6YUTD1dTrqP_CorrectReview","type":"vectortext","alttext":null,"lmstext":null,"xpos":0,"ypos":0,"width":0,"height":0,"shadowindex":-1,"vartext":null,"vectortext":{"left":0,"top":0,"right":400,"bottom":37,"alttext":null,"lmstext":null,"pngfb":false,"pr":{"l":"Lib","i":14},"text":null}}],"shapemaskid":"","xpos":0,"ypos":500,"tabindex":5,"tabenabled":true,"xoffset":0,"yoffset":0,"rotatexpos":360,"rotateypos":20,"xscale":100,"yscale":100,"alpha":100,"depth":3,"scrolling":true,"shufflelock":false,"dragdrop":null,"dragpath":null,"dragrotation":null,"data":{"hotlinkid":"","accstate":0,"textdata":null,"imagedata":null,"swfdata":null,"videodata":null,"emfdata":null,"rectdata":null,"vectordata":{"left":-1,"top":-1,"right":720,"bottom":40,"alttext":"Correct","lmstext":null,"pngfb":false,"pr":{"l":"Lib","i":13},"text":null},"html5data":{"url":null,"xpos":1,"ypos":1,"width":717,"height":37,"strokewidth":2,"mask":null}},"mask":null,"markerType":null,"width":720,"height":40,"resume":false,"usehandcursor":true,"background":null,"id":"6YUTD1dTrqP_CorrectReview","events":[{"__type":"onrelease","actions":{"Actions":[{"__type":"hide","transition":"appear","objref":{"type":"string","value":"_this"}}]}}]},{"__type":"vectorshape","rotation":0,"acctype":"text","cliptobounds":false,"defaultaction":"","textlib":[{"__type":"textdata","uniqueId":"6YUTD1dTrqP_IncorrectReview","id":"01","linkid":"6YUTD1dTrqP_IncorrectReview","type":"vectortext","alttext":null,"lmstext":null,"xpos":0,"ypos":0,"width":0,"height":0,"shadowindex":-1,"vartext":null,"vectortext":{"left":0,"top":0,"right":409,"bottom":37,"alttext":null,"lmstext":null,"pngfb":false,"pr":{"l":"Lib","i":16},"text":null}}],"shapemaskid":"","xpos":0,"ypos":500,"tabindex":6,"tabenabled":true,"xoffset":0,"yoffset":0,"rotatexpos":360,"rotateypos":20,"xscale":100,"yscale":100,"alpha":100,"depth":4,"scrolling":true,"shufflelock":false,"dragdrop":null,"dragpath":null,"dragrotation":null,"data":{"hotlinkid":"","accstate":0,"textdata":null,"imagedata":null,"swfdata":null,"videodata":null,"emfdata":null,"rectdata":null,"vectordata":{"left":-1,"top":-1,"right":720,"bottom":40,"alttext":"Incorrect","lmstext":null,"pngfb":false,"pr":{"l":"Lib","i":15},"text":null},"html5data":{"url":null,"xpos":1,"ypos":1,"width":717,"height":37,"strokewidth":2,"mask":null}},"mask":null,"markerType":null,"width":720,"height":40,"resume":false,"usehandcursor":true,"background":null,"id":"6YUTD1dTrqP_IncorrectReview","events":[{"__type":"onrelease","actions":{"Actions":[{"__type":"hide","transition":"appear","objref":{"type":"string","value":"_this"}}]}}]}]},"starttime":-1,"elapsedtimemode":"normal","width":720,"height":540,"resume":true,"usehandcursor":false,"background":{"type":"fill","fill":{"type":"linear","rotation":90,"colors":[{"__type":"color","rgb":"0xFFFFFF","alpha":100,"stop":0}]},"imagedata":null,"emfdata":null,"vectordata":null},"id":"6QHKwdfXGsg","actiongroups":[{"__type":"actiongroup","id":"ActGrpOnSubmitButtonClick","actions":{"Actions":[{"__type":"if_action","condition":{"Statement":{"__type":"and","Statements":[{"__type":"compare","operator":"noteq","valuea":"6YUTD1dTrqP.65PZbaF90jW.SelectedItemData","typea":"property","valueb":"","typeb":"string"},{"__type":"compare","operator":"noteq","valuea":"6YUTD1dTrqP.5fnh5fSYg6p.SelectedItemData","typea":"property","valueb":"","typeb":"string"},{"__type":"compare","operator":"noteq","valuea":"6YUTD1dTrqP.5fkA17AReFk.SelectedItemData","typea":"property","valueb":"","typeb":"string"}]}},"then_actions":{"Actions":[{"__type":"eval_interaction","id":"_this.62OtJ6h59zN"}]},"else_actions":{"Actions":[{"__type":"gotoplay","window":"MessageWnd","wndtype":"normal","objref":{"type":"string","value":"_player.MsgScene_5Zxg3fY3Nhm.InvalidPromptSlide"}}]}}]}},{"__type":"actiongroup","id":"ReviewInt_6YUTD1dTrqP","actions":{"Actions":[{"__type":"set_enabled","objref":{"type":"string","value":"6YUTD1dTrqP.65PZbaF90jW"},"enabled":{"type":"boolean","value":false}},{"__type":"set_enabled","objref":{"type":"string","value":"6YUTD1dTrqP.5fnh5fSYg6p"},"enabled":{"type":"boolean","value":false}},{"__type":"set_enabled","objref":{"type":"string","value":"6YUTD1dTrqP.5fkA17AReFk"},"enabled":{"type":"boolean","value":false}},{"__type":"if_action","condition":{"Statement":{"__type":"compare","operator":"eq","valuea":"_player.CurrentQuiz_6YUTD1dTrqP","typea":"var","valueb":"5WfhuQ3hw1Y","typeb":"string"}},"then_actions":{"Actions":[{"__type":"exe_actiongroup","id":"SetLayout_pxabnsnfns00001100101","scoperef":null,"params":null},{"__type":"if_action","condition":{"Statement":{"__type":"compare","operator":"eq","valuea":"_player.5WfhuQ3hw1Y.Passed","typea":"property","valueb":true,"typeb":"boolean"}},"then_actions":{"Actions":[{"__type":"exe_actiongroup","id":"ReviewIntCorrectIncorrect_6YUTD1dTrqP","scoperef":null,"params":null}]},"else_actions":null},{"__type":"if_action","condition":{"Statement":{"__type":"compare","operator":"eq","valuea":"_player.5WfhuQ3hw1Y.Passed","typea":"property","valueb":false,"typeb":"boolean"}},"then_actions":{"Actions":[{"__type":"exe_actiongroup","id":"ReviewIntCorrectIncorrect_6YUTD1dTrqP","scoperef":null,"params":null}]},"else_actions":null}]},"else_actions":null}]}},{"__type":"actiongroup","id":"ReviewIntCorrectIncorrect_6YUTD1dTrqP","actions":{"Actions":[]}},{"__type":"actiongroup","id":"AnsweredInt_6YUTD1dTrqP","actions":{"Actions":[{"__type":"exe_actiongroup","id":"DisableChoices_6YUTD1dTrqP","scoperef":null,"params":null},{"__type":"if_action","condition":{"Statement":{"__type":"compare","operator":"eq","valuea":"WindowId","typea":"property","valueb":"_frame","typeb":"string"}},"then_actions":{"Actions":[{"__type":"set_frame_layout","name":"pxabnsnfns00001100101"}]},"else_actions":{"Actions":[{"__type":"set_window_control_layout","name":"pxabnsnfns00001100101"}]}}]}},{"__type":"actiongroup","id":"DisableChoices_6YUTD1dTrqP","actions":{"Actions":[{"__type":"set_enabled","objref":{"type":"string","value":"6YUTD1dTrqP.65PZbaF90jW"},"enabled":{"type":"boolean","value":false}},{"__type":"set_enabled","objref":{"type":"string","value":"6YUTD1dTrqP.5fnh5fSYg6p"},"enabled":{"type":"boolean","value":false}},{"__type":"set_enabled","objref":{"type":"string","value":"6YUTD1dTrqP.5fkA17AReFk"},"enabled":{"type":"boolean","value":false}}]}},{"__type":"actiongroup","id":"6YUTD1dTrqP_CheckAnswered","actions":{"Actions":[{"__type":"if_action","condition":{"Statement":{"__type":"compare","operator":"gte","valuea":"62OtJ6h59zN.AttemptCount","typea":"property","valueb":1,"typeb":"number"}},"then_actions":{"Actions":[{"__type":"exe_actiongroup","id":"AnsweredInt_6YUTD1dTrqP","scoperef":null,"params":null}]},"else_actions":null}]}},{"__type":"actiongroup","id":"SetLayout_pxabnsnfns00001100101","actions":{"Actions":[{"__type":"if_action","condition":{"Statement":{"__type":"compare","operator":"eq","valuea":"WindowId","typea":"property","valueb":"_frame","typeb":"string"}},"then_actions":{"Actions":[{"__type":"set_frame_layout","name":"pxabnsnfns00001100101"}]},"else_actions":{"Actions":[{"__type":"set_window_control_layout","name":"pxabnsnfns00001100101"}]}}]}},{"__type":"actiongroup","id":"NavigationRestrictionNextSlide_6QHKwdfXGsg","actions":{"Actions":[{"__type":"gotoplay","window":"_current","wndtype":"normal","objref":{"type":"string","value":"_parent.64ru6WmRHWD"}}]}},{"__type":"actiongroup","id":"NavigationRestrictionPreviousSlide_6QHKwdfXGsg","actions":{"Actions":[{"__type":"history_prev"}]}}],"events":[{"__type":"onbeforeslidein","actions":{"Actions":[{"__type":"if_action","condition":{"Statement":{"__type":"compare","operator":"eq","valuea":"WindowId","typea":"property","valueb":"_frame","typeb":"string"}},"then_actions":{"Actions":[{"__type":"set_frame_layout","name":"npnxnanbsnfns00001100101"}]},"else_actions":{"Actions":[{"__type":"set_window_control_layout","name":"npnxnanbsnfns00001100101"}]}}]}},{"__type":"onsubmitslide","actions":{"Actions":[{"__type":"exe_actiongroup","id":"ActGrpOnSubmitButtonClick","scoperef":null,"params":null}]}},{"__type":"ontransitionin","actions":{"Actions":[{"__type":"adjustvar","variable":"_player.LastSlideViewed_5Zxg3fY3Nhm","operator":"set","value":{"type":"string","value":"_player."}},{"__type":"adjustvar","variable":"_player.LastSlideViewed_5Zxg3fY3Nhm","operator":"add","value":{"type":"property","value":"AbsoluteId"}},{"__type":"if_action","condition":{"Statement":{"__type":"compare","operator":"eq","valuea":"_player.ReviewMode_6YUTD1dTrqP","typea":"var","valueb":true,"typeb":"boolean"}},"then_actions":{"Actions":[{"__type":"exe_actiongroup","id":"ReviewInt_6YUTD1dTrqP","scoperef":null,"params":null}]},"else_actions":{"Actions":[{"__type":"exe_actiongroup","id":"6YUTD1dTrqP_CheckAnswered","scoperef":null,"params":null}]}}]}},{"__type":"onnextslide","actions":{"Actions":[{"__type":"if_action","condition":{"Statement":{"__type":"compare","operator":"eq","valuea":"_player.ReviewMode_6YUTD1dTrqP","typea":"var","valueb":true,"typeb":"boolean"}},"then_actions":{"Actions":[{"__type":"if_action","condition":{"Statement":{"__type":"compare","operator":"eq","valuea":"_player.CurrentQuiz_6YUTD1dTrqP","typea":"var","valueb":"5WfhuQ3hw1Y","typeb":"string"}},"then_actions":{"Actions":[{"__type":"nextviewedslide","quizref":{"type":"string","value":"_player.5WfhuQ3hw1Y"},"completed_slide_ref":{"type":"string","value":"_player.6RoriILyZrf.6Am9SBi3ums"}}]},"else_actions":{"Actions":[{"__type":"debug_trace","message":"WARNING: question is in review mode, but not for any quiz that it\u0027s a part of"}]}}]},"else_actions":{"Actions":[{"__type":"exe_actiongroup","id":"NavigationRestrictionNextSlide_6QHKwdfXGsg","scoperef":null,"params":null}]}}]}},{"__type":"onprevslide","actions":{"Actions":[{"__type":"exe_actiongroup","id":"NavigationRestrictionPreviousSlide_6QHKwdfXGsg","scoperef":null,"params":null}]}}]}
