<?xml version="1.0" encoding="iso-8859-1"?>
	
<course title="Mastering Microsoft Teams - FREE SAMPLE" id="BB_MMteams">
      <pages>
		<page id="1" displayText="Module 01: Introduction" link="//view.vzaar.com/12667560/player" type="html" keywords="Introduction" tooltip="Introduction"/>
		<page id="2" displayText="Module 02: The Teams Interface" link="//view.vzaar.com/12661089/player" type="html" keywords="The Teams Interface" tooltip="The Teams Interface"/>
		<page id="3" displayText="Module 03: For More Information" link="//view.vzaar.com/19626244/player" type="html" keywords="For More Information" tooltip="For More Information"/>
		</pages>
		<transcript available="1">
			<lang name="English" lang="en" image="en.png"/>
			<lang name="Spanish" lang="sp" image="sp.png"/>
			<lang name="Hindi" lang="in" image="in.png"/>
			
		</transcript>
	</course>
	