﻿[{"start":6.64,"end":7.58,"text":"नमस्ते, मैं चिप रीव्स हूँ"},{"start":7.72,"end":8.78,"text":"मैं एक आईटी परामर्शदाता रहा हूँ"},{"start":8.98,"end":11.1,"text":"और 20 साल से अधिक एक माइक्रोसॉफ्ट पार्टनर रहा हूँ"},{"start":11.56,"end":13.04,"text":"और मैं अलरिंथिया कार्टर हूं"},{"start":13.04,"end":15.06,"text":"और मैं यहां माइक्रोसॉफ्ट टीम्स के बारे में जानने के लिए उपस्थित हूं"},{"start":15.66,"end":17.3,"text":"खैर, बहुत अच्छे। तो अलरिंथिया मुझे पता है कि आपने"},{"start":17.48,"end":18.71,"text":"बहुत अलग-अलग पदों पर काम किया है"},{"start":19.04,"end":20.56,"text":"आप एक प्रमुख विश्वविद्यालय के लिए काम करती हैं"},{"start":20.72,"end":24.14,"text":"और आप यहां शहर में कॉमेडी टीम के लिए भी काम करती हैं।"},{"start":24.78,"end":26.36,"text":"इसलिए मैं सोचता हूं कि ऐसा बहुत बार होता होगा"},{"start":26.36,"end":29.16,"text":"जब आपको किसी परियोजना में अपने सहयोगियों के साथ काम करने की जरुरत पड़ती हैं"},{"start":29.36,"end":30.96,"text":"या सामान्य रूप से बस संवाद करते हैं"},{"start":31.09,"end":31.4,"text":"सही है"},{"start":31.4,"end":33.44,"text":"आप किस तरह के उपकरण/टूल्स का उपयोग करती हैं"},{"start":33.95,"end":35.66,"text":"संवाद करने के लिए और सहयोग करने के लिए"},{"start":36.12,"end":38.5,"text":"अपने सहकर्मियों के साथ दस्तावेज़ों को साझा करने के लिए"},{"start":39.12,"end":40.42,"text":"हमारे विश्वविद्यालय की नौकरी में"},{"start":40.42,"end":42.58,"text":"हम मुख्यतः माइक्रोसॉफ्ट आउटलुक का इस्तेमाल करते हैं"},{"start":42.62,"end":44.62,"text":"और कॉमेडी थियेटर में हम मुख्य रूप से"},{"start":44.62,"end":45.86,"text":"Gmail पर"},{"start":45.92,"end":47.12,"text":"और गूगल डॉक्स पर काम करते हैं"},{"start":47.45,"end":48.34,"text":"ठीक है, सही है"},{"start":48.71,"end":50,"text":"और यह बहुत आम बात है"},{"start":50.03,"end":51.62,"text":"असल में ऐसा होता है कि"},{"start":52.28,"end":54.079,"text":"बहुत अधिक स्थापित व्यवसाय काम करते हैं"},{"start":54.26,"end":55.22,"text":"माइक्रोसॉफ्ट आउटलुक पर"},{"start":55.28,"end":59.92,"text":"यह लगभग 20 वर्षों से संचार के लिए माननीय तरीका रहा है"},{"start":60.46,"end":63.5,"text":"माइक्रोसॉफ्ट ने आउटलुक को एक ऐसा स्थान बनाया है"},{"start":63.6,"end":65.76,"text":"जहां से आप अपने बहुत से संचार का प्रबंधन कर सकते हैं"},{"start":66.24,"end":68.06,"text":"आपके सभी ई-मेल, आपकी सभी मीटिंग्स"},{"start":68.14,"end":70.26,"text":"आपके कैलेंडर को आपके सभी संपर्कों के साथ"},{"start":70.26,"end":72.7,"text":"चाहे वह ग्राहक हो, विक्रेता, सहकर्मी या जो भी हो"},{"start":72.92,"end":74.3,"text":"और आपकी कार्यसूची भी"},{"start":74.33,"end":76.1,"text":"यह सब आउटलुक में पैक किया गया था"},{"start":76.34,"end":79.52,"text":"और यह सब लगभग 20 वर्षों से आउटलुक में समाहित है"},{"start":80,"end":80.72,"text":"आज"},{"start":81.02,"end":82.82,"text":"कई नई कंपनियां"},{"start":82.91,"end":83.87,"text":"जैसे कॉमेडी समूह"},{"start":84.5,"end":87.96,"text":"लेकिन बहुत ज्यादा युवा लोग विभिन्न प्रकार के टूल्स की उम्मीद कर रहे हैं"},{"start":88.12,"end":90,"text":"आप जानते हैं कि यह सिर्फ ईमेल के बारे में नहीं है"},{"start":90.04,"end":92.14,"text":"अब यह फ़ाइल शेयर करने के बारे में है"},{"start":92.14,"end":94.36,"text":"यह चैट के बारे में है, यह वीडियो कॉन्फ्रेंसिंग के बारे में है"},{"start":94.44,"end":95.42,"text":"ऑडियो कॉन्फ्रेंसिंग"},{"start":95.52,"end":96.22,"text":"फोन कॉल्स"},{"start":96.58,"end":97.78,"text":"टेक्स्टिंग, इमोजीज़ के बारे में है"},{"start":97.78,"end":98.92,"text":"यह इन सभी प्रकार की बातों के लिए है"},{"start":99.26,"end":102.64,"text":"और आउटलुक उस स्थान पर विशेष रूप से अच्छी तरह से नहीं काम करता है"},{"start":102.94,"end":107.2,"text":"इसलिए माइक्रोसॉफ्ट इसके लिए एक नई पीढ़ी के संचार टूल विकसित कर रहा है"},{"start":107.24,"end":109.08,"text":"वास्तव में माइक्रोसॉफ्ट टीम्स इसी लिए है"},{"start":109.3,"end":111.18,"text":"सिर्फ पिछले कुछ सालों में"},{"start":111.32,"end":114.02,"text":"स्लैक और हिप्पचैट जैसे चैट कार्यक्रमों ने"},{"start":114.02,"end":115.42,"text":"कॉर्पोरेट बाज़ार पर कब्जा कर लिया है"},{"start":115.5,"end":117.52,"text":"तेज और अनौपचारिक बातचीत के लिए"},{"start":117.88,"end":119.26,"text":"इसके अलावा उनके पास लाभ है कि"},{"start":119.26,"end":122.22,"text":"उनकी बातचीत देखने योग्य है और खोजी जा सकती है भावी टीम के सदस्यों के लिए"},{"start":122.22,"end":124.96,"text":"जो संभवत: मूल वार्तालाप के दौरान मौजूद न हों"},{"start":125.92,"end":127.84,"text":"क्लाउड फ़ाइल शेयरिंग टूल्स जैसे ड्रॉप बॉक्स"},{"start":127.96,"end":129.6,"text":"वन ड्राइव और गूगल ड्राइव"},{"start":129.6,"end":132.26,"text":"दस्तावेज़ शेयर करने और सहयोग करने के लिए लोकप्रिय हैं"},{"start":132.68,"end":135.3,"text":"और ज़ाहिर सी बात है कि दर्जनों वीडियो कॉन्फ्रेंसिंग"},{"start":135.32,"end":137.78,"text":"स्क्रीन शेयरिंग, और नोट्स टेकिंग ऐप्स भी हैं।"},{"start":138.7,"end":140.44,"text":"माइक्रोसॉफ्ट टीम्स का निर्माण कर रही है"},{"start":140.52,"end":145.1,"text":"आज के आधुनिक कर्मचारियों के लिए नए सहयोग और संचार ऐप बनने के लिए"},{"start":145.64,"end":146.5,"text":"आउटलुक की तरह ही"},{"start":146.62,"end":147.96,"text":"टीम्स को डिज़ाइन किया गया है"},{"start":147.96,"end":151.48,"text":"जिससे आप एक ही स्थान से अपने सभी संचार और सहयोग का प्रबंधन कर सकेंगे"},{"start":151.84,"end":153.42,"text":"आप अक्सर माइक्रोसॉफ्ट को"},{"start":153.42,"end":155.82,"text":"इसे एक डैशबोर्ड या एक कॉकपिट के रूप में कहते करते हुए सुनेंगे"},{"start":155.98,"end":156.82,"text":"जहां आप चैट कर सकते हैं"},{"start":157.19,"end":157.69,"text":"फाइल शेयर कर सकते हैं"},{"start":158.075,"end":159.14,"text":"बैठकों का आयोजन कर सकते हैं"},{"start":159.4,"end":160.36,"text":"कॉल्स होस्ट करना"},{"start":160.36,"end":162.1,"text":"स्क्रीन शेयरिंग सत्र, आदि"},{"start":163.3,"end":166.66,"text":"यह कॉर्पोरेट सुरक्षा और प्रतिधारण को ध्यान में रखते हुए तैयार किया गया है"},{"start":166.84,"end":169,"text":"तो आपको स्वीकृति समस्याओं के बारे में चिंता करने की ज़रूरत नहीं है"},{"start":169.02,"end":171.32,"text":"या इसका ट्रैक खोना की कौन से ऐप या अकाउंट में"},{"start":171.32,"end":172.96,"text":"आपके टीम का डेटा संग्रहित/ संचित है"},{"start":173.32,"end":174.86,"text":"और निश्चित रूप से इसका उपयोग करना आसान है"},{"start":174.9,"end":176.139,"text":"और यह एक वेब ब्राउज़र से बहुत अच्छा काम करता"},{"start":176.74,"end":177.759,"text":"एक पीसी ऐप से"},{"start":178,"end":180.4,"text":"एक मैक ऐप, या इसके लिए मोबाइल ऐप भी है"},{"start":181.16,"end":183.34,"text":"तो हमारे कार्यालय का बजट काफी तंग है"},{"start":183.76,"end":186.42,"text":"इस कार्यक्रम का उपयोग करने की लागत क्या है?"},{"start":186.76,"end":189.68,"text":"मुझे लगता है कि मुझे उन खेल उद्घोषकों में से एक होना चाहिए"},{"start":189.74,"end":191.48,"text":"जो कहते हैं कि \"आप जानते हैं कि यह मिलियन डॉलर के लायक है!\""},{"start":191.48,"end":192.48,"text":"लेकिन यह वास्तव में नि: शुल्क है"},{"start":192.48,"end":196.48,"text":"यह ऑफिस 365 के लगभग सभी व्यावसायिक संस्करणों के साथ नि: शुल्क आता है"},{"start":196.56,"end":198.9,"text":"इसलिए यदि आपकी कंपनी के पास पहले से ऑफिस 365 है"},{"start":199.21,"end":201.25,"text":"तो आपके पास पहले से ही टीम्स हैं"},{"start":201.46,"end":204.34,"text":"आप शायद इसे अपने ऑफिस 365 इंटरफ़ेस में नहीं देख सकते"},{"start":204.46,"end":206.86,"text":"यह कुछ ऐसा होना चाहिए जो आपकी I.T. टीम को शुरू करना चाहिए"},{"start":207.06,"end":208.62,"text":"लेकिन इसके लिए कोई वास्तविक लागत नहीं है"},{"start":208.62,"end":211.02,"text":"अगर आपके पास पहले से ही एक व्यवसाय ऑफिस 365 योजना है"},{"start":211.74,"end":213.12,"text":"ठीक है, हम पहले से ही आउटलुक ग्रुप्स का इस्तेमाल करते हैं"},{"start":213.16,"end":215.1,"text":"यह टीम्स से अलग कैसे है?"},{"start":215.8,"end":217.39,"text":"यह एक बहुत ही अच्छा सवाल है"},{"start":217.43,"end":219.46,"text":"और यह एक अस्पष्ट क्षेत्र में चला जाता है"},{"start":219.49,"end":221.02,"text":"क्योंकि माइक्रोसॉफ्ट के पास"},{"start":221.38,"end":224.36,"text":"कई अलग-अलग टूल्स होते हैं जो कि एक ही काम करते हैं"},{"start":224.44,"end":226.22,"text":"तो चलिए यहाँ के हमारे विकल्पों को देखते हैं"},{"start":226.54,"end":227.98,"text":"हम पहले से ही आउटलुक के बारे में बात कर चुके हैं"},{"start":227.98,"end":230.68,"text":"जो निश्चित रूप से पुराना संचार उपकरण है"},{"start":230.76,"end":232.72,"text":"ईमेल, कैलेंडर, संपर्क, और कार्य"},{"start":233.06,"end":237.04,"text":"आउटलुक ग्रुप्स इन नई सुविधाओं में से कुछ को आउटलुक में जोड़ने का एक तरीका है"},{"start":237.06,"end":239.78,"text":"तो आपको क्या मिलता है, आप एक ग्रुप कन्वर्सेशन प्राप्त करते हैं"},{"start":240,"end":241.26,"text":"आपको एक ग्रुप कैलेंडर मिलता है"},{"start":241.26,"end":242.74,"text":"आप एक ग्रुप फ़ाइल शेयरिंग क्षेत्र प्राप्त करते हैं"},{"start":243.04,"end":245.2,"text":"और आपको अतिरिक्त टूल कनेक्ट करने की क्षमता प्राप्त होती है।"},{"start":245.32,"end":247.46,"text":"जैसे ट्विटर या ट्रेलो या असुना"},{"start":247.6,"end":249.3,"text":"या माइक्रोसॉफ्ट प्लानर टूल्स"},{"start":249.58,"end":250.63,"text":"अपने आउटलुक ग्रुप में"},{"start":250.96,"end":252.52,"text":"और आउटलुक ग्रुप्स के बारे में अच्छी बात यह है कि"},{"start":252.52,"end":256.08,"text":"यह आउटलुक के माध्यम से या मोबाइल ऐप से या वेब से इस्तेमाल किया जा सकता है।"},{"start":256.32,"end":257.72,"text":"हमारे पास एक और कोर्स है कि"},{"start":257.72,"end":259.98,"text":"आप अपने साथ काम करने वाले लोगों के साथ सहयोग करने के लिए ग्रुप्स का उपयोग कैसे कर सकते हैं"},{"start":260.2,"end":262.64,"text":"वास्तव में, ग्रुप्स और टीम्स वास्तव में संबंधित होते हैं"},{"start":262.64,"end":264.3,"text":"जब भी आप एक माइक्रोसॉफ्ट टीम बनाते हैं तो"},{"start":264.34,"end":267.3,"text":"यह एक ही नाम के साथ एक आउटलुक ग्रुप भी बना रहा होता है"},{"start":267.7,"end":269.06,"text":"ताकि आप दोनों का इस्तेमाल कर सकते हैं।"},{"start":269.7,"end":274.72,"text":"अंतर यह है की टीम्स में प्रत्येक टीम के भीतर कई अलग-अलग वार्तालाप करने की क्षमता होती है"},{"start":274.74,"end":278.2,"text":"जहां आउटलुक ग्रुप्स में प्रत्येक टीम के लिए सिर्फ एक कन्वर्सेशन होती है"},{"start":278.64,"end":279.78,"text":"टीम्स में बहुत सारी हो सकती हैं"},{"start":280.36,"end":282.52,"text":"ग्रुप्स में क्षमता भी नहीं होती है"},{"start":283.02,"end":285.4,"text":"ऑडियो कॉल, वीडियो कॉल और स्क्रीन शेयर करने की"},{"start":285.4,"end":286.56,"text":"जैसे कि टीम्स मैं होती है"},{"start":287.04,"end":289.02,"text":"लेकिन ग्रुप्स मैं एक सामान्य कैलेंडर है"},{"start":289.33,"end":290.62,"text":"जो टीम्स के पास नहीं है"},{"start":290.65,"end":292.51,"text":"इसलिए जब आप एक टीम बनाते हैं"},{"start":292.6,"end":293.9,"text":"क्योंकि यह एक ग्रुप बना रहा है"},{"start":293.9,"end":296.66,"text":"तब भी आप उस ग्रुप के सामान्य कैलेंडर का उपयोग कर सकते हैं"},{"start":296.66,"end":297.66,"text":"उन चीजों के लिए जो मीटिंग्स नहीं है"},{"start":297.66,"end":300.4,"text":"जैसे शेड्यूल किए गए ईवेंट, डेज़ ऑफ या रिट्रीट या इस प्रकार की कुछ और चीजें"},{"start":300.96,"end":302.58,"text":"इसलिए दोनों का उपयोग करने में लाभ हैं"},{"start":302.59,"end":304.39,"text":"और ये दोनों एक साथ अच्छी तरह से काम करते हैं"},{"start":304.96,"end":306.5,"text":"अब ऐसे अन्य टूल्स हैं"},{"start":306.5,"end":308.2,"text":"जो टीम्स से कम संबंधित हैं"},{"start":308.22,"end":310.44,"text":"स्काइप फॉर बिज़नेस बहुत ही लोकप्रिय है"},{"start":310.96,"end":312.52,"text":"आपकी कंपनी के पास यह भी हो सकता है"},{"start":312.52,"end":314.11,"text":"मुझे पता है कि बहुत सारी कंपनियों में यह है"},{"start":314.14,"end":316.48,"text":"क्योंकि यह ऑफिस 365 के साथ भी शामिल है"},{"start":316.84,"end":319.48,"text":"या बहुत से कंपनियों के पास पुराना संस्करण था जिसे माइक्रोसॉफ्ट लिंक कहते थे"},{"start":319.48,"end":321.1,"text":"और स्काइप फॉर बिज़नेस"},{"start":321.1,"end":322.62,"text":"या माइक्रोसॉफ्ट लिंक एक तरीका है"},{"start":322.9,"end":324.84,"text":"जहां आप चैट कर सकते हैं"},{"start":324.84,"end":325.74,"text":"आप ऑडियो कॉल कर सकते हैं"},{"start":325.74,"end":326.84,"text":"आप वीडियो कॉल कर सकते हैं"},{"start":327.04,"end":328.04,"text":"आप फाइल शेयर कर सकते हैं"},{"start":328.08,"end":329.26,"text":"आप बैठकों को शेड्यूल कर सकते हैं"},{"start":329.56,"end":331.5,"text":"बहुत सारी चीजें जो आप टीम्स के साथ कर सकते हैं"},{"start":331.96,"end":335.14,"text":"लेकिन स्काइप फॉर बिज़नेस का उपयोग करना थोड़ा अधिक जटिल है"},{"start":335.4,"end":337.46,"text":"इंटरफ़ेस संभवतः उतना अनुकूल नहीं है"},{"start":337.74,"end":339.76,"text":"और इसलिए माइक्रोसॉफ्ट वास्तव में"},{"start":339.78,"end":342.82,"text":"स्काइप फॉर बिज़नेस की जगह टीम्स को दे रहा है"},{"start":342.82,"end":344.16,"text":"अगले कुछ सालों में"},{"start":344.16,"end":345.9,"text":"अब हम 2017 में यह फिल्मा रहे हैं"},{"start":345.94,"end":348.86,"text":"उन्होंने यह बिल्कुल नहीं बताया है कि कब वे स्विच करने जा रहे हैं"},{"start":349.3,"end":353.36,"text":"और हम जानते हैं कि वे कम से कम पांच से दस वर्षों तक स्काइप फॉर बिज़नेस का समर्थन करेंगे"},{"start":353.36,"end":354.56,"text":"तो यह कोई तत्काल चीज नहीं है"},{"start":354.58,"end":358.22,"text":"हालांकि माइक्रोसॉफ्ट, सभी कार्यक्षताएं डाल रहा है"},{"start":358.28,"end":361.04,"text":"स्काइप फॉर बिज़नेस की माइक्रोसॉफ्ट टीम्स में"},{"start":361.42,"end":362.7,"text":"तो बहुत निकट भविष्य में"},{"start":362.7,"end":364.86,"text":"(संभवत: 2018 में कभी)"},{"start":365.2,"end":367.56,"text":"आपको वास्तव में स्काइप फॉर बिज़नेस की आवश्यकता नहीं होगी"},{"start":368.72,"end":369.56,"text":"लेकिन यहां एक और टूल भी है"},{"start":369.73,"end":372.01,"text":"माइक्रोसॉफ्ट के पास भी एक टूल है जिसे यैमर कहते हैं"},{"start":372.48,"end":374.46,"text":"और यैमर बहुत मिलता जुलता है"},{"start":374.46,"end":377.58,"text":"कम से कम कांसेप्ट में तो माइक्रोसॉफ्ट टीम जैसा है"},{"start":377.84,"end":380.66,"text":"यैमर को व्यवसायों के लिए एक सामाजिक नेटवर्क के रूप में बनाया गया था"},{"start":380.66,"end":381.64,"text":"जैसे कि फेसबुक"},{"start":381.66,"end":382.72,"text":"तो यह विचार है"},{"start":382.72,"end":385.08,"text":"कि आप अपने सभी कर्मचारियों को यैमर अकाउंट पर रखना चाहते हैं"},{"start":385.12,"end":385.749,"text":"वे चीजों को पोस्ट कर सकते हैं"},{"start":386.14,"end":387.58,"text":"वे एक दूसरे पोस्ट को पसंद/लाइक कर सकते हैं"},{"start":387.82,"end":389.06,"text":"वे फाइल शेयर कर सकते हैं"},{"start":389.1,"end":389.96,"text":"वे कुछ कैलेंडेरिंग कर सकते हैं"},{"start":390.22,"end":391.7,"text":"लेकिन वास्तव में यह"},{"start":392.14,"end":393.04,"text":"टिप्पणी पोस्ट करने"},{"start":393.12,"end":394.2,"text":"और प्रश्न पोस्ट करने"},{"start":394.32,"end":394.88,"text":"और उत्तर पाने"},{"start":395.29,"end":396.01,"text":"और इस तरह की चीज़ के बारे में बनाया गया था"},{"start":396.72,"end":399.82,"text":"यैमर के पास टीम्स के समान सहयोग टूल्स नहीं हैं"},{"start":400.02,"end":403.5,"text":"और विशेष रूप से इसके पास ऐसी सुरक्षा नियंत्रण नहीं है जो टीम्स में हैं"},{"start":403.68,"end":406.86,"text":"इसमें वीडियो और ऑडियो कॉल और स्क्रीन शेयर करने की क्षमता नहीं है"},{"start":406.86,"end":407.76,"text":"और इस तरह की चीज़"},{"start":408.16,"end":411.36,"text":"अब माइक्रोसॉफ्ट निकट भविष्य के लिए यैमर का समर्थन करने की योजना बना रहा है"},{"start":412.06,"end":416.64,"text":"उन्हे लोगों को समझाने में थोड़ी सी कठिनाई हुई की कब यैमर बनाम टीम्स का कब इस्तेमाल करना चाहिए"},{"start":416.64,"end":420.08,"text":"2017 के कॉन्फ्रेंस में वे इस स्लाइड को लेकर आये थे"},{"start":420.42,"end":421.8,"text":"मुझे नहीं पता कि किस से कितनी मदद हुई"},{"start":421.84,"end":423.79,"text":"लेकिन जिस तरीके से उन्होंने इसे समझाया था"},{"start":424.12,"end":425.799,"text":"वह टीम्स होगी जो आप लोगों के लिए उपयोग करेंगे"},{"start":426.16,"end":427.57,"text":"जिसे वह आंतरिक लूप कहते हैं"},{"start":427.66,"end":430.14,"text":"यह वह लोग हैं जिनके साथ आप मुख्य परियोजनाओं पर नियमित रूप से काम करते हैं"},{"start":430.46,"end":431.92,"text":"यैमर उन लोगों के लिए होगा"},{"start":431.92,"end":433.66,"text":"जिन्हें आप बाहरी लूप को कहते हैं"},{"start":433.66,"end":435.36,"text":"जो कि संगठन के लोग हैं"},{"start":435.52,"end":437.14,"text":"जिनसे आप केवल कभी-कभार कनेक्ट होते हैं"},{"start":437.46,"end":439.36,"text":"और निश्चित रूप से आपके पास आउटलुक भी है"},{"start":439.44,"end":441.64,"text":"जो कि आपका, उसे क्या कहते हैं, टारगेटेड कम्युनिकेशन हैं"},{"start":442.21,"end":443.919,"text":"सबसे अच्छा तरीका मैंने सुना है इसे ऐसा समझाया गया है"},{"start":444.1,"end":445.72,"text":"कि टीम्स का उपयोग अब तब करेंगे"},{"start":445.72,"end":446.88,"text":"जब आप कमरे में बैठे लोगों को जानते हैं"},{"start":446.95,"end":449.08,"text":"इसलिए जब आप लोगों के साथ प्रोजेक्ट पर सहयोग कर रहे हैं, जिन्हे आप जानते हैं"},{"start":449.46,"end":450.76,"text":"और यैमर का इस्तेमाल अब तक करेंगे"},{"start":450.76,"end":452.26,"text":"जब आप कमरे में बैठे लोगों को नहीं जानते हैं"},{"start":452.28,"end":453.98,"text":"इसलिए यदि आप एक बड़े संगठन में हैं"},{"start":453.98,"end":456.54,"text":"जिसमें 10000, 100000 उपयोगकर्ता/युज़र्स हो सकते हैं"},{"start":456.66,"end":457.78,"text":"आप उन सभी को नहीं जानते"},{"start":457.9,"end":459.48,"text":"लेकिन उनके साथ संवाद करना मज़ेदार हो सकता है"},{"start":459.6,"end":461.34,"text":"यही वह जगह है जहां यैमर अधिक समझ में आता है"},{"start":461.34,"end":463.6,"text":"लेकिन किसी भी प्रकार की सहयोगी परियोजना के लिए"},{"start":463.6,"end":465.1,"text":"टीम्स अधिक भूमिका निभाएगा"},{"start":466.63,"end":467.35,"text":"सुनने में बहुत अच्छा लगा"},{"start":467.65,"end":468.64,"text":"मुझे टीम्स कहाँ मिल सकते हैं?"},{"start":469.27,"end":471.31,"text":"ठीक है, हम इसके बारे में अगले मॉड्यूल में देखेंगे।"}]