﻿[{"start":6.34,"end":7.95,"text":"तो हम माइक्रोसॉफ्ट टीम्स को कैसे प्राप्त कर सकते हैं?"},{"start":8.94,"end":11.4,"text":"ठीक है तो आपके पास पहले से ही एक ऑफिस 365 अकाउंट है"},{"start":11.4,"end":12.16,"text":"चलिए उस पर लॉग इन करें"},{"start":12.21,"end":14.31,"text":"इसलिए यदि आप office.com पर जाते हैं"},{"start":14.99,"end":16.02,"text":"और फिर \"साइन इन\" पर क्लिक करते हैं"},{"start":18.18,"end":20.1,"text":"और आप अपना यूज़रनेम और पासवर्ड डालेंगे"},{"start":20.1,"end":21.78,"text":"आप पहले से ही इस पर हैं इसलिए शायद इसे याद है"},{"start":21.78,"end":22.82,"text":"इसलिए आगे बढ़ें और उसे साइन इन करें"},{"start":23.66,"end":25.42,"text":"आज के इस प्रयोजन के लिए, 'नहीं' चुनते हैं"},{"start":25.42,"end":28,"text":"लेकिन अगर यह आपका कंप्यूटर होता तो आप सामान्यतः हाँ चुनते"},{"start":28,"end":28.9,"text":"आप साइन इन रहना चाहते हैं"},{"start":32.18,"end":34.46,"text":"तो यहां ऑफिस 365 मुख्य मेनू है"},{"start":34.82,"end":37,"text":"अब आप देखेंगे कि वहाँ एक टीम्स आइकन है"},{"start":37,"end":38.72,"text":"शीर्ष पंक्ति पर अंत से तीसरा है"},{"start":39.14,"end":42.08,"text":"लेकिन ऊपरी बाईं तरफ ऐप लॉन्चर पर भी क्लिक करें"},{"start":42.08,"end":44.2,"text":"रूबिक की क्यूब की तरह दिखने वाली चीज"},{"start":44.3,"end":46.7,"text":"और आप इसमें टीम्स भी देखेंगे"},{"start":46.94,"end":47.33,"text":"ठीक है"},{"start":47.33,"end":48.36,"text":"यह भी वहीं जाता है"},{"start":48.38,"end":49.74,"text":"चलो बस आगे बढ़ो और उस पर क्लिक करें"},{"start":52.22,"end":55.04,"text":"ठीक है, यह पहली बार जब आप माइक्रोसॉफ्ट टीम्स में चले गए हैं"},{"start":55.04,"end":57.62,"text":"तो यह आपको अपनी पहली टीम बनाने के लिए कह रहा है।"},{"start":58.28,"end":60.2,"text":"आम तौर पर अगर कोई पहली बार इसका उपयोग कर रहा है"},{"start":60.22,"end":63.18,"text":"तो सिर्फ परीक्षण के तौर पर एक टीम बनाना एक अच्छा विचार है"},{"start":63.44,"end":65.16,"text":"मैं अब के लिए इस स्टेप को छोड़ना चाहता हूं"},{"start":65.16,"end":67.1,"text":"बिल्कुल नीचे, यहां यह कह रहा है 'स्किप दिस स्टेप'"},{"start":67.68,"end":68.66,"text":"आगे बढ़िए, उसे चुनिए"},{"start":68.9,"end":69.4,"text":"ठीक है"},{"start":71.56,"end":73.099,"text":"और यहां हम टीम्स इंटरफ़ेस में हैं"},{"start":73.22,"end":75.48,"text":"यह आपको टीम्स के बारे में कुछ परिचय दे रहा है"},{"start":75.48,"end":77.64,"text":"तो इससे आगे बढ़ते हैं और इसे फ्लिप करते हैं"},{"start":78.28,"end":79.96,"text":"टीम्स आपकी टीम को एक साथ ला सकते हैं"},{"start":80.16,"end":81.86,"text":"आप समूह से वन ऑन वन चैट कर सकते हैं"},{"start":82.2,"end":83.78,"text":"आप ऑनलाइन बैठकों के साथ जुड़ सकते हैं"},{"start":84,"end":88.08,"text":"आप एक ही स्थान पर फाइल, नोट्स, ऐप और अधिक उपयोग कर सकते हैं"},{"start":88.72,"end":89.42,"text":"और हम तैयार हैं"},{"start":89.99,"end":91.28,"text":"तो चलो चलें"},{"start":92.57,"end":93.98,"text":"तो यह टीम इंटरफ़ेस है"},{"start":94.01,"end":95.68,"text":"और आप वेब एप से इसका इस्तेमाल कर रहे हैं"},{"start":95.72,"end":96.91,"text":"आपके पीसी पर कुछ भी नहीं है"},{"start":96.92,"end":98.29,"text":"यह पूरी तरह से वेब से है"},{"start":98.63,"end":100.7,"text":"और यह बहुत अच्छी तरह से काम करता है"},{"start":101.2,"end":102.64,"text":"सभी फीचर्स अभी काम नहीं कर रहे हैं"},{"start":102.68,"end":104.72,"text":"खासकर अभी जब हम इसे फिल्मा रहे हैं"},{"start":104.72,"end":106.52,"text":"ऑडियो और वीडियो कॉल काम नहीं करते हैं"},{"start":106.76,"end":108.34,"text":"कुछ अन्य सुविधाएं भी काम नहीं करती हैं"},{"start":108.59,"end":110.21,"text":"लेकिन ज्यादातर सब कुछ काम करता है"},{"start":110.6,"end":112.1,"text":"अब हम आगे चलते हैं"},{"start":112.1,"end":114.62,"text":"और डेस्कटॉप एप्लिकेशन को इस पीसी पर डाउनलोड करते हैं"},{"start":114.94,"end":116.2,"text":"अब दो तरह से आप ऐसा कर सकते हैं"},{"start":116.63,"end":118.73,"text":"चूंकि यह जानता है कि आपके पास यह इस पीसी पर नहीं है"},{"start":118.76,"end":121.22,"text":"इसलिए आप नोटिस करें कि शीर्ष पर बड़ा नीला बैनर दिखा रहा है"},{"start":121.48,"end":124.1,"text":"यह कहता हैं, \"क्या एक और भी अधिक सहयोगात्मक अनुभव चाहते हैं?"},{"start":124.16,"end":125.32,"text":"डेस्कटॉप ऐप डाउनलोड करें"},{"start":125.32,"end":127.1,"text":"आप वहां डाउनलोड बटन पर क्लिक कर सकते हैं"},{"start":128.09,"end":129.89,"text":"लेकिन मान लीजिए कि आप ने उस हिस्से को छोड़ दिया"},{"start":130.13,"end":131.55,"text":"और बाद में आप इस पर वापस आना चाहते हैं"},{"start":131.56,"end":133.76,"text":"आगे बढ़िए और उस छोटे बैनर को बंद करने के लिए वहां \"एक्स\" पर क्लिक करें"},{"start":133.76,"end":135.66,"text":"और मैं आपको वहां तक पहुंचने का दूसरा तरीका दिखाऊंगा"},{"start":136.36,"end":137.8,"text":"निचले हिस्से में"},{"start":137.8,"end":139.12,"text":"आपके पास होगा जो कहलाता है अकाउंट मैन्यू"},{"start":139.52,"end":140.509,"text":"उस पर आपका आद्याक्षर है"},{"start":140.585,"end":141.085,"text":"छोटे ग्रे सर्कल पर"},{"start":141.63,"end":142.73,"text":"उस पर क्लिक करें"},{"start":143.64,"end":145.309,"text":"और आप नीचे की तरफ ध्यान देंगे कि दो लिंक हैं"},{"start":145.67,"end":147.019,"text":"डेस्कटॉप ऐप को डाउनलोड करने के लिए"},{"start":147.26,"end":148.13,"text":"या मोबाइल ऐप"},{"start":148.5,"end":150.34,"text":"हम डेस्कटॉप पर हैं, इसलिए हम डेस्कटॉप ऐप डाउनलोड करना चाहते हैं"},{"start":150.46,"end":152.06,"text":"तो आगे बढ़िए और उस पर क्लिक करें"},{"start":154.77,"end":155.78,"text":"और आगे बढ़ें , रन का चयन करें"},{"start":155.79,"end":157.77,"text":"और यह आपके पीसी पर इंस्टॉल होना शुरू हो जाएगा"},{"start":158.21,"end":159.749,"text":"अब हम देखते हैं कि आपको बहुत सारे संदेश मिल गए हैं"},{"start":160.14,"end":162.88,"text":"अचानक से टी-बॉट नाम से जब हम वही थे"},{"start":162.88,"end":165.28,"text":"हम आने वाले मॉड्यूल में टी-बॉट के बारे में बात करेंगे"},{"start":165.74,"end":167.48,"text":"इस बीच जब तक यह आपके पीसी में स्थापित हो रहा है"},{"start":167.52,"end":169.12,"text":"तब तक इसे मेरे पीसी में देखते हैं"},{"start":169.54,"end":170.12,"text":"अब"},{"start":170.4,"end":172.92,"text":"जब आप इसे खोलते हैं, तो टीम्स, जहां आपने छोड़ दिया था वहीं से शुरू करता है"},{"start":172.92,"end":175.34,"text":"शायद मैंने इस कोर्स के विकास चैनल में छोड़ा होगा"},{"start":175.42,"end":176.74,"text":"हम उस बारे में थोड़ा देर में बात करेंगे"},{"start":177.02,"end":178.98,"text":"लेकिन सिर्फ आपको इंटरफ़ेस का दौरा कराने के लिए"},{"start":178.98,"end":180.22,"text":"ऊपरी बाएं भाग से शरू करते हैं"},{"start":180.69,"end":182.309,"text":"तो ऊपर बाएं तरफ हमारे पास कुछ है जिसे कहते हैं"},{"start":182.58,"end":183.24,"text":"एक्टिविटी"},{"start":183.87,"end":186.12,"text":"और एक्टिविटी के वास्तव में तीन अनुभाग हैं"},{"start":186.48,"end":187.98,"text":"पहला भाग फ़ीड है"},{"start":188.36,"end":192.28,"text":"यह आपके फेसबुक या लिंक्डइन या कुछ इसी प्रकार की समाचार फ़ीड की तरह है"},{"start":192.28,"end":193.2,"text":"यह आपको क्या दिखा रहा है"},{"start":193.53,"end":195.239,"text":"यह आपको किसी भी टिप्पणी को दिखा रहा है"},{"start":195.57,"end":197.129,"text":"किसी भी टीम में  किसी भी स्थान पर किए गए"},{"start":197.54,"end":199.08,"text":"या तो कोई भी चैट सत्र"},{"start":199.08,"end":200.82,"text":"जहां वे या तो आप का उल्लेख करते हैं"},{"start":201.36,"end":203.86,"text":"या उन्होंने उन टिप्पणियों का जवाब दिया जो आपने टिप्पणी की थी"},{"start":203.86,"end":205.24,"text":"इसलिए आप देख सकते हैं कि जेनिफर ने"},{"start":205.38,"end":207.14,"text":"मेरा उल्लेख किया है या मेरी टिप्पणियों का उत्तर दिया है"},{"start":207.26,"end":208.08,"text":"तीन बार"},{"start":208.92,"end":210.32,"text":"मैंने कहा था कि तीन अनुभाग हैं"},{"start":210.32,"end":212.82,"text":"बाकी सभी इस छोटे से ड्रॉप डाउन मेनू में हैं"},{"start":212.82,"end":215.54,"text":"मैं अपनी टीम की गतिविधि को भी देख सकता हुं"},{"start":216.98,"end":219.32,"text":"और यह मुझे दिखा रहा है कि जो कुछ भी हुआ है"},{"start":219.68,"end":220.94,"text":"मेरी किसी भी टीम में"},{"start":220.94,"end":222.98,"text":"उल्टे अनुक्रमिक क्रम में"},{"start":223.28,"end":224.059,"text":"ताकि मैं वापस जाकर देख सकूं"},{"start":224.3,"end":226.33,"text":"अगर मुझे यह देखना है कि पिछले कुछ दिनों में क्या हुआ है"},{"start":226.34,"end":227.75,"text":"तो मैं वापस जाकर इनमें से किसी पर क्लिक कर सकता हूं"},{"start":228.14,"end":231.36,"text":"और मुझे उस टीम में उस बातचीत में ले जाया जाएगा"},{"start":231.44,"end":233.84,"text":"और फिर हम इस पर थोड़ा और विस्तार से बात करेंगे"},{"start":234.2,"end":236.22,"text":"तीसरे भाग में मेरी गतिविधि/ एक्टिविटी है"},{"start":237.6,"end":239.01,"text":"और यह आपको उन चीजों को दिखाता है"},{"start":239.61,"end":241.26,"text":"जो आपने किए हैं, इस मामले में मैंने जो किया है"},{"start":241.88,"end":242.52,"text":"हाल ही में,"},{"start":242.64,"end":245.06,"text":"इसलिए मैं ये पोस्टिंग देख सकता हूं जो मैंने किए थे"},{"start":245.4,"end":247.23,"text":"मैंने इस कोर्स के विकास चैनल में पोस्ट किया था"},{"start":247.7,"end":250.52,"text":"मैंने विकास कोर्स मैं बहुत पोस्ट किया है"},{"start":250.76,"end":253.12,"text":"मैंने सामान्य चैनल में एक बात पोस्ट की है"},{"start":256.84,"end":257.54,"text":"और इसी तरह"},{"start":257.54,"end":258.46,"text":"अगर मैं इन पर क्लिक करता हूं,"},{"start":258.46,"end":260.54,"text":"तो मुझे सीधे उन पर ले जाता है चाहे वे किसी भी चैनल में हों"},{"start":260.92,"end":262.589,"text":"अब, अगर मैं अपनी फ़ीड पर वापस जाता हूं"},{"start":263.73,"end":265.28,"text":"एक बार जब आप वास्तव में इसका उपयोग करने लगेंगे"},{"start":265.28,"end":266.88,"text":"खासकर यदि आप ऐसे संगठन हैं"},{"start":266.88,"end":268.42,"text":"जिसमें हज़ारों हजार उपयोगकर्ता हैं"},{"start":268.76,"end":270.84,"text":"तो यहां बहुत सारी जानकारी हो सकती है"},{"start":270.84,"end":272.38,"text":"तो आप फ़िल्टर कर सकते हैं"},{"start":272.4,"end":273.78,"text":"यहां इस फिल्टर बटन के साथ"},{"start":274.16,"end":277.8,"text":"इसलिए आप न केवल नही पढ़ी गई सूचनाओं को ही देखना चुन सकते हैं"},{"start":277.8,"end":279.36,"text":"केवल उन समय को देखें जब आप का उल्लेख हुआ है"},{"start":279.57,"end":280.76,"text":"इस मामले में सिर्फ एक ही है"},{"start":281.45,"end":283.14,"text":"मैं \"एक्स\" पर क्लिक करके इसे निकाल सकता हूं"},{"start":283.74,"end":285.69,"text":"या मैं सिर्फ रिप्लाई देखना चाहता हूं"},{"start":286.62,"end":287.79,"text":"जो इस मामले में एक भी नहीं है"},{"start":289.21,"end":290.919,"text":"मैं सिर्फ उन लोगों को देखना चुन सकता हूँ जिनका मैं अनुसरण कर रहा हूं"},{"start":291.36,"end":293.1,"text":"या बस उन लोगों को देख सकता हूं जिन्होंने मेरे पोस्ट को लाइक किया है।"},{"start":294.4,"end":297,"text":"आप देख रहे हैं कि मेरे पास ऊपर यह सर्च बॉक्स भी है"},{"start":297.56,"end":300.26,"text":"अब यह सिर्फ एक्टिविटी अनुभाग की खोज नहीं कर रहा है"},{"start":300.46,"end":302.9,"text":"यह वास्तव में सभी माइक्रोसॉफ्ट टीम्स की तलाश कर रहा है"},{"start":303.2,"end":304.48,"text":"इसलिए मैं यहां जो भी कुछ लिखूं"},{"start":304.88,"end":306.199,"text":"अगर मैं \"जेनिफर\" लिखता हूं"},{"start":307.04,"end":308.44,"text":"उदाहरण के लिए"},{"start":310.85,"end":312.71,"text":"तो मुझे जेनिफर द्वारा की गई कोई भी टिप्पणी दिखाई देगी"},{"start":312.73,"end":314.359,"text":"मैं वो टिप्पणी भी देख सकता हूं जो किसी और ने की है"},{"start":314.66,"end":315.98,"text":"और जिसने जेनिफर शब्द का इस्तेमाल किया है"},{"start":316.87,"end":319.55,"text":"और यदि मैं इमोजी शब्द का खोज करता हूं"},{"start":320.12,"end":321.619,"text":"तो मैं देख रहा हूं कि उसने इमोजी शब्द एक पोस्ट में इस्तेमाल किया है"},{"start":321.98,"end":323.93,"text":"और मैं उस पर क्लिक करके सीधा उस पोस्ट पर जा सकता हूं।"},{"start":325.31,"end":326.75,"text":"तो अगर मैं"},{"start":327.82,"end":328.64,"text":"किसी को लक्षित करना चाहती हूं"},{"start":328.64,"end":329.88,"text":"या किसी का नाम उजागर करना चाहती हूं"},{"start":330.18,"end":331.96,"text":"तो क्या मुझे उसी \"@\" चिह्न का उपयोग करना होगा"},{"start":332.16,"end":333.26,"text":"जो मैं सोशल मीडिया पर करती हूं"},{"start":333.34,"end":335.82,"text":"बिल्कुल। हम इस बारे में भी जरूर बात करेंगे"},{"start":336.14,"end":337.46,"text":"हालांकि यह ठीक उसी तरह से काम करता है।"},{"start":338.36,"end":339.949,"text":"चलिए आगे बढ़ते हैं और शेष इंटरफेस को दिखाते हैं"},{"start":340.19,"end":342.11,"text":"मैं इस सर्च को बंद कर देता हुं"},{"start":342.13,"end":343.819,"text":"लेकिन यहां पर बाएं हाथ की तरफ चलते हुए देखते हैं"},{"start":344.15,"end":345.53,"text":"हम एक्टिविटी में थे"},{"start":345.55,"end":346.58,"text":"अगर हम चैट की तरफ जाते हैं"},{"start":346.94,"end":349.19,"text":"तो यह वह जगह है जहां हमारे पास निजी बातचीत होगी"},{"start":349.48,"end":351.44,"text":"ये वार्तालाप हैं जो और कोई नहीं देख सकते हैं"},{"start":351.44,"end":353.36,"text":"केवल बातचीत में शामिल लोगों को छोड़कर"},{"start":353.38,"end":354.94,"text":"क्योंकि अन्यथा आप खुद से बात कर रहे हैं"},{"start":355.01,"end":355.76,"text":"और इसका कोई मतलब नहीं है"},{"start":356.51,"end":357.649,"text":"आप व्यक्तिगत लोगों से बात कर सकते हैं"},{"start":358.01,"end":359.72,"text":"आप लोगों के समूह से बात कर सकते हैं"},{"start":359.93,"end":362,"text":"शायद दो या तीन सहयोगियों से जिनसे आप बात करना चाहते हैं।"},{"start":362.57,"end":364.19,"text":"आप चैट बाट से भी बात कर सकते हैं"},{"start":364.43,"end":366.199,"text":"आप नीचे कुछ चैट बॉट्स देख सकते हैं"},{"start":366.38,"end":368.62,"text":"हम इस बारे में थोड़ी देर में बात करने जा रहे हैं"},{"start":368.74,"end":370,"text":"अब जब मैं इस चैट सत्र में हूं"},{"start":370.12,"end":372.54,"text":"तो मैं यहाँ जो देख रहा हूं वह अलग-अलग वार्तालाप हैं"},{"start":372.68,"end":373.34,"text":"जो चल रहे हैं;"},{"start":373.42,"end":376.24,"text":"लोगों या व्यक्तियों के विभिन्न समूहों जिनसे मैं बात कर रहा हूँ"},{"start":376.46,"end":378.1,"text":"तो यह मेरी जेनिफर के साथ चैट है"},{"start":378.26,"end":379.58,"text":"यह एरोन के साथ मेरी चैट है"},{"start":379.91,"end":381.26,"text":"यह रॉन के साथ मेरी चैट है"},{"start":381.62,"end":383.54,"text":"और मैं आगे और पीछे यह देखने के लिए क्लिक कर सकता हूं"},{"start":383.99,"end":385.1,"text":"कि ये अलग-अलग कौन से हैं"},{"start":385.52,"end":387.96,"text":"तो मैं \" कन्वर्सेशन\" को वहां पर रेखांकित देख सकती हूं"},{"start":387.96,"end":388.86,"text":"इसका क्या मतलब है"},{"start":388.88,"end":390.48,"text":"मैं अन्य शीर्षकों को देख रही हूं"},{"start":391.04,"end":395.3,"text":"हाँ। इसलिए मूल रूप से इन चैट्स में से प्रत्येक के लिए अलग-अलग अनुभाग हैं"},{"start":395.54,"end":397.64,"text":"तो अगर मैं चलो, जेनेफ़र की बातचीत करने जा रहा हूं"},{"start":398.39,"end":399.859,"text":"वार्तालाप सेक्शन में, मैं देख रहा हूं"},{"start":400.3,"end":402.7,"text":"उन सभी संदेशों को जो हमने एक दूसरे को भेजे हैं"},{"start":402.7,"end":403.82,"text":"इसके अलावा आप देख सकते हैं कि हम इमोजी"},{"start":404.07,"end":404.839,"text":"और .गिफ्स"},{"start":405.26,"end":406.22,"text":"और सभी प्रकार की चीजें भेज सकते हैं"},{"start":406.76,"end":407.96,"text":"हम फाइलें भी भेज सकते हैं"},{"start":408.41,"end":409.67,"text":"अब हम इस मामले में ऐसा नहीं किया है"},{"start":409.7,"end":412.4,"text":"लेकिन अगर हममें से किसी एक ने एक दूसरे को कोई फाइल भेजी होती"},{"start":412.4,"end":413.5,"text":"तो वे यहां होती"},{"start":414.2,"end":415.88,"text":"यहाँ एक संगठन टैब भी है"},{"start":415.9,"end":417.7,"text":"अब, एक छोटे व्यवसाय में"},{"start":417.7,"end":419.2,"text":"यह आमतौर पर काम नहीं करेगा"},{"start":419.2,"end":423.56,"text":"क्योंकि इसके लिए यह आवश्यक है कि ऑफिस 365 में यह जानकारी दर्ज की गई है"},{"start":424.76,"end":426,"text":"कि आप किसको रिपोर्ट करते हैं"},{"start":426.14,"end":427.61,"text":"और कौन आपको रिपोर्ट करता है"},{"start":428,"end":428.76,"text":"तो मैं आगे गया"},{"start":428.8,"end":430.62,"text":"और मैंने ऐसा किया कि एरोन के साथ,"},{"start":430.65,"end":431.48,"text":"आप देख सकते हैं"},{"start":431.98,"end":433.43,"text":"तो अगर हम एरोन के टैब पर जाते हैं"},{"start":433.82,"end":434.98,"text":"और संगठन में जाते हैं"},{"start":435.95,"end":437.57,"text":"तो आप देख सकते हैं कि वह मुझे रिपोर्ट करता है"},{"start":438.2,"end":440.09,"text":"और उसे डेनियल रिपोर्ट करता है"},{"start":440.12,"end":442.04,"text":"और उनके पास कई रिपोर्टर हो सकते हैं जो उसे रिपोर्ट कर रहे हैं"},{"start":442.08,"end":442.82,"text":"यहाँ नीचे"},{"start":443.26,"end":445.48,"text":"इसका लाभ कभी-कभी होता है यदि आप एक बड़े संगठन में होते हैं"},{"start":445.48,"end":447.88,"text":"तो आपको हमेशा पता नहीं होता कि कौन किसके लिए काम करता है"},{"start":447.88,"end":449.94,"text":"और उसका संगठन में क्या स्थान है"},{"start":450.8,"end":453.76,"text":"यदि यह जानकारी आपके I.T. कर्मचारी द्वारा भरी पड़ी है"},{"start":454.1,"end":455.16,"text":"तो आप देख सकेंगे"},{"start":455.21,"end":456.35,"text":"आप जानते हैं, कि वे किसके लिए काम करते हैं"},{"start":456.69,"end":457.849,"text":"और ध्यान में रहे मैं उन लोगों तक पहुंच सकता हूं"},{"start":458,"end":458.809,"text":"और उनसे संपर्क भी कर सकता हूं"},{"start":459.035,"end":460.129,"text":"तो अगर मैं एरोन को फोन करना चाहता हूं"},{"start":460.54,"end":461.96,"text":"और एरोन के साथ एक वीडियो कॉल शुरू करना चाहता हूं"},{"start":462.02,"end":462.93,"text":"उसे ईमेल करना चाहता हूं"},{"start":463.25,"end":464,"text":"तो, मैं ऐसा कर सकता हूं"},{"start":464.45,"end":466.19,"text":"मैं \"चिप\" पर क्लिक करके ऐसा कर सकता हूं"},{"start":466.78,"end":470.14,"text":"और मैं चैट संदेश, ई-मेल, एक टेलीफोन कॉल कर सकता हूं"},{"start":470.42,"end":471.1,"text":"मेरे मामले में"},{"start":471.35,"end":473.029,"text":"मैं खुद को कॉल कर रहा हूं"},{"start":473.3,"end":473.84,"text":"इसलिए शायद व्यस्त बताएगा"},{"start":475.36,"end":477.039,"text":"एक्टिविटी आपको वह चीज़ दिखाती है"},{"start":477.19,"end":478.32,"text":"जो व्यक्ति ने हाल ही में किया है"},{"start":478.4,"end":479.28,"text":"चलिए वापस जेनिफर पर जाते हैं"},{"start":479.28,"end":481.4,"text":"अगर हम \" एक्टिविटी\" पर क्लिक करते हैं"},{"start":481.98,"end":484.58,"text":"तो हम देख सकते हैं कि वह हाल ही में कुछ अलग चैनलों में पोस्ट कर रही है"},{"start":484.58,"end":486.98,"text":"तो अगर मैं देखना चाहता हूं कि उस व्यक्ति ने हाल ही में क्या किया है"},{"start":487.06,"end":488.68,"text":"मूल रूप से \" एक्टिविटी\" हमारे लिए वह काम करता है"},{"start":489.7,"end":490.88,"text":"अब एक सामान्य व्यक्ति पर"},{"start":490.9,"end":492.1,"text":"वो आपके पास हैं"},{"start":492.13,"end":493.6,"text":"तो हम उदाहरण के लिए रॉन को देखते हैं"},{"start":494.04,"end":495.6,"text":"तो ये वह हैं जिनके साथ आप ज्यादातर शुरुआत करते हैं"},{"start":495.72,"end":496.5,"text":"आप हमेशा बातचीत करते हैं"},{"start":496.68,"end":497.76,"text":"आपके पास हमेशा फ़ाइलें हैं"},{"start":498.205,"end":499.029,"text":"आपके पास हमेशा संगठन है"},{"start":499.615,"end":500.619,"text":"आपके पास हमेशा एक्टिविटी है"},{"start":501.28,"end":502.929,"text":"और फिर आपके पास यह प्लस बटन है"},{"start":503.23,"end":505.06,"text":"जहां आप अतिरिक्त टैब जोड़ सकते हैं"},{"start":505.6,"end":506.859,"text":"इसलिए इस मामले में"},{"start":507.16,"end":509.54,"text":"चैट के साथ हमारे पास अभी दो विकल्प हैं"},{"start":509.54,"end":511.98,"text":"हम एक पावर बीआई डैशबोर्ड जोड़ सकते हैं"},{"start":511.98,"end":513.2,"text":"या हम एक वेब साइट जोड़ सकते हैं"},{"start":513.48,"end":514.509,"text":"और यदि हम किसी वेब साइट को जोड़ते हैं"},{"start":514.84,"end":518.78,"text":"तो यह हमसे वेबसाइट और यूआरएल का नाम पूछता है।"},{"start":518.96,"end":520.5,"text":"और मैंने यह वास्तव में जेनिफर पर किया था"},{"start":520.78,"end":522.279,"text":"वह हमारे लिए वीडियो संपादन करती है,"},{"start":522.44,"end":524.249,"text":"इसलिए उसकी तरफ देख सकते हैं कि"},{"start":524.25,"end":525.24,"text":"मैंने एक वेबसाइट जोड़ा है"},{"start":525.94,"end":528.26,"text":"और वेबसाइट वास्तव में उसके यूट्यूब चैनल का एक लिंक है"},{"start":528.26,"end":529.2,"text":"जब मैं उस पर क्लिक करता हूं"},{"start":529.48,"end":532.14,"text":"तो मैं चैट के अंदर ही वेब साइट देख सकता हूं"},{"start":532.54,"end":534.42,"text":"इसलिए यदि किसी की एक वेब साइट है"},{"start":534.43,"end":535.449,"text":"जो उनसे संबंधित है"},{"start":535.75,"end":537.489,"text":"या यदि वह किसी वार्तालाप से संबंधित है"},{"start":537.58,"end":539.66,"text":"तो आप उस पर दोबारा उल्लेख करना चाहते हैं"},{"start":540.06,"end":541.9,"text":"तो आप उस वेब साइट को जोड़ सकते हैं"},{"start":541.93,"end":543.79,"text":"अपने चैट में एक अलग टैब के रूप में"},{"start":544.88,"end":546.52,"text":"ध्यान दें कि जब हम यहां हैं, तो हमारे पास"},{"start":546.52,"end":548.38,"text":"उस व्यक्ति को स्टार करने की क्षमता भी है"},{"start":548.59,"end":550.45,"text":"इसका मतलब यह है कि वे आपके पसंदीदा/ फेवरेट/ में दिखेंगे"},{"start":550.59,"end":551.319,"text":"तो आप बाईं तरफ यहां पर देख सकते हैं"},{"start":551.47,"end":552.88,"text":"मेरे पास फेवरेट के लिए एक सेक्शन है"},{"start":553.18,"end":554.5,"text":"और फिर रीसेंट के लिए एक सेक्शन है"},{"start":555.16,"end":557.14,"text":"मेरे फेवरेट जेनिफर और एरोन हैं"},{"start":557.14,"end":558.38,"text":"और अन्य रॉन हैं"},{"start":558.38,"end":559.32,"text":"और फिर दो बॉट्स"},{"start":559.48,"end":561.49,"text":"अब संगठन में बहुत से लोग हैं"},{"start":561.55,"end":562.299,"text":"और हम देखेंगे कि मैं उनके साथ कैसे चैट कर सकता हूं"},{"start":562.54,"end":564.01,"text":"बाद के मॉड्यूल में"},{"start":564.58,"end":565.969,"text":"शीर्ष दाईं ओर भी यहां नोटिस करें"},{"start":566.13,"end":567.869,"text":"और देखें कि हमारे पास आइकन हैं"},{"start":568.1,"end":568.989,"text":"व्यक्ति के साथ वीडियो कॉल शुरू करने के लिए"},{"start":569.32,"end":570.55,"text":"एक ऑडियो कॉल शुरू करने"},{"start":570.82,"end":572.95,"text":"या इस चैट में अतिरिक्त लोगों को जोड़ने के लिए"},{"start":573.19,"end":575.02,"text":"और हम इसके बारे में बाद के मॉड्यूल में बात करेंगे"},{"start":575.41,"end":577.48,"text":"शायद माइक्रोसॉफ्ट टीम्स का सबसे महत्वपूर्ण हिस्सा"},{"start":577.51,"end":578.65,"text":"टीम्स है"},{"start":579.92,"end":582.38,"text":"तो टीम्स एक ऐसी जगह है जहां हम एक टीम बना सकते हैं"},{"start":582.38,"end":583.74,"text":"एक टीम एक ऐसा समूह है जो"},{"start":583.83,"end":585.63,"text":"एक सहयोग इंटरफ़ेस साझा/ शेयर करती है"},{"start":586.34,"end":588.96,"text":"और फिर प्रत्येक टीम के अंदर हमारे पास अलग-अलग चैनल होते हैं"},{"start":589.38,"end":592.02,"text":"अब हर टीम \" जनरल\" नामक चैनल के साथ शुरू होती है"},{"start":592.44,"end":594.06,"text":"आप इसे बदल नहीं सकते हैं, आप इसे हटा नहीं सकते"},{"start":594.27,"end":595.289,"text":"लेकिन आप अतिरिक्त चैनल जोड़ सकते हैं"},{"start":595.76,"end":598.2,"text":"तो आपके पास उन लोगों का समूह हो सकता है जिनके साथ आप काम कर रहे हैं"},{"start":598.2,"end":600.76,"text":"हो सकता है कि आप वीडियो प्रोडक्शन प्रोजेक्ट पर काम कर रहे हों"},{"start":600.98,"end":604.46,"text":"लेकिन कुछ बातचीत का संबंध कंटेंट से है"},{"start":604.62,"end":607.02,"text":"और कुछ वार्तालाप का संबंध वितरण के साथ है"},{"start":607.08,"end":609.9,"text":"और कुछ वार्तालाप का संबंध अभिनेताओं की भर्ती करने के साथ है"},{"start":610.08,"end":610.58,"text":"या जो भी हो"},{"start":610.58,"end":612.8,"text":"और आप उन वार्तालापों को अलग रखना चाहते हैं"},{"start":613.17,"end":614.28,"text":"चैनल्स इसीलिए है"},{"start":614.61,"end":617.04,"text":"लोगों के समान समूह की अलग-अलग बातचीत"},{"start":617.82,"end":618.869,"text":"ध्यान दें कि प्रत्येक चैनल के अंदर"},{"start":619.29,"end":620.639,"text":"मेरे पास शीर्ष पर समान टैब्स हैं"},{"start":620.91,"end":621.959,"text":"इसलिए मेरे पास फिर से  कन्वर्सेशन है"},{"start":622.185,"end":623.34,"text":"मेरे पास फिर से फाइल है"},{"start":623.66,"end":626.1,"text":"इस मामले में इस समूह में फाइलें जोड़ी गई हैं"},{"start":626.1,"end":627.4,"text":"हम यह बाद में देखेंगे कि आप ऐसा कैसे कर सकते हैं"},{"start":628.02,"end":629.01,"text":"एक विकी भी है"},{"start":629.02,"end":630.24,"text":"हम उसे भी थोड़ी देर बाद देखेंगे"},{"start":630.75,"end":632.39,"text":"और हम यहां टैब भी जोड़ सकते हैं"},{"start":632.41,"end":634.38,"text":"हमारे पास और भी बहुत कुछ जोड़ने के काफी सारे विकल्प है"},{"start":634.65,"end":635.82,"text":"हम उन सब को बाद में भी देखेंगे"},{"start":638.38,"end":639.129,"text":"नीचे जाते हैं"},{"start":639.355,"end":640.39,"text":"हमारे पास \" मीटिंगस्\" हैं"},{"start":640.66,"end":642.46,"text":"यह वह जगह है जहां आप मीटिंग को शेड्यूल कर सकते हैं"},{"start":642.54,"end":643.98,"text":"अपनी टीम के भीतर होने के लिए"},{"start":644.41,"end":645.4,"text":"अपने चैनल के अंदर"},{"start":645.73,"end":646.599,"text":"यह एक ऑडियो सम्मेलन"},{"start":647.11,"end":648.14,"text":"वीडियो सम्मेलन स्क्रीन"},{"start":648.22,"end":649.06,"text":"शेयरिंग सत्र"},{"start":649.44,"end":650.34,"text":"इनमें से कोई भी हो सकता है"},{"start":650.34,"end":652.86,"text":"और यह वास्तव में सभी के माइक्रोसॉफ्ट आउटलुक के साथ एकीकृत हो सकता है"},{"start":652.97,"end":654.82,"text":"यह हर किसी के शेड्यूल पर रखेगा"},{"start":655.03,"end":656.53,"text":"और यह सुनिश्चित करेगा कि कोई भी बैठक को भूल न जाए"},{"start":657.37,"end":658.96,"text":"अंत में हमारे पास एक फ़ाइल अनुभाग है"},{"start":659.26,"end":660.669,"text":"यह वह जगह है जहां मैं फाइल्स देख सकता हूं"},{"start":661.15,"end":662.139,"text":"जो मेरी टीम में है"},{"start":662.56,"end":663.55,"text":"या मेरी किसी चैट में है"},{"start":663.58,"end":664.209,"text":"इससे कोई फर्क नहीं पड़ता कि वे कहाँ हैं"},{"start":664.45,"end":665.89,"text":"मैं उन्हें यहाँ से देख सकता हूँ"},{"start":667.08,"end":669.6,"text":"अंत में, सूची के अंत में जाते हुए मेरे पास एक फीडबैक आइकन है"},{"start":670,"end":672.18,"text":"यह वह जगह है जहां में वास्तव में प्रतिक्रिया दे सकता हूं माइक्रो सॉफ्ट को"},{"start":672.34,"end":673.76,"text":"उन चीजों के बारे में जिनका मैं सुधार चाहता हूं"},{"start":673.78,"end":674.8,"text":"माइक्रो सॉफ्ट टीम्स में"},{"start":675.18,"end":676.74,"text":"टीम्स अभी भी एक बहुत ही नया कार्यक्रम हैं"},{"start":676.74,"end":679.56,"text":"इसलिए वे इसे बेहतर बनाने के लिए फीडबैक के लिए बहुत तैयार रहते है"},{"start":680.46,"end":682.54,"text":"निचले हिस्से में मेरे पास अपना अकाउंट आइकन है"},{"start":682.6,"end":683.42,"text":"आपने अपने पर यह देखा"},{"start":683.5,"end":685.84,"text":"और हम इसे अपने डेस्कटॉप ऐप को डाउनलोड करने के लिए इस्तेमाल किया था"},{"start":686.28,"end":687.38,"text":"और यहाँ मैं कुछ चीजें कर सकता हूं"},{"start":687.48,"end":688.66,"text":"मैं अपना चित्र बदल सकता हूँ"},{"start":689.17,"end":691.44,"text":"मेरे पास एक से अधिक टीम्स अकाउंट हो सकते हैं"},{"start":691.62,"end":692.78,"text":"और मेरे मामले में, मेरे पास है"},{"start":692.78,"end":696.42,"text":"क्योंकि मेरा अपना अकाउंट है, हमारा आंतरिक संगठन अकाउंट है"},{"start":696.42,"end":699.26,"text":"मैं किसी और के अकाउंट पर भी अतिथि/ गेस्ट हूं"},{"start":699.46,"end":701.12,"text":"और इसलिए मैं यहां पर स्विच कर सकता हूं"},{"start":701.13,"end":702.53,"text":"और हम इसे थोड़ी देर बाद भी देखेंगे"},{"start":703.85,"end":704.589,"text":"मेरे पास मेरी उपस्थिति सूचक/ प्रेजेंस इंडिकेटर है"},{"start":705,"end":706.92,"text":"इसलिए मैं लोगों को बता सकता हूं कि यदि मैं उपलब्ध या व्यस्त हूं"},{"start":706.92,"end":707.72,"text":"हम उस पर बाद में देखेंगे"},{"start":708.74,"end":709.519,"text":"मैं चीजों को सेव कर सकता हूं"},{"start":709.85,"end":710.509,"text":"मैं वार्तालापों को सेव कर सकता हूं"},{"start":711.38,"end":712.729,"text":"या चैट्स सेव कर सकता हूं और वे यहां दिखाई देंगे"},{"start":712.94,"end":714.77,"text":"इस समय मेरे पास कोई सेवड चैट नहीं है"},{"start":714.78,"end":715.28,"text":"मेरे ख्याल से"},{"start":717.23,"end":718.5,"text":"और अंत में, मेरे पास कुछ सेटिंग्स हैं"},{"start":718.51,"end":719.71,"text":"मेरे पास हेल्प और शॉर्टकट हैं"},{"start":720.07,"end":721.299,"text":"मैं अपने डेस्कटॉप ऐप को अपडेट कर सकता हूं"},{"start":721.48,"end":722.77,"text":"और निश्चित रूप से मोबाइल ऐप डाउनलोड कर सकता हूं"},{"start":722.8,"end":723.94,"text":"और निश्चित रूप से मैं लॉग आउट कर सकता हूं"},{"start":725.1,"end":726.88,"text":"अब, मुझे यह भी उल्लेख करना चाहिए कि"},{"start":727.36,"end":728.41,"text":"बहुत सी सुविधाएं"},{"start":728.44,"end":730.48,"text":"और टीम्स खुद बहुत ही निर्भर करता है"},{"start":730.56,"end":733.1,"text":"आपके आईटी व्यवस्थापक द्वारा शुरू/ समर्थन करने पर"},{"start":733.36,"end":735.92,"text":"यदि आपका I.T. प्रशासकों ने टीम्स को बिल्कुल भी सक्षम/शुरू नहीं किया है"},{"start":736.2,"end":738.82,"text":"या यदि उन्होंने टीम्स के अंदर कुछ विशेषताओं को अक्षम/बंद कर दिया है"},{"start":738.82,"end":739.78,"text":"तो जो इंटरफ़ेस आपको दिखेगा"},{"start":740.07,"end":741.95,"text":"वह यहां पर जो कुछ भी देख रहा है उससे कुछ अलग हो सकता है"},{"start":743.43,"end":743.93,"text":"यह वास्तव में मजेदार है"},{"start":744.48,"end":746.58,"text":"लेकिन मेरी टीम्स में कोई टीम्स नहीं है"},{"start":746.58,"end":747.78,"text":"मैं इसे कैसे प्राप्त करूं?"},{"start":748.32,"end":749.49,"text":"ठीक है, तो आपका अकाउंट नया है"},{"start":749.52,"end":751.72,"text":"और हमने इसे हमारे लिए एक टीम बनाने नहीं दिया"},{"start":751.72,"end":753.04,"text":"इसलिए अगले मॉड्यूल में देखें कि"},{"start":753.06,"end":755.34,"text":"आप टीम का निर्माण और प्रबंधन कैसे कर सकते हैं जिसका आप हिस्सा हैं"}]