<?xml version="1.0" encoding="utf-8"?>
<tincan xmlns:xsi="http://www.w3.org/2001/XMLSchema-instance" xmlns:xsd="http://www.w3.org/2001/XMLSchema" xmlns="http://projecttincan.com/tincan.xsd">
	<activities>
		<activity id="http://4JXvczd0TGY_course_id" type="http://adlnet.gov/expapi/activities/course">
			<name lang="und">Presenter with quizmaker quiz</name>
			<description lang="und" />
			<launch lang="und">presentation.html</launch>
		</activity>
		<activity id="http://4JXvczd0TGY_course_id/6doI8f16m371" type="http://adlnet.gov/expapi/activities/objective">
			<name lang="und">Quizmaker quiz with all question types</name>
			<description lang="und">Quizmaker quiz with all question types</description>
		</activity>
		<activity id="http://4JXvczd0TGY_course_id/258" type="http://adlnet.gov/expapi/activities/module">
			<name lang="und">End</name>
			<description lang="und">End</description>
		</activity>
		<activity id="http://4JXvczd0TGY_course_id/5nci9Sr5IbQ1" type="http://adlnet.gov/expapi/activities/module">
			<name lang="und">Results Slide</name>
			<description lang="und">Results Slide</description>
		</activity>
		<activity id="http://4JXvczd0TGY_course_id/5psOqeUAcJy1" type="http://adlnet.gov/expapi/activities/module">
			<name lang="und">Test String</name>
			<description lang="und">Test String</description>
		</activity>
		<activity id="http://4JXvczd0TGY_course_id/5psOqeUAcJy1/5n8BXdRk7fV" type="http://adlnet.gov/expapi/activities/cmi.interaction">
			<name lang="und">Test String</name>
			<description lang="und">Test String</description>
			<interactionType>choice</interactionType>
			<correctResponsePatterns>
				<correctResponsePattern>choice_5mkzookcqz9</correctResponsePattern>
			</correctResponsePatterns>
			<choices>
				<component>
					<id>choice_5mkzookcqz9</id>
					<description lang="und">True</description>
				</component>
				<component>
					<id>choice_5hmX7ykN1d5</id>
					<description lang="und">False</description>
				</component>
			</choices>
		</activity>
		<activity id="http://4JXvczd0TGY_course_id/5tUq88KPl1k1" type="http://adlnet.gov/expapi/activities/module">
			<name lang="und">testing multiple choice</name>
			<description lang="und">testing multiple choice</description>
		</activity>
		<activity id="http://4JXvczd0TGY_course_id/5tUq88KPl1k1/6iXBkcA0Wk4" type="http://adlnet.gov/expapi/activities/cmi.interaction">
			<name lang="und">testing multiple choice</name>
			<description lang="und">testing multiple choice</description>
			<interactionType>choice</interactionType>
			<correctResponsePatterns>
				<correctResponsePattern>choice_6lYigs73YEN</correctResponsePattern>
			</correctResponsePatterns>
			<choices>
				<component>
					<id>choice_6lYigs73YEN</id>
					<description lang="und">choice a</description>
				</component>
				<component>
					<id>choice_5XdPnqs9ecU</id>
					<description lang="und">choice b</description>
				</component>
				<component>
					<id>choice_61mfrpiqvNw</id>
					<description lang="und">choice c</description>
				</component>
			</choices>
		</activity>
		<activity id="http://4JXvczd0TGY_course_id/6kSI464SlAw1" type="http://adlnet.gov/expapi/activities/module">
			<name lang="und">testing multiple response</name>
			<description lang="und">testing multiple response</description>
		</activity>
		<activity id="http://4JXvczd0TGY_course_id/6kSI464SlAw1/6ax4J1hzTH6" type="http://adlnet.gov/expapi/activities/cmi.interaction">
			<name lang="und">testing multiple response</name>
			<description lang="und">testing multiple response</description>
			<interactionType>choice</interactionType>
			<correctResponsePatterns>
				<correctResponsePattern>choice_5yazs9CENlC</correctResponsePattern>
				<correctResponsePattern>choice_6WdxBTCEmHF</correctResponsePattern>
			</correctResponsePatterns>
			<choices>
				<component>
					<id>choice_5yazs9CENlC</id>
					<description lang="und">choice d</description>
				</component>
				<component>
					<id>choice_6WdxBTCEmHF</id>
					<description lang="und">choice a</description>
				</component>
				<component>
					<id>choice_6ffSDOoNRep</id>
					<description lang="und">choice c</description>
				</component>
				<component>
					<id>choice_5tgrerkcoxp</id>
					<description lang="und">choice b</description>
				</component>
			</choices>
		</activity>
		<activity id="http://4JXvczd0TGY_course_id/6XCAxGI0Vl11" type="http://adlnet.gov/expapi/activities/module">
			<name lang="und">testing fill in the blank</name>
			<description lang="und">testing fill in the blank</description>
		</activity>
		<activity id="http://4JXvczd0TGY_course_id/6XCAxGI0Vl11/5veBRif5pv5" type="http://adlnet.gov/expapi/activities/cmi.interaction">
			<name lang="und">testing fill in the blank</name>
			<description lang="und">testing fill in the blank</description>
			<interactionType>fill-in</interactionType>
		</activity>
		<activity id="http://4JXvczd0TGY_course_id/6GO4FLQ1pj51" type="http://adlnet.gov/expapi/activities/module">
			<name lang="und">testing word bank</name>
			<description lang="und">testing word bank</description>
		</activity>
		<activity id="http://4JXvczd0TGY_course_id/6GO4FLQ1pj51/5XevVEI4QJv" type="http://adlnet.gov/expapi/activities/cmi.interaction">
			<name lang="und">testing word bank</name>
			<description lang="und">testing word bank</description>
			<interactionType>choice</interactionType>
			<correctResponsePatterns>
				<correctResponsePattern>choice_5gkmac4PHsD</correctResponsePattern>
			</correctResponsePatterns>
			<choices>
				<component>
					<id>choice_5gkmac4PHsD</id>
					<description lang="und">choice a</description>
				</component>
				<component>
					<id>choice_67HPVkPJxbg</id>
					<description lang="und">choice b</description>
				</component>
				<component>
					<id>choice_5kInUKIXdR3</id>
					<description lang="und">choice c</description>
				</component>
			</choices>
		</activity>
		<activity id="http://4JXvczd0TGY_course_id/5rhfekaBQq01" type="http://adlnet.gov/expapi/activities/module">
			<name lang="und">testing matching drag and drop</name>
			<description lang="und">testing matching drag and drop</description>
		</activity>
		<activity id="http://4JXvczd0TGY_course_id/5rhfekaBQq01/6bpd72w85Gl" type="http://adlnet.gov/expapi/activities/cmi.interaction">
			<name lang="und">testing matching drag and drop</name>
			<description lang="und">testing matching drag and drop</description>
			<interactionType>matching</interactionType>
			<correctResponsePatterns>
				<correctResponsePattern>statement_5VxGTIDtxji[.]choice_6QqEyt3pD61</correctResponsePattern>
				<correctResponsePattern>statement_6G1RKOlX3GA[.]choice_6IhODWHMWii</correctResponsePattern>
				<correctResponsePattern>statement_6G8t6GEPLUm[.]choice_6Zu3IOTazIr</correctResponsePattern>
			</correctResponsePatterns>
			<source>
				<component>
					<id>statement_5VxGTIDtxji</id>
					<description lang="und">choice a</description>
				</component>
				<component>
					<id>statement_6G1RKOlX3GA</id>
					<description lang="und">choice b</description>
				</component>
				<component>
					<id>statement_6G8t6GEPLUm</id>
					<description lang="und">choice c</description>
				</component>
			</source>
			<target>
				<component>
					<id>choice_6QqEyt3pD61</id>
					<description lang="und">match a</description>
				</component>
				<component>
					<id>choice_6IhODWHMWii</id>
					<description lang="und">match b</description>
				</component>
				<component>
					<id>choice_6Zu3IOTazIr</id>
					<description lang="und">match c</description>
				</component>
			</target>
		</activity>
		<activity id="http://4JXvczd0TGY_course_id/645B1oTWkXg1" type="http://adlnet.gov/expapi/activities/module">
			<name lang="und">testing matching drop-down</name>
			<description lang="und">testing matching drop-down</description>
		</activity>
		<activity id="http://4JXvczd0TGY_course_id/645B1oTWkXg1/5ouywVjaCPY" type="http://adlnet.gov/expapi/activities/cmi.interaction">
			<name lang="und">testing matching drop-down</name>
			<description lang="und">testing matching drop-down</description>
			<interactionType>matching</interactionType>
			<correctResponsePatterns>
				<correctResponsePattern>statement_622hdhY6prq[.]choice_622hdhY6prq</correctResponsePattern>
				<correctResponsePattern>statement_5cZJuzZbQFO[.]choice_5cZJuzZbQFO</correctResponsePattern>
				<correctResponsePattern>statement_6iYzc38Fh8H[.]choice_6iYzc38Fh8H</correctResponsePattern>
			</correctResponsePatterns>
			<source>
				<component>
					<id>statement_622hdhY6prq</id>
					<description lang="und">choice a</description>
				</component>
				<component>
					<id>statement_5cZJuzZbQFO</id>
					<description lang="und">choice b</description>
				</component>
				<component>
					<id>statement_6iYzc38Fh8H</id>
					<description lang="und">choice c</description>
				</component>
			</source>
			<target>
				<component>
					<id>choice_622hdhY6prq</id>
					<description lang="und">match a</description>
				</component>
				<component>
					<id>choice_5cZJuzZbQFO</id>
					<description lang="und">match b</description>
				</component>
				<component>
					<id>choice_6iYzc38Fh8H</id>
					<description lang="und">match c</description>
				</component>
			</target>
		</activity>
		<activity id="http://4JXvczd0TGY_course_id/5d3Ko0mHsVf1" type="http://adlnet.gov/expapi/activities/module">
			<name lang="und">testing sequence drag and drop</name>
			<description lang="und">testing sequence drag and drop</description>
		</activity>
		<activity id="http://4JXvczd0TGY_course_id/5d3Ko0mHsVf1/6Lf8xlWyL2f" type="http://adlnet.gov/expapi/activities/cmi.interaction">
			<name lang="und">testing sequence drag and drop</name>
			<description lang="und">testing sequence drag and drop</description>
			<interactionType>sequencing</interactionType>
			<correctResponsePatterns>
				<correctResponsePattern>choice_6KVkZ2poHKD</correctResponsePattern>
				<correctResponsePattern>choice_6ZEaLO41A0A</correctResponsePattern>
				<correctResponsePattern>choice_5uKO0m6SuM5</correctResponsePattern>
			</correctResponsePatterns>
			<choices>
				<component>
					<id>choice_6KVkZ2poHKD</id>
					<description lang="und">choice a</description>
				</component>
				<component>
					<id>choice_6ZEaLO41A0A</id>
					<description lang="und">choice b</description>
				</component>
				<component>
					<id>choice_5uKO0m6SuM5</id>
					<description lang="und">choice c</description>
				</component>
			</choices>
		</activity>
		<activity id="http://4JXvczd0TGY_course_id/5rMDzMBJ4zx1" type="http://adlnet.gov/expapi/activities/module">
			<name lang="und">testing sequence drop-down</name>
			<description lang="und">testing sequence drop-down</description>
		</activity>
		<activity id="http://4JXvczd0TGY_course_id/5rMDzMBJ4zx1/6gSfR7TH6Yo" type="http://adlnet.gov/expapi/activities/cmi.interaction">
			<name lang="und">testing sequence drop-down</name>
			<description lang="und">testing sequence drop-down</description>
			<interactionType>sequencing</interactionType>
			<correctResponsePatterns>
				<correctResponsePattern>choice_5ZTzbyshk0e</correctResponsePattern>
				<correctResponsePattern>choice_6Ueeoi19gpE</correctResponsePattern>
				<correctResponsePattern>choice_6EUO7Ievdy3</correctResponsePattern>
			</correctResponsePatterns>
			<choices>
				<component>
					<id>choice_5ZTzbyshk0e</id>
					<description lang="und">choice a</description>
				</component>
				<component>
					<id>choice_6Ueeoi19gpE</id>
					<description lang="und">choice b</description>
				</component>
				<component>
					<id>choice_6EUO7Ievdy3</id>
					<description lang="und">choice c</description>
				</component>
			</choices>
		</activity>
		<activity id="http://4JXvczd0TGY_course_id/5dE7LyfM8QN1" type="http://adlnet.gov/expapi/activities/module">
			<name lang="und">testing numeric</name>
			<description lang="und">testing numeric</description>
		</activity>
		<activity id="http://4JXvczd0TGY_course_id/5dE7LyfM8QN1/5hzJir5dz9f" type="http://adlnet.gov/expapi/activities/cmi.interaction">
			<name lang="und">testing numeric</name>
			<description lang="und">testing numeric</description>
			<interactionType>numeric</interactionType>
		</activity>
		<activity id="http://4JXvczd0TGY_course_id/68iPTzBdobA1" type="http://adlnet.gov/expapi/activities/module">
			<name lang="und">Testing hotspot graded question</name>
			<description lang="und">Testing hotspot graded question</description>
		</activity>
		<activity id="http://4JXvczd0TGY_course_id/68iPTzBdobA1/5YkKPUedmlo" type="http://adlnet.gov/expapi/activities/cmi.interaction">
			<name lang="und">Testing hotspot graded question</name>
			<description lang="und">Testing hotspot graded question</description>
			<interactionType>choice</interactionType>
			<correctResponsePatterns>
				<correctResponsePattern>choice_6qNVIgYWX5O</correctResponsePattern>
			</correctResponsePatterns>
			<choices>
				<component>
					<id>choice_6qNVIgYWX5O</id>
					<description lang="und">Rectangular Hotspot 1</description>
				</component>
				<component>
					<id>choice_incorrect</id>
					<description lang="und">Incorrect</description>
				</component>
			</choices>
		</activity>
		<activity id="http://4JXvczd0TGY_course_id/6JrDzQG8xCm1" type="http://adlnet.gov/expapi/activities/module">
			<name lang="und">testing likert scale</name>
			<description lang="und">testing likert scale</description>
		</activity>
		<activity id="http://4JXvczd0TGY_course_id/6JrDzQG8xCm1/6dVItU83dd6/Statement_5yRX9gANmqV" type="http://adlnet.gov/expapi/activities/cmi.interaction">
			<name lang="und">statement 1</name>
			<description lang="und">statement 1</description>
			<interactionType>likert</interactionType>
			<scale>
				<component>
					<id>6SYdUPtMg84</id>
					<description lang="und">Strongly Disagree</description>
				</component>
				<component>
					<id>66gnYNKXSWT</id>
					<description lang="und">Disagree</description>
				</component>
				<component>
					<id>5nzJGUuUffw</id>
					<description lang="und">Neutral</description>
				</component>
				<component>
					<id>6VhNS6Z423T</id>
					<description lang="und">Agree</description>
				</component>
				<component>
					<id>64Ad1plZdia</id>
					<description lang="und">Strongly Agree</description>
				</component>
			</scale>
		</activity>
		<activity id="http://4JXvczd0TGY_course_id/6JrDzQG8xCm1/6dVItU83dd6/Statement_5jaukyZXJyT" type="http://adlnet.gov/expapi/activities/cmi.interaction">
			<name lang="und">statement 2</name>
			<description lang="und">statement 2</description>
			<interactionType>likert</interactionType>
			<scale>
				<component>
					<id>6SYdUPtMg84</id>
					<description lang="und">Strongly Disagree</description>
				</component>
				<component>
					<id>66gnYNKXSWT</id>
					<description lang="und">Disagree</description>
				</component>
				<component>
					<id>5nzJGUuUffw</id>
					<description lang="und">Neutral</description>
				</component>
				<component>
					<id>6VhNS6Z423T</id>
					<description lang="und">Agree</description>
				</component>
				<component>
					<id>64Ad1plZdia</id>
					<description lang="und">Strongly Agree</description>
				</component>
			</scale>
		</activity>
		<activity id="http://4JXvczd0TGY_course_id/6JrDzQG8xCm1/6dVItU83dd6/Statement_6ImCHuLaF3e" type="http://adlnet.gov/expapi/activities/cmi.interaction">
			<name lang="und">statement 3</name>
			<description lang="und">statement 3</description>
			<interactionType>likert</interactionType>
			<scale>
				<component>
					<id>6SYdUPtMg84</id>
					<description lang="und">Strongly Disagree</description>
				</component>
				<component>
					<id>66gnYNKXSWT</id>
					<description lang="und">Disagree</description>
				</component>
				<component>
					<id>5nzJGUuUffw</id>
					<description lang="und">Neutral</description>
				</component>
				<component>
					<id>6VhNS6Z423T</id>
					<description lang="und">Agree</description>
				</component>
				<component>
					<id>64Ad1plZdia</id>
					<description lang="und">Strongly Agree</description>
				</component>
			</scale>
		</activity>
		<activity id="http://4JXvczd0TGY_course_id/6JrDzQG8xCm1/6dVItU83dd6/Statement_6GapTcVFSBB" type="http://adlnet.gov/expapi/activities/cmi.interaction">
			<name lang="und">statement 4</name>
			<description lang="und">statement 4</description>
			<interactionType>likert</interactionType>
			<scale>
				<component>
					<id>6SYdUPtMg84</id>
					<description lang="und">Strongly Disagree</description>
				</component>
				<component>
					<id>66gnYNKXSWT</id>
					<description lang="und">Disagree</description>
				</component>
				<component>
					<id>5nzJGUuUffw</id>
					<description lang="und">Neutral</description>
				</component>
				<component>
					<id>6VhNS6Z423T</id>
					<description lang="und">Agree</description>
				</component>
				<component>
					<id>64Ad1plZdia</id>
					<description lang="und">Strongly Agree</description>
				</component>
			</scale>
		</activity>
		<activity id="http://4JXvczd0TGY_course_id/5rO9MbZCPep1" type="http://adlnet.gov/expapi/activities/module">
			<name lang="und">testing pick one</name>
			<description lang="und">testing pick one</description>
		</activity>
		<activity id="http://4JXvczd0TGY_course_id/5rO9MbZCPep1/5ZxrQXTHOy5" type="http://adlnet.gov/expapi/activities/cmi.interaction">
			<name lang="und">testing pick one</name>
			<description lang="und">testing pick one</description>
			<interactionType>choice</interactionType>
			<choices>
				<component>
					<id>choice_5uUJZ1D4vNh</id>
					<description lang="und">statement 1</description>
				</component>
				<component>
					<id>choice_6JKyrgvYaVF</id>
					<description lang="und">statement 2</description>
				</component>
				<component>
					<id>choice_6Wc5MbSURve</id>
					<description lang="und">statement 3</description>
				</component>
				<component>
					<id>choice_5pgzuN476pT</id>
					<description lang="und">statement 4</description>
				</component>
			</choices>
		</activity>
		<activity id="http://4JXvczd0TGY_course_id/6AS5NXl82Sx1" type="http://adlnet.gov/expapi/activities/module">
			<name lang="und">testing pick many</name>
			<description lang="und">testing pick many</description>
		</activity>
		<activity id="http://4JXvczd0TGY_course_id/6AS5NXl82Sx1/68h3uY29ZqK" type="http://adlnet.gov/expapi/activities/cmi.interaction">
			<name lang="und">testing pick many</name>
			<description lang="und">testing pick many</description>
			<interactionType>choice</interactionType>
			<choices>
				<component>
					<id>choice_6axNZwHQEgh</id>
					<description lang="und">statement 4</description>
				</component>
				<component>
					<id>choice_6O42cEB3wZX</id>
					<description lang="und">statement 3</description>
				</component>
				<component>
					<id>choice_6of2jFhMvxo</id>
					<description lang="und">statement 2</description>
				</component>
				<component>
					<id>choice_6FOI1W7adVV</id>
					<description lang="und">statement 1</description>
				</component>
			</choices>
		</activity>
		<activity id="http://4JXvczd0TGY_course_id/6hWy4NvNWFi1" type="http://adlnet.gov/expapi/activities/module">
			<name lang="und">testing which word</name>
			<description lang="und">testing which word</description>
		</activity>
		<activity id="http://4JXvczd0TGY_course_id/6hWy4NvNWFi1/6QTs186XBUM" type="http://adlnet.gov/expapi/activities/cmi.interaction">
			<name lang="und">testing which word</name>
			<description lang="und">testing which word</description>
			<interactionType>choice</interactionType>
			<choices>
				<component>
					<id>choice_6WrYW1w2EVV</id>
					<description lang="und">statement 1</description>
				</component>
				<component>
					<id>choice_6rgiqrIJ2zO</id>
					<description lang="und">statement 2</description>
				</component>
				<component>
					<id>choice_6R9PHpWG3Te</id>
					<description lang="und">statement 3</description>
				</component>
				<component>
					<id>choice_6Upu6ddsrFi</id>
					<description lang="und">statement 4</description>
				</component>
			</choices>
		</activity>
		<activity id="http://4JXvczd0TGY_course_id/6iANE20aJQv1" type="http://adlnet.gov/expapi/activities/module">
			<name lang="und">testing short answer</name>
			<description lang="und">testing short answer</description>
		</activity>
		<activity id="http://4JXvczd0TGY_course_id/6iANE20aJQv1/6ihrtQI4Ayo" type="http://adlnet.gov/expapi/activities/cmi.interaction">
			<name lang="und">testing short answer</name>
			<description lang="und">testing short answer</description>
			<interactionType>fill-in</interactionType>
		</activity>
		<activity id="http://4JXvczd0TGY_course_id/5oTj7WP1dK91" type="http://adlnet.gov/expapi/activities/module">
			<name lang="und">testing essay</name>
			<description lang="und">testing essay</description>
		</activity>
		<activity id="http://4JXvczd0TGY_course_id/5oTj7WP1dK91/6VP44Ng5w5w" type="http://adlnet.gov/expapi/activities/cmi.interaction">
			<name lang="und">testing essay</name>
			<description lang="und">testing essay</description>
			<interactionType>fill-in</interactionType>
		</activity>
		<activity id="http://4JXvczd0TGY_course_id/6fuukeBrTsJ1" type="http://adlnet.gov/expapi/activities/module">
			<name lang="und">testing ranking drag and drop</name>
			<description lang="und">testing ranking drag and drop</description>
		</activity>
		<activity id="http://4JXvczd0TGY_course_id/6fuukeBrTsJ1/6hWXaCQscY4" type="http://adlnet.gov/expapi/activities/cmi.interaction">
			<name lang="und">testing ranking drag and drop</name>
			<description lang="und">testing ranking drag and drop</description>
			<interactionType>sequencing</interactionType>
			<choices>
				<component>
					<id>choice_6rYEG7KaXT5</id>
					<description lang="und">statement 1</description>
				</component>
				<component>
					<id>choice_6gkE41Csgwb</id>
					<description lang="und">statement 2</description>
				</component>
				<component>
					<id>choice_5VWYI8XqMl9</id>
					<description lang="und">statement 3</description>
				</component>
				<component>
					<id>choice_5cPhzZwFQaQ</id>
					<description lang="und">statement 4</description>
				</component>
			</choices>
		</activity>
		<activity id="http://4JXvczd0TGY_course_id/6awLpgtrE2t1" type="http://adlnet.gov/expapi/activities/module">
			<name lang="und">testing ranking drop-down</name>
			<description lang="und">testing ranking drop-down</description>
		</activity>
		<activity id="http://4JXvczd0TGY_course_id/6awLpgtrE2t1/5ZQxLykMbc0" type="http://adlnet.gov/expapi/activities/cmi.interaction">
			<name lang="und">testing ranking drop-down</name>
			<description lang="und">testing ranking drop-down</description>
			<interactionType>sequencing</interactionType>
			<choices>
				<component>
					<id>choice_6PNpzFnPubC</id>
					<description lang="und">choice a</description>
				</component>
				<component>
					<id>choice_6Y1huCe9daA</id>
					<description lang="und">choice b</description>
				</component>
				<component>
					<id>choice_6YmPm5jRyOg</id>
					<description lang="und">choice c</description>
				</component>
			</choices>
		</activity>
		<activity id="http://4JXvczd0TGY_course_id/5ugqfoqn9RE1" type="http://adlnet.gov/expapi/activities/module">
			<name lang="und">testing how many</name>
			<description lang="und">testing how many</description>
		</activity>
		<activity id="http://4JXvczd0TGY_course_id/5ugqfoqn9RE1/61HWXUdCef4" type="http://adlnet.gov/expapi/activities/cmi.interaction">
			<name lang="und">testing how many</name>
			<description lang="und">testing how many</description>
			<interactionType>numeric</interactionType>
		</activity>
		<activity id="http://4JXvczd0TGY_course_id/6Nr9FozewYJ1" type="http://adlnet.gov/expapi/activities/module">
			<name lang="und">Untitled Slide</name>
			<description lang="und">Untitled Slide</description>
		</activity>
		<activity id="http://4JXvczd0TGY_course_id/6Nr9FozewYJ1/6M9hFsGsoUA" type="http://adlnet.gov/expapi/activities/cmi.interaction">
			<name lang="und">Drag and Drop</name>
			<description lang="und">Drag and Drop</description>
			<interactionType>matching</interactionType>
			<correctResponsePatterns>
				<correctResponsePattern>statement_5WaouxAwMnR[.]choice_6pnyOa8tu94</correctResponsePattern>
				<correctResponsePattern>statement_6Zjffqj4Ihx[.]choice_5l2pw3RxPuk</correctResponsePattern>
			</correctResponsePatterns>
			<source>
				<component>
					<id>statement_5WaouxAwMnR</id>
					<description lang="und">Rectangle 2</description>
				</component>
				<component>
					<id>statement_6Zjffqj4Ihx</id>
					<description lang="und">Trapezoid 1</description>
				</component>
			</source>
			<target>
				<component>
					<id>choice_6pnyOa8tu94</id>
					<description lang="und">Rectangle 1</description>
				</component>
				<component>
					<id>choice_5l2pw3RxPuk</id>
					<description lang="und">Triangle 1</description>
				</component>
			</target>
		</activity>
		<activity id="http://4JXvczd0TGY_course_id/6C8W2r5jpwk1" type="http://adlnet.gov/expapi/activities/module">
			<name lang="und">Untitled Slide</name>
			<description lang="und">Untitled Slide</description>
		</activity>
		<activity id="http://4JXvczd0TGY_course_id/6C8W2r5jpwk1/5iB1hV1Y0uq" type="http://adlnet.gov/expapi/activities/cmi.interaction">
			<name lang="und">Pick One</name>
			<description lang="und">Pick One</description>
			<interactionType>choice</interactionType>
			<correctResponsePatterns>
				<correctResponsePattern>choice_6kNE7PrNydb</correctResponsePattern>
			</correctResponsePatterns>
			<choices>
				<component>
					<id>choice_6kNE7PrNydb</id>
					<description lang="und">Rectangle 1</description>
				</component>
				<component>
					<id>choice_5b7bc5hUnrs</id>
					<description lang="und">Triangle 1</description>
				</component>
			</choices>
		</activity>
		<activity id="http://4JXvczd0TGY_course_id/6SeXkzLAGD51" type="http://adlnet.gov/expapi/activities/module">
			<name lang="und">Untitled Slide</name>
			<description lang="und">Untitled Slide</description>
		</activity>
		<activity id="http://4JXvczd0TGY_course_id/6SeXkzLAGD51/6Jhk6M0g6xq" type="http://adlnet.gov/expapi/activities/cmi.interaction">
			<name lang="und">Pick Many</name>
			<description lang="und">Pick Many</description>
			<interactionType>choice</interactionType>
			<correctResponsePatterns>
				<correctResponsePattern>choice_6TdSGnfpvfU</correctResponsePattern>
				<correctResponsePattern>choice_5bXpxOthwB6</correctResponsePattern>
			</correctResponsePatterns>
			<choices>
				<component>
					<id>choice_6TdSGnfpvfU</id>
					<description lang="und">Rectangle 1</description>
				</component>
				<component>
					<id>choice_5WmZXpfjlqp</id>
					<description lang="und">Triangle 1</description>
				</component>
				<component>
					<id>choice_6ez5e4hefKY</id>
					<description lang="und">Explosion 1 1</description>
				</component>
				<component>
					<id>choice_5bXpxOthwB6</id>
					<description lang="und">Smiley Face 1</description>
				</component>
			</choices>
		</activity>
		<activity id="http://4JXvczd0TGY_course_id/5yXNRa8BLyH1" type="http://adlnet.gov/expapi/activities/module">
			<name lang="und">Untitled Slide</name>
			<description lang="und">Untitled Slide</description>
		</activity>
		<activity id="http://4JXvczd0TGY_course_id/5yXNRa8BLyH1/60Viz8frZ4z" type="http://adlnet.gov/expapi/activities/cmi.interaction">
			<name lang="und">Text Entry Interaction</name>
			<description lang="und">Text Entry Interaction</description>
			<interactionType>fill-in</interactionType>
		</activity>
		<activity id="http://4JXvczd0TGY_course_id/6KMo6dxHh0Y1" type="http://adlnet.gov/expapi/activities/module">
			<name lang="und">Untitled Slide</name>
			<description lang="und">Untitled Slide</description>
		</activity>
		<activity id="http://4JXvczd0TGY_course_id/6KMo6dxHh0Y1/6kaSqQFrte8" type="http://adlnet.gov/expapi/activities/cmi.interaction">
			<name lang="und">Hotspot</name>
			<description lang="und">Hotspot</description>
			<interactionType>choice</interactionType>
			<correctResponsePatterns>
				<correctResponsePattern>choice_6PPsGCvsgQ7</correctResponsePattern>
			</correctResponsePatterns>
			<choices>
				<component>
					<id>choice_6PPsGCvsgQ7</id>
					<description lang="und">Rectangular Hotspot 1</description>
				</component>
				<component>
					<id>choice_incorrect</id>
					<description lang="und">Incorrect</description>
				</component>
			</choices>
		</activity>
	</activities>
</tincan>