<?xml version="1.0" encoding="utf-8"?>
<manifest identifier="_5iZQMqAOvQF_course_id" version="1.0" xmlns="http://www.imsproject.org/xsd/imscp_rootv1p1p2" xmlns:adlcp="http://www.adlnet.org/xsd/adlcp_rootv1p2" xmlns:xsi="http://www.w3.org/2001/XMLSchema-instance" xsi:schemaLocation="http://www.imsproject.org/xsd/imscp_rootv1p1p2 imscp_rootv1p1p2.xsd http://www.imsglobal.org/xsd/imsmd_rootv1p2p1 imsmd_rootv1p2p1.xsd http://www.adlnet.org/xsd/adlcp_rootv1p2 adlcp_rootv1p2.xsd">
  <metadata>
    <schema>ADL SCORM</schema>
    <schemaversion>1.2</schemaversion>
    <lom xmlns="http://www.imsglobal.org/xsd/imsmd_rootv1p2p1" xmlns:xsi="http://www.w3.org/2001/XMLSchema-instance" xsi:schemaLocation="http://www.imsglobal.org/xsd/imsmd_rootv1p2p1 imsmd_rootv1p2p1.xsd">
      <general>
        <title>
          <langstring xml:lang="x-none">OneDrive</langstring>
        </title>
        <description>
          <langstring xml:lang="x-none">SCORM 2004</langstring>
        </description>
      </general>
      <lifecycle>
        <version>
          <langstring xml:lang="x-none">2</langstring>
        </version>
        <status>
          <source>
            <langstring xml:lang="x-none">LOMv1.0</langstring>
          </source>
          <value>
            <langstring xml:lang="x-none">Final</langstring>
          </value>
        </status>
      </lifecycle>
      <metametadata>
        <metadatascheme>ADL SCORM 1.2</metadatascheme>
      </metametadata>
      <educational>
        <typicallearningtime>
          <datetime>PT0H0M0S</datetime>
        </typicallearningtime>
      </educational>
      <rights>
        <cost>
          <source>
            <langstring xml:lang="x-none">LOMv1.0</langstring>
          </source>
          <value>
            <langstring xml:lang="x-none">yes</langstring>
          </value>
        </cost>
        <copyrightandotherrestrictions>
          <source>
            <langstring xml:lang="x-none">LOMv1.0</langstring>
          </source>
          <value>
            <langstring xml:lang="x-none">yes</langstring>
          </value>
        </copyrightandotherrestrictions>
      </rights>
    </lom>
  </metadata>
  <organizations default="OneDrive_ORG">
    <organization identifier="OneDrive_ORG">
      <title>OneDrive</title>
      <item identifier="OneDrive_SCO" isvisible="true" identifierref="__5iZQMqAOvQF_course_id_RES">
        <title>OneDrive</title>
        <adlcp:masteryscore>80</adlcp:masteryscore>
      </item>
    </organization>
  </organizations>
  <resources>
    <resource identifier="__5iZQMqAOvQF_course_id_RES" type="webcontent" href="index_lms.html" adlcp:scormtype="sco">
      <file href="story_content/thumbnail.jpg" />
      <file href="story_content/6VHabvL5Z3S_80_DX1440_DY1440.swf" />
      <file href="mobile/6VHabvL5Z3S_80_DX1440_DY1440_CX720_CY405.png" />
      <file href="story_content/6HoGZeEsSku_80_DX416_DY416.swf" />
      <file href="mobile/6HoGZeEsSku_80_DX416_DY416_CX208_CY36.png" />
      <file href="story_content/67lmVMR6RKy_80_P_0_0_1276_897_DX1440_DY1440.swf" />
      <file href="mobile/67lmVMR6RKy_80_P_0_0_1276_897_DX1440_DY1440_CX720_CY405.png" />
      <file href="story_content/67jYl36HmET_80_DX572_DY572.swf" />
      <file href="mobile/67jYl36HmET_80_DX572_DY572_CX116_CY286.png" />
      <file href="story_content/Shape5io2IZJJg73.swf" />
      <file href="story_content/5sDV1SOg1jQ_80_DX404_DY404.swf" />
      <file href="mobile/5sDV1SOg1jQ_80_DX404_DY404_CX139_CY202.png" />
      <file href="story_content/6YXdKcQoK8f_80_DX404_DY404.swf" />
      <file href="mobile/6YXdKcQoK8f_80_DX404_DY404_CX153_CY202.png" />
      <file href="story_content/5rqjTwyuK0E_80_DX404_DY404.swf" />
      <file href="mobile/5rqjTwyuK0E_80_DX404_DY404_CX131_CY202.png" />
      <file href="meta.xml" />
      <file href="story_content/frame.xml" />
      <file href="story_content/frame.js" />
      <file href="story_content/user.js" />
      <file href="story_html5.html" />
      <file href="story_unsupported.html" />
      <file href="mobile/Shape5io2IZJJg73.png" />
      <file href="mobile/app_store.png" />
      <file href="mobile/controls.png" />
      <file href="mobile/icon_loading.gif" />
      <file href="mobile/linen_background.jpg" />
      <file href="mobile/mobile_icon.png" />
      <file href="mobile/player.css" />
      <file href="mobile/player_compiled.js" />
      <file href="mobile/spinner.png" />
      <file href="mobile/wait.gif" />
      <file href="story_content/fonts.swf" />
      <file href="mobile/fonts.js" />
      <file href="story.swf" />
      <file href="story_content/frame.swf" />
      <file href="story_content/slides/6XGhHg8vn0q.swf" />
      <file href="mobile/slides/6XGhHg8vn0q.js" />
      <file href="story_content/slides/5lmJRTsaZXM.swf" />
      <file href="mobile/slides/5lmJRTsaZXM.js" />
      <file href="story_content/slides/6XrT5bKZEkW.swf" />
      <file href="mobile/slides/6XrT5bKZEkW.js" />
      <file href="story_content/slides/6YQdrolJZtN.swf" />
      <file href="mobile/slides/6YQdrolJZtN.js" />
      <file href="story_content/slides/6oKFxrE1W3k.swf" />
      <file href="mobile/slides/6oKFxrE1W3k.js" />
      <file href="story_content/slides/6PPy02oQYYy.swf" />
      <file href="mobile/slides/6PPy02oQYYy.js" />
      <file href="story_content/data.swf" />
      <file href="mobile/data.js" />
      <file href="mobile/masks.js" />
      <file href="story.html" />
      <file href="index_lms_html5.html" />
      <file href="story_content/blank.html" />
      <file href="story_content/story.js" />
      <file href="index_lms.html" />
      <file href="lms/AICCComm.html" />
      <file href="lms/AICCFunctions.js" />
      <file href="lms/API.js" />
      <file href="lms/APIConstants.js" />
      <file href="lms/blank.html" />
      <file href="lms/browsersniff.js" />
      <file href="lms/Configuration.js" />
      <file href="lms/goodbye.html" />
      <file href="lms/lms.js" />
      <file href="lms/LMSAPI.js" />
      <file href="lms/NONEFunctions.js" />
      <file href="lms/SCORM2004Functions.js" />
      <file href="lms/SCORMFunctions.js" />
      <file href="lms/UtilityFunctions.js" />
    </resource>
  </resources>
</manifest>