<?xml version="1.0" encoding="UTF-8"?>
<!--GENERATED BY:  Lectora v.19.0.4(12203) (https://www.elearningbrothers.com) -->
<!--TITLE: F:\Deepthi\Lectora Questions_Slide_Tracking_New -->

<tincan xmlns:xsi="http://www.w3.org/2001/XMLSchema-instance"
        xmlns:xsd="http://www.w3.org/2001/XMLSchema"
        xmlns="http://projecttincan.com/tincan.xsd">
	<activities>
		<activity id="http://www.uniqueurl.com/lectora-questions" type="http://adlnet.gov/expapi/activities/course">
			<name lang="und">Lectora Questions</name>
			<description lang="und">Course Description Goes Here</description>
			<launch lang="und">a001index.html</launch>
		</activity>
	</activities>
</tincan>
