﻿[{"start":6.65,"end":7.598,"text":"Hi, I'm Chip Reaves."},{"start":7.76,"end":8.449,"text":"I've been an I.T. consultant"},{"start":8.99,"end":10.789,"text":"and a Microsoft Partner for over 20<br />years"},{"start":11.03,"end":11.08,"text":"now."},{"start":11.555,"end":13.03,"text":"And I'm Alrinthea Carter"},{"start":13.04,"end":14.54,"text":"and I'm here to learn about<br />Microsoft Teams."},{"start":15.66,"end":17.299,"text":"Well great. So Alrinthea I know that<br />you"},{"start":17.48,"end":18.71,"text":"wear a couple different hats."},{"start":19.04,"end":20.56,"text":"You work for a major university"},{"start":20.72,"end":22.369,"text":"and you also work for a comedy"},{"start":22.73,"end":24.05,"text":"team here in town."},{"start":24.78,"end":26.359,"text":"So I would imagine there's a lot of<br />times when you need"},{"start":26.6,"end":26.989,"text":"to be working"},{"start":27.5,"end":28.669,"text":"with your colleagues on a project,"},{"start":29.36,"end":30.95,"text":"or just communicating in general."},{"start":31.09,"end":31.23,"text":"Right."},{"start":31.4,"end":33.44,"text":"What kind of tools have you used to"},{"start":33.95,"end":35.66,"text":"communicate, to collaborate,"},{"start":36.12,"end":37.339,"text":"to share documents"},{"start":37.76,"end":38.63,"text":"with your colleagues"},{"start":39.13,"end":40.299,"text":"Well from our university job,"},{"start":40.43,"end":42.59,"text":"we primarily use Microsoft Outlook"},{"start":42.62,"end":43.909,"text":"and for the Comedy Theater we're<br />primarily"},{"start":44.57,"end":45.86,"text":"on Gmail"},{"start":45.92,"end":47.12,"text":"and Google Docs."},{"start":47.45,"end":48.34,"text":"Okay perfect"},{"start":48.71,"end":50,"text":"and that's very very common."},{"start":50.03,"end":51.62,"text":"So what happens a lot is"},{"start":52.28,"end":54.079,"text":"more established businesses tend to<br />be on"},{"start":54.26,"end":55.22,"text":"Microsoft Outlook,"},{"start":55.28,"end":57.079,"text":"that's been kind of the standard for<br />communication"},{"start":57.89,"end":59.93,"text":"for almost 20 years now."},{"start":60.47,"end":62.209,"text":"Microsoft designed outlook to be"},{"start":62.45,"end":64.068,"text":"a single place where you can manage"},{"start":64.489,"end":65.77,"text":"a lot of your communication;"},{"start":66.24,"end":67.639,"text":"all of your e-mail all of your<br />meetings"},{"start":68.15,"end":69.589,"text":"your calendar all of your contact,"},{"start":70.08,"end":71.449,"text":"whether it's customers vendors<br />co-workers"},{"start":72.05,"end":72.65,"text":"or whatever,"},{"start":72.92,"end":74.3,"text":"and also your task list,"},{"start":74.33,"end":76.1,"text":"all of that was packed into Outlook"},{"start":76.34,"end":78.17,"text":"and all of that's been in outlook<br />for"},{"start":78.28,"end":79.35,"text":"about 20 years now."},{"start":80,"end":80.72,"text":"Today,"},{"start":81.02,"end":82.82,"text":"a lot of newer companies"},{"start":82.91,"end":83.87,"text":"like the comedy group"},{"start":84.5,"end":86.239,"text":"but also a lot of younger people are<br />expecting"},{"start":86.99,"end":88.1,"text":"different kinds of tools."},{"start":88.13,"end":89.689,"text":"You know it's not just about email<br />anymore."},{"start":90.035,"end":91.519,"text":"Now it's about file sharing,"},{"start":92.03,"end":93.709,"text":"it's about chat, it's about video<br />conferencing,"},{"start":94.31,"end":94.669,"text":"audio conferencing,"},{"start":95.3,"end":96.02,"text":"phone calls,"},{"start":96.59,"end":97.189,"text":"texting, emojis,"},{"start":97.79,"end":98.93,"text":"is all of that sort of thing"},{"start":99.26,"end":100.819,"text":"and Outlook just doesn't play<br />particularly"},{"start":101.33,"end":102.56,"text":"well in that space."},{"start":102.95,"end":104.75,"text":"So Microsoft has been developing"},{"start":104.81,"end":106.309,"text":"a new generation of communications"},{"start":107,"end":108.619,"text":"to it, which is really what<br />Microsoft teams is."},{"start":109.295,"end":111.17,"text":"In just the last few years,"},{"start":111.32,"end":112.94,"text":"chat programs like Slack"},{"start":112.97,"end":114.739,"text":"and HipChat have taken over the<br />corporate"},{"start":115.1,"end":116.12,"text":"market for quick"},{"start":116.15,"end":117.53,"text":"and casual conversations."},{"start":117.89,"end":119.359,"text":"Plus they have the advantage that<br />their chats"},{"start":119.84,"end":121.609,"text":"are searchable and viewable for<br />future team"},{"start":121.85,"end":123.619,"text":"members that may not have been<br />present during the original"},{"start":123.98,"end":124.79,"text":"conversation."},{"start":125.93,"end":127.339,"text":"Cloud File sharing tools like<br />Dropbox"},{"start":127.97,"end":129.769,"text":"OneDrive and Google Drive are<br />popular"},{"start":130.25,"end":132.26,"text":"for sharing and collaborating around<br />documents."},{"start":132.68,"end":135.3,"text":"And of course there are dozens of<br />videoconferencing,"},{"start":135.32,"end":136.849,"text":"screen sharing, and note taking apps"},{"start":137.15,"end":137.62,"text":"as well."},{"start":138.71,"end":140.449,"text":"Microsoft is building Teams to"},{"start":140.6,"end":141.86,"text":"be the new collaboration"},{"start":141.89,"end":143.389,"text":"and communication app for today's"},{"start":143.84,"end":144.83,"text":"modern workforce."},{"start":145.64,"end":146.089,"text":"Just like Outlook,"},{"start":146.615,"end":148.399,"text":"Teams is designed to let you manage<br />all"},{"start":148.64,"end":149.45,"text":"of your communication"},{"start":149.48,"end":151.25,"text":"and collaboration from one place."},{"start":151.85,"end":153.619,"text":"You'll often hear Microsoft refer to<br />it"},{"start":153.68,"end":154.099,"text":"as one dashboard"},{"start":154.7,"end":155.63,"text":"or one cockpit,"},{"start":155.99,"end":156.83,"text":"where you can chat,"},{"start":157.19,"end":157.519,"text":"share files,"},{"start":158.075,"end":159.14,"text":"schedule meetings,"},{"start":159.41,"end":161.48,"text":"host calls and screen sharing<br />sessions"},{"start":161.6,"end":162.1,"text":"and more."},{"start":163.3,"end":163.779,"text":"It's also designed"},{"start":164.2,"end":164.709,"text":"with corporate security"},{"start":165.28,"end":166.51,"text":"and retention in mind."},{"start":166.84,"end":168.579,"text":"So you don't have to worry about<br />compliance issues"},{"start":169.03,"end":170.349,"text":"or losing track of which app"},{"start":170.66,"end":172.149,"text":"or which account your team's data<br />was stored"},{"start":172.48,"end":172.69,"text":"in."},{"start":173.32,"end":174.85,"text":"And of course it's super easy to<br />use."},{"start":174.9,"end":176.139,"text":"And it works great from a web<br />browser,"},{"start":176.74,"end":177.759,"text":"from a PC app,"},{"start":178,"end":179.769,"text":"a Mac app, or there's mobile apps<br />for it"},{"start":179.86,"end":180.28,"text":"as well."},{"start":181.16,"end":183.34,"text":"So our office budget is pretty<br />tight,"},{"start":183.77,"end":185.55,"text":"what's the cost of using"},{"start":185.62,"end":186.22,"text":"this program"},{"start":186.76,"end":188.439,"text":"So I feel like I should be one of<br />those"},{"start":188.71,"end":190.6,"text":"gameshow announcers that say \"you<br />know it's worth"},{"start":190.63,"end":192.37,"text":"millions of dollars!\" but it's<br />actually free."},{"start":192.4,"end":194.169,"text":"It comes free with almost all"},{"start":194.35,"end":196.54,"text":"business versions of Office 365."},{"start":196.57,"end":198.91,"text":"So if your company already has<br />Office 365,"},{"start":199.21,"end":201.25,"text":"you probably already have Teams."},{"start":201.46,"end":202.929,"text":"Now you may not see it in your<br />office 365"},{"start":203.62,"end":204.19,"text":"interface."},{"start":204.46,"end":206.86,"text":"It has to be something that your<br />I.T. team enables,"},{"start":207.07,"end":208.749,"text":"but there's no actual cost for it if<br />you already"},{"start":208.99,"end":211.03,"text":"have a business office 365 plan."},{"start":211.74,"end":212.979,"text":"Well, we already use Outlook Groups,"},{"start":213.17,"end":215.11,"text":"how is this different from Teams"},{"start":215.8,"end":217.39,"text":"So that's a really good question"},{"start":217.43,"end":219.46,"text":"and this gets into kind of a<br />confusing area,"},{"start":219.49,"end":221.02,"text":"because Microsoft does have"},{"start":221.38,"end":222.849,"text":"several different tools that kind"},{"start":223.33,"end":224.41,"text":"of do the same thing."},{"start":224.44,"end":226.21,"text":"So let let's run through our options<br />here."},{"start":226.54,"end":228.069,"text":"We've already talked about Outlook<br />which of course"},{"start":228.37,"end":229.719,"text":"is kind of the the older<br />communication"},{"start":230.29,"end":230.979,"text":"tools: email, calendar,"},{"start":231.46,"end":232.72,"text":"contacts, and tasks."},{"start":233.08,"end":234.699,"text":"Outlook Groups is a way to"},{"start":234.97,"end":237.04,"text":"add some of these new features into<br />Outlook."},{"start":237.07,"end":238.719,"text":"So what you get is you get a group"},{"start":238.96,"end":239.77,"text":"conversation,"},{"start":240.01,"end":240.549,"text":"you get a group calendar,"},{"start":241.12,"end":242.74,"text":"you get a group file sharing area,"},{"start":243.04,"end":244.779,"text":"and you get the ability to connect<br />additional tools"},{"start":245.32,"end":245.889,"text":"like Twitter"},{"start":246.37,"end":247.069,"text":"or Trello or Asuna"},{"start":247.6,"end":249.309,"text":"or Microsoft's planner tool into"},{"start":249.58,"end":250.63,"text":"your Outlook group."},{"start":250.97,"end":252.699,"text":"And the nice thing about Outlook<br />Groups is it's accessible"},{"start":253.21,"end":254.14,"text":"from inside Outlook"},{"start":254.17,"end":254.979,"text":"or from a mobile app"},{"start":255.22,"end":255.97,"text":"or from the web."},{"start":256.329,"end":258.04,"text":"We have another course about how you<br />can use"},{"start":258.13,"end":259,"text":"groups to collaborate"},{"start":259.029,"end":259.659,"text":"with people you work with."},{"start":260.155,"end":261.129,"text":"In fact, Groups"},{"start":261.13,"end":263.29,"text":"and Teams are actually related<br />whenever you create"},{"start":263.32,"end":263.889,"text":"a Microsoft Team,"},{"start":264.34,"end":266.139,"text":"it's also creating an Outlook Group"},{"start":266.47,"end":267.42,"text":"with the same name,"},{"start":267.7,"end":269.05,"text":"so you can use both."},{"start":269.71,"end":271.509,"text":"The difference is Teams has the<br />ability to"},{"start":271.63,"end":272.859,"text":"have multiple separate conversations"},{"start":273.64,"end":274.74,"text":"within each Team,"},{"start":274.75,"end":276.459,"text":"so where Outlook Groups just have<br />one"},{"start":276.76,"end":278.38,"text":"conversation for each team,"},{"start":278.65,"end":279.79,"text":"Teams can have multiple."},{"start":280.36,"end":282.52,"text":"Groups also doesn't have the ability<br />to do"},{"start":283.03,"end":284.049,"text":"audio calls, video calls,"},{"start":284.47,"end":286.42,"text":"and screen sharing in the way that<br />Teams does."},{"start":287.05,"end":289.03,"text":"But Groups have a common calendar,"},{"start":289.33,"end":290.62,"text":"which teams does not have."},{"start":290.65,"end":292.51,"text":"So when you create a team,"},{"start":292.6,"end":293.319,"text":"since it's creating a group,"},{"start":293.68,"end":295.269,"text":"you may still use that group's<br />common calendar"},{"start":295.78,"end":297.219,"text":"for things that are not meetings"},{"start":297.67,"end":298.209,"text":"like scheduled events,"},{"start":298.57,"end":299.259,"text":"days off, or retreats,"},{"start":299.575,"end":300.46,"text":"that sort of thing."},{"start":300.97,"end":302.58,"text":"So there's benefits to using both,"},{"start":302.59,"end":304.39,"text":"and they both do work pretty well<br />together."},{"start":304.96,"end":306.76,"text":"Now there are other tools that are"},{"start":306.79,"end":307.839,"text":"less related to Teams."},{"start":308.225,"end":310.45,"text":"A very popular one is Skype for<br />Business."},{"start":310.96,"end":312.51,"text":"Your company may have that as well."},{"start":312.52,"end":314.11,"text":"I know a lot of companies have that,"},{"start":314.14,"end":314.979,"text":"because it's included also"},{"start":315.25,"end":316.57,"text":"with Office 365"},{"start":316.84,"end":318.639,"text":"or a lot of companies had the older<br />version called Microsoft"},{"start":319.18,"end":320.589,"text":"Link. And Skype for Business"},{"start":321.04,"end":322.629,"text":"or Microsoft Link is a way"},{"start":322.9,"end":324.279,"text":"where you can do chat,"},{"start":324.535,"end":325.359,"text":"you can do audio calls,"},{"start":325.72,"end":326.83,"text":"you can do video calls,"},{"start":327.04,"end":327.549,"text":"you can share files,"},{"start":328.09,"end":329.26,"text":"you can schedule meetings."},{"start":329.56,"end":330.669,"text":"A lot of the same things you can do"},{"start":330.82,"end":331.59,"text":"with Teams,"},{"start":331.96,"end":333.669,"text":"but Skype for Business is a little<br />more"},{"start":333.82,"end":334.539,"text":"complicated to use."},{"start":335.395,"end":337.09,"text":"The interface is maybe not as<br />friendly."},{"start":337.75,"end":339.76,"text":"And so Microsoft is actually"},{"start":339.79,"end":340.949,"text":"replacing Skype for business"},{"start":341.41,"end":343.179,"text":"with Teams over the"},{"start":343.27,"end":344.14,"text":"next few years."},{"start":344.17,"end":345.91,"text":"Now we're filming this in 2017."},{"start":345.94,"end":347.679,"text":"They haven't said exactly when<br />they're going"},{"start":347.85,"end":348.93,"text":"to switch over"},{"start":349.3,"end":351.43,"text":"and we know they're going to support<br />Skype for Business"},{"start":351.46,"end":353.019,"text":"for at least another five to ten<br />years,"},{"start":353.32,"end":354.55,"text":"so it's not an immediate thing."},{"start":354.58,"end":356.59,"text":"However Microsoft is putting"},{"start":356.62,"end":358.36,"text":"all of the functionality for"},{"start":358.54,"end":360.039,"text":"Skype for Business into Microsoft"},{"start":360.52,"end":361.12,"text":"Teams."},{"start":361.42,"end":362.949,"text":"So in the very near future<br />(somewhere"},{"start":363.28,"end":364.87,"text":"in 2018 probably)"},{"start":365.2,"end":366.699,"text":"you really won't need to have Skype<br />for Business"},{"start":367.06,"end":367.48,"text":"anymore."},{"start":368.35,"end":369.7,"text":"But there's even another tool."},{"start":369.73,"end":372.01,"text":"Microsoft also has a tool called<br />Yammer"},{"start":372.49,"end":374.139,"text":"and Yammer is also very"},{"start":374.38,"end":376.014,"text":"similar - at least in concept - to"},{"start":376.21,"end":377.53,"text":"what Microsoft Teams does."},{"start":377.85,"end":379.539,"text":"Yammer was built as a social network"},{"start":379.96,"end":381.64,"text":"for businesses, kind of like<br />Facebook."},{"start":381.67,"end":383.319,"text":"So the idea is you'd have all"},{"start":383.5,"end":385.09,"text":"of your employees on a Yammer<br />account."},{"start":385.12,"end":385.749,"text":"They could post things,"},{"start":386.14,"end":387.58,"text":"they could like each others post,"},{"start":387.82,"end":388.539,"text":"they could share files,"},{"start":389.05,"end":389.679,"text":"they could do some calendaring,"},{"start":390.22,"end":391.69,"text":"but really it was mostly about"},{"start":392.14,"end":392.649,"text":"posting comments"},{"start":393.13,"end":393.729,"text":"and posting questions"},{"start":394.33,"end":394.899,"text":"and getting answers"},{"start":395.29,"end":396.01,"text":"and that sort of thing."},{"start":396.73,"end":397.989,"text":"Yammer doesn't have the same<br />collaboration"},{"start":398.77,"end":399.639,"text":"tools that Teams has."},{"start":400.03,"end":401.589,"text":"And especially it doesn't have the<br />same security"},{"start":402.07,"end":403.42,"text":"controls that teams has."},{"start":403.69,"end":405.219,"text":"It doesn't have the ability to do<br />video"},{"start":405.52,"end":406.659,"text":"and audio calls and screen sharing"},{"start":406.97,"end":407.77,"text":"and that sort of thing."},{"start":408.16,"end":409.479,"text":"Now Microsoft does plan on<br />supporting"},{"start":409.99,"end":411.46,"text":"Yammer for the foreseeable future."},{"start":412.06,"end":413.439,"text":"They've had a little bit of a hard<br />time explaining"},{"start":413.92,"end":415.629,"text":"to people when they should use<br />Yammer versus"},{"start":416.02,"end":417.429,"text":"Teams so at a conference"},{"start":417.91,"end":419.079,"text":"in 2017 they came out"},{"start":419.17,"end":420.01,"text":"with this slide."},{"start":420.43,"end":421.81,"text":"I'm not really sure it helps things<br />any,"},{"start":421.84,"end":423.79,"text":"but the way they explained it was"},{"start":424.12,"end":425.799,"text":"Teams would be what you would use<br />for people"},{"start":426.16,"end":427.57,"text":"in what they call your inner loop."},{"start":427.66,"end":428.289,"text":"This is people you work"},{"start":428.5,"end":430.24,"text":"with regularly on core projects."},{"start":430.47,"end":432.37,"text":"Yammer would be for people in what<br />they call your"},{"start":432.43,"end":434.049,"text":"outer loop which are people across"},{"start":434.47,"end":435.369,"text":"the organization that you connect"},{"start":435.7,"end":437.14,"text":"with only occasionally"},{"start":437.47,"end":438.999,"text":"and of course at the bottom you've<br />also got Outlook"},{"start":439.45,"end":441.64,"text":"which is your what they call<br />targeted communication."},{"start":442.21,"end":443.919,"text":"The best way I've heard this<br />explained is that"},{"start":444.1,"end":445.719,"text":"Teams is what you would use when you<br />know"},{"start":445.99,"end":446.89,"text":"the people in the room."},{"start":446.95,"end":449.08,"text":"So when you're collaborating with<br />people you know on a project,"},{"start":449.47,"end":451.179,"text":"and Yammer is what you would use<br />when you don't know"},{"start":451.33,"end":452.26,"text":"the people in the room."},{"start":452.29,"end":454.059,"text":"So if you're in a large organization<br />that"},{"start":454.15,"end":455.16,"text":"may have 10000,"},{"start":455.17,"end":456.879,"text":"100000 users - you don't know"},{"start":457.12,"end":458.409,"text":"all of those - but it may still be<br />fun to communicate"},{"start":458.89,"end":460.629,"text":"with them, that's where Yammer makes<br />more"},{"start":460.81,"end":462.219,"text":"sense. But for any kind of<br />collaboration"},{"start":462.94,"end":465.1,"text":"project,Teams is going to make more<br />sense."},{"start":466.63,"end":467.35,"text":"That sounds great."},{"start":467.65,"end":468.64,"text":"Where would I find Teams?"},{"start":469.27,"end":471.31,"text":"Well, we're going to look at that in<br />the next module."}]