﻿[{"start":6.34,"end":7.95,"text":"So how do we get to Microsoft Teams?"},{"start":8.94,"end":10.229,"text":"OK so you already have an Office 365"},{"start":10.92,"end":12.15,"text":"account, let's log into that."},{"start":12.21,"end":14.31,"text":"So if you go to office.com"},{"start":14.99,"end":16.02,"text":"and then click \"sign in.\""},{"start":18.18,"end":19.139,"text":"And you'll enter your username"},{"start":19.53,"end":21.089,"text":"and password - you've already been<br />on this one so it remembers"},{"start":21.53,"end":22.82,"text":"it - so go ahead and choose sign<br />him."},{"start":23.67,"end":25.049,"text":"Let's choose no for this purpose<br />today,"},{"start":25.365,"end":27.149,"text":"but if this was your computer you'd<br />normally want"},{"start":27.27,"end":28.91,"text":"to choose yes, you want to stay<br />signed in."},{"start":32.18,"end":34.46,"text":"So here's the Office 365 main menu."},{"start":34.82,"end":36.199,"text":"Now you'll notice there's a Teams<br />icon"},{"start":36.65,"end":38.72,"text":"there, the third from the end on the<br />top row."},{"start":39.14,"end":40.819,"text":"But also click on the app launcher"},{"start":41.24,"end":43.009,"text":"in the top left, the sort of Rubik's<br />Cube"},{"start":43.31,"end":43.639,"text":"looking thing,"},{"start":44.3,"end":46.069,"text":"and you'll also see Teams in"},{"start":46.25,"end":46.66,"text":"there."},{"start":46.94,"end":47.18,"text":"OK."},{"start":47.33,"end":48.36,"text":"Goes to the same place."},{"start":48.38,"end":49.74,"text":"Let's just go ahead and click on<br />that one."},{"start":52.22,"end":54.019,"text":"OK so this is the first time you've<br />gone into Microsoft"},{"start":54.53,"end":56.329,"text":"Teams, so it's prompting you to<br />create"},{"start":56.81,"end":57.68,"text":"your first team."},{"start":58.28,"end":60.2,"text":"Normally if somebody was using this<br />the first time,"},{"start":60.23,"end":61.849,"text":"it's a great idea to just create a<br />team"},{"start":62.15,"end":63.05,"text":"to experiment with."},{"start":63.44,"end":64.738,"text":"I want to skip this step for now,"},{"start":64.904,"end":66.499,"text":"so down at the bottom, see where it<br />says skip this"},{"start":66.71,"end":67.07,"text":"step?"},{"start":67.68,"end":68.66,"text":"Go ahead choose that."},{"start":68.9,"end":69.11,"text":"OK."},{"start":71.56,"end":73.099,"text":"And here we are in the Teams<br />interface now,"},{"start":73.22,"end":75.21,"text":"it's giving you a little bit of<br />introduction of what Teams"},{"start":75.22,"end":76.389,"text":"is so let's just go ahead"},{"start":76.6,"end":77.5,"text":"and flip through that."},{"start":78.28,"end":79.96,"text":"Teams can bring your team together,"},{"start":80.17,"end":81.009,"text":"you can chat one on one"},{"start":81.25,"end":81.97,"text":"with groups,"},{"start":82.2,"end":83.77,"text":"you can connect with online<br />meetings,"},{"start":84.01,"end":84.759,"text":"you can use files,"},{"start":85.21,"end":86.02,"text":"notes, apps,"},{"start":86.08,"end":87.62,"text":"and more all in one place."},{"start":88.73,"end":89.42,"text":"And we're ready."},{"start":89.99,"end":91.28,"text":"So do let's go."},{"start":92.57,"end":93.98,"text":"So this is the Teams interface,"},{"start":94.01,"end":95.68,"text":"and you're using it from the web<br />app."},{"start":95.72,"end":96.91,"text":"There's nothing on your PC,"},{"start":96.92,"end":98.29,"text":"this is entirely from the web"},{"start":98.63,"end":100.7,"text":"and that works pretty well."},{"start":101.21,"end":102.379,"text":"Not all the features work,"},{"start":102.68,"end":104.179,"text":"in particular right now as we're<br />filming"},{"start":104.6,"end":106.52,"text":"this, audio and video calls don't<br />work."},{"start":106.76,"end":108.34,"text":"A few of the other features don't<br />work"},{"start":108.59,"end":110.21,"text":"but most everything else does."},{"start":110.6,"end":111.919,"text":"But let's go ahead"},{"start":112.1,"end":113.509,"text":"and download the desktop application"},{"start":114.11,"end":114.89,"text":"to this PC."},{"start":114.95,"end":116.21,"text":"Now there's two ways you can do it."},{"start":116.63,"end":118.73,"text":"Since it knows you don't have it on<br />this PC"},{"start":118.76,"end":120.499,"text":"you notice it gives you that big<br />blue banner at the"},{"start":120.62,"end":121.07,"text":"top."},{"start":121.49,"end":123.139,"text":"It says, \"want an even faster more"},{"start":123.32,"end":124.13,"text":"collaborative experience?"},{"start":124.16,"end":125.929,"text":"Download the desktop app.\" You could<br />click the"},{"start":126.05,"end":127.1,"text":"download button there."},{"start":128.09,"end":129.89,"text":"But let's say that you skipped that<br />part"},{"start":130.13,"end":131.55,"text":"and then later you want to come back<br />to it."},{"start":131.57,"end":133.339,"text":"Go ahead and click the \"X\" there to<br />close that little banner"},{"start":133.7,"end":135.65,"text":"out, and I'll show you another way<br />to get there."},{"start":136.36,"end":138.139,"text":"In the bottom left you have what's<br />called the"},{"start":138.26,"end":139.13,"text":"accounts menu."},{"start":139.52,"end":140.509,"text":"It's got your initials on it,"},{"start":140.585,"end":141.069,"text":"the little grey circle."},{"start":141.63,"end":142.73,"text":"Click on that,"},{"start":143.64,"end":145.309,"text":"and you'll notice towards the bottom<br />there's two links"},{"start":145.67,"end":147.019,"text":"to download either the desktop app"},{"start":147.26,"end":148.13,"text":"or the mobile app."},{"start":148.51,"end":150.019,"text":"We're on a desktop, so we want to<br />download the desktop"},{"start":150.47,"end":150.73,"text":"apps."},{"start":150.74,"end":152.06,"text":"So go ahead and click on that,"},{"start":154.77,"end":155.78,"text":"and go ahead choose run"},{"start":155.79,"end":157.77,"text":"and that'll start installing on your<br />PC."},{"start":158.21,"end":159.749,"text":"Now we notice that you've got a lot<br />of messages"},{"start":160.14,"end":161.789,"text":"from something called T-Bot all of a<br />sudden"},{"start":162.06,"end":163.82,"text":"while we were there. We're going to<br />talk about Teba"},{"start":164.02,"end":165.18,"text":"in a few more modules."},{"start":165.75,"end":167.49,"text":"In the meantime while that's<br />installing on yours,"},{"start":167.52,"end":168.369,"text":"let's take a look at it on"},{"start":169.535,"end":170.116,"text":"mine. Now,"},{"start":170.408,"end":172.079,"text":"Teams when you open it picks up<br />where you left"},{"start":172.44,"end":174.119,"text":"off, so I must have left off in this<br />course"},{"start":174.42,"end":175.39,"text":"development channel."},{"start":175.42,"end":176.74,"text":"We'll talk about that in a little<br />bit."},{"start":177.03,"end":178.319,"text":"But just to give you a tour of the<br />interface,"},{"start":178.8,"end":180.21,"text":"let's start in the upper left."},{"start":180.69,"end":182.309,"text":"So in the upper left we had this<br />thing called"},{"start":182.58,"end":183.24,"text":"activity"},{"start":183.87,"end":186.12,"text":"and activity actually has three<br />sections."},{"start":186.48,"end":187.98,"text":"The first section is the feed."},{"start":188.37,"end":190.139,"text":"This is kind of like your news feed<br />on"},{"start":190.35,"end":191.099,"text":"Facebook or LinkedIn"},{"start":191.52,"end":193.2,"text":"or something similar. What it's<br />showing you"},{"start":193.53,"end":195.239,"text":"is it's showing you any comments<br />people"},{"start":195.57,"end":197.129,"text":"made anywhere in any team"},{"start":197.55,"end":199.229,"text":"or in any chat session where they"},{"start":199.41,"end":200.82,"text":"either mention you"},{"start":201.36,"end":203.159,"text":"or where they replied to a comment<br />that"},{"start":203.25,"end":204.809,"text":"you made, so you can see Jennifer"},{"start":205.38,"end":206.849,"text":"has mentioned me or replied to my<br />comments"},{"start":207.27,"end":208.08,"text":"three times."},{"start":208.92,"end":210.32,"text":"I mentioned there were three<br />sections,"},{"start":210.33,"end":212.039,"text":"the others are under this little<br />drop down menu"},{"start":212.43,"end":214.019,"text":"here. I could also look"},{"start":214.26,"end":215.35,"text":"at my team activity."},{"start":216.98,"end":219.32,"text":"And this is showing me anything<br />that's happened"},{"start":219.68,"end":220.97,"text":"in any of my teams,"},{"start":221.48,"end":222.98,"text":"in reverse sequential order,"},{"start":223.28,"end":224.059,"text":"so I can go back and see."},{"start":224.3,"end":226.33,"text":"If I want to see what's happened in<br />the last few days,"},{"start":226.34,"end":227.75,"text":"I can go back and click on any of<br />these"},{"start":228.14,"end":230.53,"text":"and it'll take me to that<br />conversation"},{"start":230.54,"end":231.29,"text":"in that team;"},{"start":231.44,"end":233.179,"text":"and again we'll cover that more<br />detail just a little"},{"start":233.39,"end":233.63,"text":"bit."},{"start":234.2,"end":236.21,"text":"The third section is my activity,"},{"start":237.6,"end":239.01,"text":"and this shows you the things that"},{"start":239.61,"end":241.26,"text":"you've done, in this case that I've<br />done"},{"start":241.89,"end":243.87,"text":"most recently. So I can see these"},{"start":244.29,"end":245.069,"text":"postings that I made,"},{"start":245.4,"end":247.23,"text":"I posted in this course development<br />Channel,"},{"start":247.71,"end":249.389,"text":"I posted"},{"start":249.72,"end":250.289,"text":"a lot in course development,"},{"start":250.77,"end":253.13,"text":"I posted one thing in the general<br />channel"},{"start":256.85,"end":257.969,"text":"and so on. If I click on these,"},{"start":258.105,"end":259.889,"text":"it takes me straight to them no<br />matter what channel they're"},{"start":260.04,"end":260.31,"text":"in."},{"start":260.92,"end":262.589,"text":"Now, if I go back to my feed,"},{"start":263.73,"end":265.28,"text":"once you're actually using this,"},{"start":265.29,"end":267.029,"text":"especially if you're an organization<br />that has"},{"start":267.39,"end":268.289,"text":"thousands of thousands of users,"},{"start":268.755,"end":269.939,"text":"there can be a lot of information"},{"start":270.57,"end":272.39,"text":"in here. So you can filter that"},{"start":272.4,"end":273.78,"text":"with this filter button here."},{"start":274.17,"end":276.18,"text":"So you can choose to only see the"},{"start":276.24,"end":277.109,"text":"notifications that are unread,"},{"start":277.56,"end":279.36,"text":"only see the times that you've been<br />mentioned"},{"start":279.57,"end":280.76,"text":"which in this case is just one,"},{"start":281.45,"end":283.14,"text":"I can remove that by clicking on the<br />\"X\","},{"start":283.74,"end":285.69,"text":"or I can choose to just see replies,"},{"start":286.62,"end":287.79,"text":"which in this case there aren't any."},{"start":289.21,"end":290.919,"text":"I can also choose to just see the<br />people that I'm following"},{"start":291.37,"end":293.11,"text":"or just see the people that have<br />liked my posts."},{"start":294.71,"end":296.419,"text":"You notice I also have this search<br />box up here in the"},{"start":296.54,"end":297.08,"text":"top."},{"start":297.56,"end":299.359,"text":"Now this is not just searching the"},{"start":299.51,"end":300.44,"text":"activity section."},{"start":300.47,"end":301.789,"text":"This is actually searching all of<br />Microsoft"},{"start":302.36,"end":302.9,"text":"Teams,"},{"start":303.2,"end":304.489,"text":"so anything I put in here,"},{"start":304.88,"end":306.199,"text":"if I put in \"Jennifer\""},{"start":307.04,"end":308.44,"text":"for example,"},{"start":310.85,"end":312.71,"text":"I'm going to see any comments from<br />Jennifer."},{"start":312.73,"end":314.359,"text":"I'd also see any comments that<br />somebody else made"},{"start":314.66,"end":315.98,"text":"that used the word Jennifer."},{"start":316.87,"end":319.55,"text":"If I did a search for"},{"start":320.12,"end":321.619,"text":"\"emoji\" I see that she used the word<br />emoji in a post"},{"start":321.98,"end":323.93,"text":"and I can click on that to go<br />straight to that post."},{"start":325.31,"end":326.75,"text":"So if I want to"},{"start":327.83,"end":328.399,"text":"target someone"},{"start":328.635,"end":329.869,"text":"or highlight someone's name,"},{"start":330.185,"end":331.959,"text":"am I using the same \"@\" symbol that"},{"start":332.61,"end":333.258,"text":"I would on social media"},{"start":333.35,"end":335.029,"text":"Exactly. We'll talk about that in a<br />little bit"},{"start":335.18,"end":335.48,"text":"too."},{"start":336.14,"end":337.46,"text":"It works exactly the same way<br />though."},{"start":338.36,"end":339.949,"text":"Let's go ahead and show the rest of<br />the interface though,"},{"start":340.19,"end":342.11,"text":"so I'll close out of this search."},{"start":342.13,"end":343.819,"text":"But just kind of moving down the<br />left hand side"},{"start":344.15,"end":345.53,"text":"over here, we were in activity."},{"start":345.55,"end":346.58,"text":"If we go to chat,"},{"start":346.94,"end":349.19,"text":"this is where we'll have private<br />conversations."},{"start":349.49,"end":351.259,"text":"These are conversations that are not<br />viewable by"},{"start":351.41,"end":352.819,"text":"other people, except the people in<br />the conversation"},{"start":353.39,"end":354.94,"text":"of course, because otherwise you're<br />talking to yourself"},{"start":355.01,"end":355.76,"text":"and that makes no sense."},{"start":356.51,"end":357.649,"text":"You can talk to individual people,"},{"start":358.01,"end":359.72,"text":"you can also talk to a group of<br />people,"},{"start":359.93,"end":362,"text":"maybe two or three colleagues that<br />you want to talk to."},{"start":362.57,"end":364.19,"text":"You can also talk to a chat bot."},{"start":364.43,"end":366.199,"text":"You can see a couple of chat bots<br />down here."},{"start":366.38,"end":368.089,"text":"We're going to talk about what a<br />chat bot is in a little"},{"start":368.27,"end":368.54,"text":"bit."},{"start":368.75,"end":369.709,"text":"Now when I'm in this chat session,"},{"start":370.13,"end":371.869,"text":"what I'm seeing here are the<br />different conversations"},{"start":372.68,"end":374.119,"text":"that are going on; different groups<br />of people"},{"start":374.48,"end":376.1,"text":"or individuals that I'm talking to."},{"start":376.46,"end":377.029,"text":"So this is my chat"},{"start":377.27,"end":377.93,"text":"with Jennifer."},{"start":378.26,"end":379.58,"text":"This is my chat with Aaron."},{"start":379.91,"end":381.26,"text":"This is my chat with Ron,"},{"start":381.62,"end":383.54,"text":"and I can click back and forth<br />obviously to see"},{"start":383.99,"end":385.1,"text":"what those different ones are."},{"start":385.52,"end":386.869,"text":"So I can see"},{"start":387.44,"end":388.85,"text":"\"conversation\" underlined there.<br />What does that mean?"},{"start":388.88,"end":390.48,"text":"I see the other headings."},{"start":391.04,"end":392.329,"text":"Yeah. So there's different sections"},{"start":392.9,"end":394.159,"text":"to each of these chats,"},{"start":394.6,"end":395.04,"text":"basically."},{"start":395.55,"end":397.64,"text":"So if I go to let's say Jennifer's<br />chat,"},{"start":398.39,"end":399.859,"text":"in the conversation section I'm<br />seeing"},{"start":400.31,"end":401.569,"text":"all of the messages we've sent back"},{"start":401.78,"end":403.81,"text":"and forth. Also as you can see we<br />can send emojis"},{"start":404.07,"end":404.839,"text":"and .gifs"},{"start":405.26,"end":406.22,"text":"and all kinds of things."},{"start":406.76,"end":407.96,"text":"We can also send files."},{"start":408.41,"end":409.67,"text":"Now we haven't in this case,"},{"start":409.7,"end":411.379,"text":"but if if either one of us had sent<br />any"},{"start":411.53,"end":413.24,"text":"files back and forth they would be<br />here."},{"start":414.2,"end":415.88,"text":"There's also this organization tab."},{"start":415.91,"end":417.709,"text":"Now, in a smaller business this"},{"start":417.92,"end":419.419,"text":"won't usually work because this<br />requires"},{"start":420.05,"end":421.759,"text":"that information has been entered in"},{"start":421.91,"end":424.01,"text":"Office 365 about"},{"start":424.76,"end":425.99,"text":"who you report to"},{"start":426.14,"end":427.61,"text":"and who reports to you."},{"start":428,"end":428.569,"text":"So I went ahead"},{"start":428.81,"end":430.63,"text":"and did that with Aaron just"},{"start":430.65,"end":431.48,"text":"you can see."},{"start":431.98,"end":433.43,"text":"So if we go to Aaron's tab"},{"start":433.82,"end":434.98,"text":"and go to organization,"},{"start":435.95,"end":437.57,"text":"you can see that he reports to me"},{"start":438.2,"end":440.09,"text":"and that he has Daniel reporting to<br />him,"},{"start":440.12,"end":441.529,"text":"and he might have many reporters<br />that are reporting"},{"start":441.97,"end":442.67,"text":"to him down here."},{"start":443.3,"end":444.919,"text":"The benefit of this is sometimes if<br />you're in a large"},{"start":445.22,"end":446.869,"text":"organization you don't always know<br />who works"},{"start":447.2,"end":448.969,"text":"for who and where their position is<br />in the"},{"start":449.06,"end":449.78,"text":"organization."},{"start":450.8,"end":452.479,"text":"If this information has been<br />populated by"},{"start":452.69,"end":453.68,"text":"your I.T. staff,"},{"start":454.1,"end":455.15,"text":"then you'll be able to see,"},{"start":455.21,"end":456.35,"text":"you know, who they work for."},{"start":456.69,"end":457.849,"text":"And notice I can also reach out"},{"start":458,"end":458.809,"text":"and contact these people."},{"start":459.035,"end":460.129,"text":"So if I wanted to call Aaron,"},{"start":460.54,"end":461.96,"text":"start a video call with Aaron,"},{"start":462.02,"end":462.93,"text":"e-mail Aaron,"},{"start":463.25,"end":464,"text":"I could do that."},{"start":464.45,"end":466.19,"text":"I can do the same by clicking on<br />\"Chip\""},{"start":466.79,"end":468.91,"text":"and I get to do a chat message,"},{"start":468.94,"end":470.21,"text":"e-mail, a telephone call."},{"start":470.43,"end":471.109,"text":"Of course in my case,"},{"start":471.35,"end":473.029,"text":"I'd be calling myself so I'd<br />probably"},{"start":473.3,"end":473.84,"text":"be busy."},{"start":475.36,"end":477.039,"text":"Activity shows you anything that"},{"start":477.19,"end":478.32,"text":"person has done lately."},{"start":478.4,"end":478.989,"text":"Let's go back to Jennifer."},{"start":479.26,"end":481.39,"text":"If we click on \"Activity\","},{"start":481.99,"end":483.789,"text":"we can see that she's been posting<br />in a few different channels"},{"start":484.18,"end":485.859,"text":"recently. So if I want to see what<br />that person"},{"start":486.03,"end":487.03,"text":"has done recently,"},{"start":487.06,"end":488.68,"text":"basically what activity does for us."},{"start":489.7,"end":490.599,"text":"Now on a normal person,"},{"start":490.9,"end":492.1,"text":"those are the ones you have."},{"start":492.13,"end":493.6,"text":"So let's look at Ron for example."},{"start":494.05,"end":495.609,"text":"So these are the ones you start off<br />with: you always"},{"start":495.88,"end":496.029,"text":"have conversation,"},{"start":496.69,"end":497.769,"text":"you always have files,"},{"start":498.205,"end":499.029,"text":"you always have organization,"},{"start":499.615,"end":500.619,"text":"you always have activity,"},{"start":501.28,"end":502.929,"text":"and then you have this plus button"},{"start":503.23,"end":505.06,"text":"where you can add additional tabs."},{"start":505.6,"end":506.859,"text":"So in this case"},{"start":507.16,"end":508.869,"text":"with chat we only have two choices<br />right"},{"start":509.11,"end":511.14,"text":"now: We can add a power B.I."},{"start":511.15,"end":513.2,"text":"Dashboard or we can add a Web site"},{"start":513.48,"end":514.509,"text":"and if we go to add a Web site,"},{"start":514.84,"end":516.07,"text":"it just asks us for"},{"start":516.789,"end":517.75,"text":"the name of the website"},{"start":517.78,"end":518.76,"text":"and the URL."},{"start":518.96,"end":520.494,"text":"And I did this actually on Jennifer."},{"start":520.78,"end":522.279,"text":"She does video editing for us,"},{"start":522.44,"end":524.249,"text":"so on hers you can see I"},{"start":524.25,"end":525.24,"text":"added a website,"},{"start":525.94,"end":527.379,"text":"and the website is actually a link<br />to her YouTube"},{"start":527.83,"end":529.21,"text":"channel. When I click on that,"},{"start":529.48,"end":531.129,"text":"I can see the Web site right here<br />inside"},{"start":531.55,"end":532,"text":"the chat."},{"start":532.54,"end":534.41,"text":"So if somebody has a Web site"},{"start":534.43,"end":535.449,"text":"that relates to them"},{"start":535.75,"end":537.489,"text":"or if it relates to a conversation<br />you're having that"},{"start":537.58,"end":538.629,"text":"you want to refer back to over"},{"start":538.84,"end":539.5,"text":"and over again,"},{"start":540.07,"end":541.9,"text":"you can add that Web site here"},{"start":541.93,"end":543.79,"text":"as a separate tab in your chat."},{"start":544.89,"end":546.519,"text":"Notice while we're here we also have<br />the ability"},{"start":546.91,"end":548.38,"text":"to star that person."},{"start":548.59,"end":550.45,"text":"That just means they're going to<br />show up in your favorites."},{"start":550.59,"end":551.319,"text":"So you can see over here on the<br />left,"},{"start":551.47,"end":552.88,"text":"I have a section for favorites"},{"start":553.18,"end":554.5,"text":"and then a section for recent."},{"start":555.16,"end":555.909,"text":"My favorites are Jennifer"},{"start":556.3,"end":558.37,"text":"and Aaron and others are Ron"},{"start":558.38,"end":559.32,"text":"and then the two bots."},{"start":559.48,"end":561.49,"text":"Now there's a lot of other people in<br />the organization,"},{"start":561.55,"end":562.299,"text":"and we'll look at how I can chat"},{"start":562.54,"end":564.01,"text":"with them in a later module."},{"start":564.58,"end":565.969,"text":"Also notice up here in the top right"},{"start":566.13,"end":567.869,"text":"and you'll see we have these icons<br />to start"},{"start":568.1,"end":568.989,"text":"a video call with this person,"},{"start":569.32,"end":570.55,"text":"start an audio call,"},{"start":570.82,"end":572.95,"text":"or to add additional people to this<br />chat"},{"start":573.19,"end":575.02,"text":"and we'll talk about these a later<br />module."},{"start":575.41,"end":577.48,"text":"Probably the most important part of<br />Microsoft Teams"},{"start":577.51,"end":578.65,"text":"is Teams."},{"start":579.93,"end":581.7,"text":"So Teams is where we can create"},{"start":581.76,"end":583.74,"text":"a team. A team is a group of people"},{"start":583.83,"end":585.63,"text":"that share a collaboration<br />interface,"},{"start":586.34,"end":588.089,"text":"and then inside each team we have<br />different"},{"start":588.42,"end":589.05,"text":"channels."},{"start":589.39,"end":590.429,"text":"Now every team starts off"},{"start":590.73,"end":592.1,"text":"with a channel called \"General\"."},{"start":592.44,"end":594.06,"text":"You can't change that, you can't<br />delete it,"},{"start":594.27,"end":595.289,"text":"but you can add additional channels."},{"start":595.77,"end":597.359,"text":"So you might have a group of people<br />you're working"},{"start":597.72,"end":599.339,"text":"with, maybe you're working on a<br />video"},{"start":599.67,"end":600.75,"text":"production project,"},{"start":600.99,"end":602.429,"text":"but some of the conversation"},{"start":603.06,"end":603.869,"text":"has to do with content,"},{"start":604.62,"end":605.939,"text":"and some of the conversation has to<br />do"},{"start":606.12,"end":606.269,"text":"with distribution,"},{"start":607.08,"end":608.399,"text":"and some of the conversation has to<br />do"},{"start":608.64,"end":609.569,"text":"with recruiting actors"},{"start":610.08,"end":611.609,"text":"or whatever, and you want to keep<br />those conversations"},{"start":612.3,"end":612.78,"text":"separate."},{"start":613.17,"end":614.28,"text":"That's what channels are for."},{"start":614.61,"end":617.04,"text":"Same group of people different<br />conversations."},{"start":617.82,"end":618.869,"text":"Notice that inside each channel,"},{"start":619.29,"end":620.639,"text":"I have similar tabs across the top."},{"start":620.91,"end":621.959,"text":"So I have conversations again,"},{"start":622.185,"end":623.34,"text":"I have files again."},{"start":623.67,"end":625.409,"text":"In this case there have been files<br />added to this"},{"start":625.62,"end":627.39,"text":"group. We'll look at how you do that<br />later."},{"start":628.02,"end":629.01,"text":"There's also a wiki,"},{"start":629.02,"end":630.24,"text":"we'll look at that a little later,"},{"start":630.75,"end":632.39,"text":"and we can also add tabs here,"},{"start":632.41,"end":634.38,"text":"we have a lot more choices on what<br />we can add."},{"start":634.65,"end":635.82,"text":"We'll look at those later too."},{"start":638.38,"end":639.129,"text":"Moving down the line,"},{"start":639.355,"end":640.39,"text":"we have \"Meetings\"."},{"start":640.66,"end":642.129,"text":"This is where you can schedule a<br />meeting"},{"start":642.55,"end":643.989,"text":"to happen inside your team,"},{"start":644.41,"end":645.4,"text":"inside your channel."},{"start":645.73,"end":646.599,"text":"It can be an audio conference,"},{"start":647.11,"end":648.14,"text":"video conference screen,"},{"start":648.22,"end":649.06,"text":"sharing session,"},{"start":649.45,"end":650.679,"text":"any of those. And this actually<br />integrates"},{"start":651.22,"end":652.87,"text":"with everyone's Microsoft Outlook."},{"start":652.97,"end":654.82,"text":"It'll put it on everyone's schedule"},{"start":655.03,"end":656.53,"text":"and make sure nobody forgets the<br />meeting."},{"start":657.37,"end":658.96,"text":"Finally we have a file section."},{"start":659.26,"end":660.669,"text":"This is where I can see the files"},{"start":661.15,"end":662.139,"text":"that are in any of my teams"},{"start":662.56,"end":663.55,"text":"or any of my chats."},{"start":663.58,"end":664.209,"text":"No matter where they are,"},{"start":664.45,"end":665.89,"text":"I can see them all from here."},{"start":667.09,"end":669.07,"text":"Finally, moving down the list I have<br />a feedback"},{"start":669.1,"end":669.58,"text":"icon."},{"start":670,"end":671.769,"text":"This is where I can actually send<br />feedback to Microsoft"},{"start":672.34,"end":673.76,"text":"on things I'd like them to improve"},{"start":673.78,"end":674.8,"text":"with Microsoft Teams."},{"start":675.19,"end":676.419,"text":"Teams is still a very new program,"},{"start":676.68,"end":678.369,"text":"so they're very open to feedback on<br />how"},{"start":678.49,"end":679.09,"text":"to make it better."},{"start":680.47,"end":682.54,"text":"At the bottom I have my account<br />icon."},{"start":682.6,"end":683.169,"text":"You saw that on yours,"},{"start":683.5,"end":684.909,"text":"and we use it to download your<br />desktop"},{"start":685.42,"end":685.66,"text":"app."},{"start":686.29,"end":687.159,"text":"And here I can do a few things."},{"start":687.48,"end":688.66,"text":"I can change my picture."},{"start":689.17,"end":691.44,"text":"I might have more than one Teams<br />account,"},{"start":691.63,"end":693.7,"text":"and in my case I do because I have"},{"start":694.09,"end":695.529,"text":"our own account, our internal<br />organization"},{"start":696.07,"end":697.569,"text":"account. I'm also a guest"},{"start":698.14,"end":699.43,"text":"on somebody else's account"},{"start":699.46,"end":701.12,"text":"and so I can switch to that here"},{"start":701.13,"end":702.53,"text":"and we'll look at that a little<br />later too."},{"start":703.85,"end":704.589,"text":"I have my presence indicator,"},{"start":705,"end":706.099,"text":"so I can tell people if I'm<br />available"},{"start":706.49,"end":707.72,"text":"or busy, we'll look at that later."},{"start":708.74,"end":709.519,"text":"I can save things,"},{"start":709.85,"end":710.509,"text":"so I can save conversations"},{"start":711.38,"end":712.729,"text":"or save chats and they'll show up<br />here."},{"start":712.94,"end":714.77,"text":"I don't have any saved chats at the<br />moment,"},{"start":714.78,"end":715.16,"text":"I guess."},{"start":717.23,"end":718.5,"text":"And finally, I have some settings,"},{"start":718.51,"end":719.71,"text":"I have help and shortcuts,"},{"start":720.07,"end":721.299,"text":"I can update my desktop app"},{"start":721.48,"end":722.77,"text":"and of course download the mobile<br />app,"},{"start":722.8,"end":723.94,"text":"and of course I can log out."},{"start":725.1,"end":726.88,"text":"Now, I should also mention that"},{"start":727.36,"end":728.41,"text":"a lot of these features"},{"start":728.44,"end":730.48,"text":"and Teams itself is dependent"},{"start":730.57,"end":732.159,"text":"on it being enabled by your I.T."},{"start":732.43,"end":733.03,"text":"administrator."},{"start":733.36,"end":734.889,"text":"If your I.T. administrators haven't<br />enabled"},{"start":735.25,"end":736.03,"text":"teams at all,"},{"start":736.21,"end":738.24,"text":"or if they've disabled certain<br />features inside"},{"start":738.25,"end":739.789,"text":"Teams, then the interface that you<br />see"},{"start":740.07,"end":741.95,"text":"may be slightly different than what<br />we're looking at here."},{"start":743.43,"end":743.849,"text":"That's really awesome,"},{"start":744.48,"end":746.189,"text":"but I don't have any Teams in my"},{"start":746.34,"end":747.78,"text":"team so how do I get that?"},{"start":748.32,"end":749.49,"text":"Right, so your account is new"},{"start":749.52,"end":751.139,"text":"and we didn't let it create a team<br />for"},{"start":751.35,"end":753.059,"text":"us so in the next module let's look<br />at how you can"},{"start":753.24,"end":755.16,"text":"create and manage the teams that<br />you're a part of."}]