<?xml version="1.0" encoding="utf-8"?>
<tincan xmlns:xsi="http://www.w3.org/2001/XMLSchema-instance" xmlns:xsd="http://www.w3.org/2001/XMLSchema" xmlns="http://projecttincan.com/tincan.xsd">
	<activities>
		<activity id="http://6OhlhtQ9ZrZ_course_id" type="http://adlnet.gov/expapi/activities/course">
			<name lang="und">Storyline 360 - Tin Can Track by Quiz Result</name>
			<description lang="und" />
			<launch lang="und">story.html</launch>
		</activity>
		<activity id="http://6OhlhtQ9ZrZ_course_id/6O9xtzU21C1" type="http://adlnet.gov/expapi/activities/objective">
			<name lang="und">Storyline 360 - Tin Can Track by Quiz Result</name>
			<description lang="und">Storyline 360 - Tin Can Track by Quiz Result</description>
		</activity>
		<activity id="http://6OhlhtQ9ZrZ_course_id/6RcJHGZ27sJ" type="http://adlnet.gov/expapi/activities/module">
			<name lang="und">Slide 1 072018</name>
			<description lang="und">Slide 1 072018</description>
		</activity>
		<activity id="http://6OhlhtQ9ZrZ_course_id/6pGECJGVaqi" type="http://adlnet.gov/expapi/activities/module">
			<name lang="und">tr</name>
			<description lang="und">tr</description>
		</activity>
		<activity id="http://6OhlhtQ9ZrZ_course_id/6pGECJGVaqi/6K4QULC4i8R" type="http://adlnet.gov/expapi/activities/cmi.interaction">
			<name lang="und">tr</name>
			<description lang="und">tr</description>
			<interactionType>choice</interactionType>
			<correctResponsePatterns>
				<correctResponsePattern>choice_5nxAs2QFQij</correctResponsePattern>
			</correctResponsePatterns>
			<choices>
				<component>
					<id>choice_5nxAs2QFQij</id>
					<description lang="und">True</description>
				</component>
				<component>
					<id>choice_6M2n8x10iDv</id>
					<description lang="und">False</description>
				</component>
			</choices>
		</activity>
		<activity id="http://6OhlhtQ9ZrZ_course_id/6D9JLVbpxId" type="http://adlnet.gov/expapi/activities/module">
			<name lang="und">fill in the blank</name>
			<description lang="und">fill in the blank</description>
		</activity>
		<activity id="http://6OhlhtQ9ZrZ_course_id/6D9JLVbpxId/6CbLl4Iz8Xc" type="http://adlnet.gov/expapi/activities/cmi.interaction">
			<name lang="und">fill in the blank</name>
			<description lang="und">fill in the blank</description>
			<interactionType>fill-in</interactionType>
		</activity>
		<activity id="http://6OhlhtQ9ZrZ_course_id/5sKkFkmMaQq" type="http://adlnet.gov/expapi/activities/module">
			<name lang="und">Results Slide</name>
			<description lang="und">Results Slide</description>
		</activity>
	</activities>
</tincan>