﻿<?xml version="1.0" encoding="utf-8"?>
<slide xmlns:xsi="http://www.w3.org/2001/XMLSchema-instance" xmlns:xsd="http://www.w3.org/2001/XMLSchema" id="5m04BTivyoR" width="720" height="540" resume="true" usehandcursor="false" enableseek="true" enablereplay="true" lmsid="Slide14" starttime="-1" elapsedtimemode="normal" title="Pick One" trackviews="true" showmenuresulticon="false" viewgroupid="" historygroupid="" videozoom="" scrolling="false" transition="appear" transduration="0" transdir="1" wipetrans="false" slidelock="false" navindex="-1" globalaudioid="" thumbnailid="" showanimationid="">
  <actiongroups>
    <actiongroup id="ActGrpOnSubmitButtonClick">
      <actions>
        <if_action>
          <condition>
            <or>
              <compare operator="eq" valuea="5mFwhrlXirM.66fjVuWAJTr._checked" typea="var" valueb="true" typeb="boolean" />
              <compare operator="eq" valuea="5mFwhrlXirM.5djZ4A7nfdF._checked" typea="var" valueb="true" typeb="boolean" />
              <compare operator="eq" valuea="5mFwhrlXirM.5WopINznaTW._checked" typea="var" valueb="true" typeb="boolean" />
            </or>
          </condition>
          <then_actions>
            <eval_interaction id="_this.5fpbv6n5bSz" />
          </then_actions>
          <else_actions>
            <gotoplay window="MessageWnd" wndtype="normal">
              <objref type="string" value="_player.MsgScene_5Zxg3fY3Nhm.InvalidPromptSlide" />
            </gotoplay>
          </else_actions>
        </if_action>
      </actions>
    </actiongroup>
    <actiongroup id="ReviewInt_5mFwhrlXirM">
      <actions>
        <set_enabled>
          <objref type="string" value="5mFwhrlXirM.66fjVuWAJTr" />
          <enabled type="boolean" value="false" />
        </set_enabled>
        <set_enabled>
          <objref type="string" value="5mFwhrlXirM.5djZ4A7nfdF" />
          <enabled type="boolean" value="false" />
        </set_enabled>
        <set_enabled>
          <objref type="string" value="5mFwhrlXirM.5WopINznaTW" />
          <enabled type="boolean" value="false" />
        </set_enabled>
        <if_action>
          <condition>
            <compare operator="eq" valuea="_player.CurrentQuiz_5mFwhrlXirM" typea="var" valueb="5WfhuQ3hw1Y" typeb="string" />
          </condition>
          <then_actions>
            <exe_actiongroup id="SetLayout_pxabnsnfns00001100101" />
            <if_action>
              <condition>
                <compare operator="eq" valuea="_player.5WfhuQ3hw1Y.Passed" typea="property" valueb="true" typeb="boolean" />
              </condition>
              <then_actions>
                <exe_actiongroup id="ReviewIntCorrectIncorrect_5mFwhrlXirM" />
              </then_actions>
            </if_action>
            <if_action>
              <condition>
                <compare operator="eq" valuea="_player.5WfhuQ3hw1Y.Passed" typea="property" valueb="false" typeb="boolean" />
              </condition>
              <then_actions>
                <exe_actiongroup id="ReviewIntCorrectIncorrect_5mFwhrlXirM" />
              </then_actions>
            </if_action>
          </then_actions>
        </if_action>
      </actions>
    </actiongroup>
    <actiongroup id="ReviewIntCorrectIncorrect_5mFwhrlXirM">
      <actions>
        <set_enabled>
          <objref type="string" value="5mFwhrlXirM.66fjVuWAJTr" />
          <enabled type="boolean" value="false" />
        </set_enabled>
        <set_enabled>
          <objref type="string" value="5mFwhrlXirM.5djZ4A7nfdF" />
          <enabled type="boolean" value="false" />
        </set_enabled>
        <set_enabled>
          <objref type="string" value="5mFwhrlXirM.5WopINznaTW" />
          <enabled type="boolean" value="false" />
        </set_enabled>
      </actions>
    </actiongroup>
    <actiongroup id="AnsweredInt_5mFwhrlXirM">
      <actions>
        <exe_actiongroup id="DisableChoices_5mFwhrlXirM" />
        <if_action>
          <condition>
            <compare operator="eq" valuea="WindowId" typea="property" valueb="_frame" typeb="string" />
          </condition>
          <then_actions>
            <set_frame_layout name="pxabnsnfns00001100101" />
          </then_actions>
          <else_actions>
            <set_window_control_layout name="pxabnsnfns00001100101" />
          </else_actions>
        </if_action>
      </actions>
    </actiongroup>
    <actiongroup id="DisableChoices_5mFwhrlXirM">
      <actions>
        <exe_actiongroup id="5mFwhrlXirM.66fjVuWAJTr.ActGrpSetDisabledState" />
        <exe_actiongroup id="5mFwhrlXirM.5djZ4A7nfdF.ActGrpSetDisabledState" />
        <exe_actiongroup id="5mFwhrlXirM.5WopINznaTW.ActGrpSetDisabledState" />
      </actions>
    </actiongroup>
    <actiongroup id="5mFwhrlXirM_CheckAnswered">
      <actions>
        <if_action>
          <condition>
            <compare operator="gte" valuea="5fpbv6n5bSz.AttemptCount" typea="property" valueb="1" typeb="number" />
          </condition>
          <then_actions>
            <exe_actiongroup id="AnsweredInt_5mFwhrlXirM" />
          </then_actions>
        </if_action>
      </actions>
    </actiongroup>
    <actiongroup id="SetLayout_pxabnsnfns00001100101">
      <actions>
        <if_action>
          <condition>
            <compare operator="eq" valuea="WindowId" typea="property" valueb="_frame" typeb="string" />
          </condition>
          <then_actions>
            <set_frame_layout name="pxabnsnfns00001100101" />
          </then_actions>
          <else_actions>
            <set_window_control_layout name="pxabnsnfns00001100101" />
          </else_actions>
        </if_action>
      </actions>
    </actiongroup>
    <actiongroup id="NavigationRestrictionNextSlide_5m04BTivyoR">
      <actions>
        <gotoplay window="_current" wndtype="normal">
          <objref type="string" value="_parent.6hZKMM9rU4Y" />
        </gotoplay>
      </actions>
    </actiongroup>
    <actiongroup id="NavigationRestrictionPreviousSlide_5m04BTivyoR">
      <actions>
        <history_prev />
      </actions>
    </actiongroup>
  </actiongroups>
  <events>
    <onbeforeslidein>
      <actions>
        <if_action>
          <condition>
            <compare operator="eq" valuea="WindowId" typea="property" valueb="_frame" typeb="string" />
          </condition>
          <then_actions>
            <set_frame_layout name="npnxnanbsnfns00001100101" />
          </then_actions>
          <else_actions>
            <set_window_control_layout name="npnxnanbsnfns00001100101" />
          </else_actions>
        </if_action>
      </actions>
    </onbeforeslidein>
    <onsubmitslide>
      <actions>
        <exe_actiongroup id="ActGrpOnSubmitButtonClick" />
      </actions>
    </onsubmitslide>
    <ontransitionin>
      <actions>
        <adjustvar variable="_player.LastSlideViewed_5Zxg3fY3Nhm" operator="set">
          <value type="string" value="_player." />
        </adjustvar>
        <adjustvar variable="_player.LastSlideViewed_5Zxg3fY3Nhm" operator="add">
          <value type="property" value="AbsoluteId" />
        </adjustvar>
        <if_action>
          <condition>
            <compare operator="eq" valuea="_player.ReviewMode_5mFwhrlXirM" typea="var" valueb="true" typeb="boolean" />
          </condition>
          <then_actions>
            <exe_actiongroup id="ReviewInt_5mFwhrlXirM" />
          </then_actions>
          <else_actions>
            <exe_actiongroup id="5mFwhrlXirM_CheckAnswered" />
          </else_actions>
        </if_action>
      </actions>
    </ontransitionin>
    <onnextslide>
      <actions>
        <if_action>
          <condition>
            <compare operator="eq" valuea="_player.ReviewMode_5mFwhrlXirM" typea="var" valueb="true" typeb="boolean" />
          </condition>
          <then_actions>
            <if_action>
              <condition>
                <compare operator="eq" valuea="_player.CurrentQuiz_5mFwhrlXirM" typea="var" valueb="5WfhuQ3hw1Y" typeb="string" />
              </condition>
              <then_actions>
                <nextviewedslide>
                  <quizref type="string" value="_player.5WfhuQ3hw1Y" />
                  <completed_slide_ref type="string" value="_player.6RoriILyZrf.6Am9SBi3ums" />
                </nextviewedslide>
              </then_actions>
              <else_actions>
                <debug_trace message="WARNING: question is in review mode, but not for any quiz that it's a part of" />
              </else_actions>
            </if_action>
          </then_actions>
          <else_actions>
            <exe_actiongroup id="NavigationRestrictionNextSlide_5m04BTivyoR" />
          </else_actions>
        </if_action>
      </actions>
    </onnextslide>
    <onprevslide>
      <actions>
        <exe_actiongroup id="NavigationRestrictionPreviousSlide_5m04BTivyoR" />
      </actions>
    </onprevslide>
  </events>
  <background type="fill">
    <fill type="linear" rotation="90">
      <colors>
        <color rgb="0xFFFFFF" alpha="100" stop="0" />
      </colors>
    </fill>
  </background>
  <timeline duration="5000">
    <events>
      <event time="0">
        <actions>
          <show transition="appear" duration="0" direction="0">
            <objref type="string" value="5mFwhrlXirM" />
          </show>
          <show transition="appear" duration="0" direction="0">
            <objref type="string" value="5mFwhrlXirM.5WopINznaTW" />
          </show>
          <show transition="appear" duration="0" direction="0">
            <objref type="string" value="5mFwhrlXirM.5djZ4A7nfdF" />
          </show>
          <show transition="appear" duration="0" direction="0">
            <objref type="string" value="5mFwhrlXirM.66fjVuWAJTr" />
          </show>
          <show transition="appear" duration="0" direction="0">
            <objref type="string" value="5nZ3Fgl0hE9" />
          </show>
        </actions>
      </event>
    </events>
  </timeline>
  <objects>
    <scrollarea id="5mFwhrlXirM" width="672" height="422" resume="true" usehandcursor="true" shapemaskid="" xpos="12" ypos="80" tabindex="1" tabenabled="false" xoffset="0" yoffset="0" rotatexpos="324" rotateypos="211" xscale="100" yscale="100" alpha="100" rotation="0" depth="1" scrolling="true" shufflelock="false" contentwidth="672" contentheight="138">
      <background type="vector">
        <vectordata left="0" top="0" right="672" bottom="422" alttext="Pick One" pngfb="false">
          <pr l="Lib" i="2" />
        </vectordata>
      </background>
      <data hotlinkid="" accstate="0">
        <html5data url="" xpos="36" ypos="80" width="648" height="422" strokewidth="0" />
      </data>
      <objects>
        <shufflegroup id="" width="0" height="0" resume="true" usehandcursor="true" shapemaskid="" xpos="0" ypos="0" tabindex="-1" tabenabled="true" xoffset="0" yoffset="0" rotatexpos="0" rotateypos="0" xscale="100" yscale="100" alpha="100" rotation="0" depth="1" scrolling="true" shufflelock="false" shuffle="true">
          <objects>
            <vectorshape id="5WopINznaTW" width="648" height="46" resume="true" usehandcursor="true" shapemaskid="" xpos="24" ypos="92" tabindex="4" tabenabled="true" xoffset="0" yoffset="0" rotatexpos="324" rotateypos="23" xscale="100" yscale="100" alpha="100" rotation="0" depth="1" scrolling="true" shufflelock="false" acctype="radio" cliptobounds="false" defaultaction="onrelease">
              <variables>
                <variable name="_hover" type="boolean" value="false" resume="true" />
                <variable name="_down" type="boolean" value="false" resume="true" />
                <variable name="_disabled" type="boolean" value="false" resume="true" />
                <variable name="_checked" type="boolean" value="false" resume="true" />
                <variable name="_state" type="string" value="_default" resume="true" />
                <variable name="_stateName" type="string" value="" resume="true" />
                <variable name="_tempStateName" type="string" value="" resume="false" />
              </variables>
              <actiongroups>
                <actiongroup id="ActGrpSetCheckedState">
                  <actions>
                    <adjustvar variable="_checked" operator="set">
                      <value type="boolean" value="true" />
                    </adjustvar>
                    <exe_actiongroup id="_player._setstates">
                      <scoperef type="string" value="_this" />
                    </exe_actiongroup>
                    <exe_actiongroup id="ActGrpUnchecked" />
                  </actions>
                </actiongroup>
                <actiongroup id="ActGrpUnchecked">
                  <actions>
                    <if_action>
                      <condition>
                        <compare operator="eq" valuea="_parent.66fjVuWAJTr._checked" typea="var" valueb="true" typeb="boolean" />
                      </condition>
                      <then_actions>
                        <adjustvar variable="_parent.66fjVuWAJTr._checked" operator="set">
                          <value type="boolean" value="false" />
                        </adjustvar>
                        <exe_actiongroup id="_player._setstates">
                          <scoperef type="string" value="_parent.66fjVuWAJTr" />
                        </exe_actiongroup>
                      </then_actions>
                    </if_action>
                    <if_action>
                      <condition>
                        <compare operator="eq" valuea="_parent.5djZ4A7nfdF._checked" typea="var" valueb="true" typeb="boolean" />
                      </condition>
                      <then_actions>
                        <adjustvar variable="_parent.5djZ4A7nfdF._checked" operator="set">
                          <value type="boolean" value="false" />
                        </adjustvar>
                        <exe_actiongroup id="_player._setstates">
                          <scoperef type="string" value="_parent.5djZ4A7nfdF" />
                        </exe_actiongroup>
                      </then_actions>
                    </if_action>
                  </actions>
                </actiongroup>
                <actiongroup id="ActGrpSetHoverState">
                  <actions>
                    <adjustvar variable="_hover" operator="set">
                      <value type="boolean" value="true" />
                    </adjustvar>
                    <exe_actiongroup id="_player._setstates">
                      <scoperef type="string" value="_this" />
                    </exe_actiongroup>
                  </actions>
                </actiongroup>
                <actiongroup id="ActGrpClearHoverState">
                  <actions>
                    <adjustvar variable="_hover" operator="set">
                      <value type="boolean" value="false" />
                    </adjustvar>
                    <exe_actiongroup id="_player._setstates">
                      <scoperef type="string" value="_this" />
                    </exe_actiongroup>
                  </actions>
                </actiongroup>
                <actiongroup id="ActGrpSetDisabledState">
                  <actions>
                    <adjustvar variable="_disabled" operator="set">
                      <value type="boolean" value="true" />
                    </adjustvar>
                    <exe_actiongroup id="_player._setstates">
                      <scoperef type="string" value="_this" />
                    </exe_actiongroup>
                  </actions>
                </actiongroup>
                <actiongroup id="ActGrpSetDownState">
                  <actions>
                    <adjustvar variable="_down" operator="set">
                      <value type="boolean" value="true" />
                    </adjustvar>
                    <exe_actiongroup id="_player._setstates">
                      <scoperef type="string" value="_this" />
                    </exe_actiongroup>
                  </actions>
                </actiongroup>
                <actiongroup id="ActGrpClearStateVars">
                  <actions>
                    <adjustvar variable="_hover" operator="set">
                      <value type="boolean" value="false" />
                    </adjustvar>
                    <adjustvar variable="_down" operator="set">
                      <value type="boolean" value="false" />
                    </adjustvar>
                    <adjustvar variable="_disabled" operator="set">
                      <value type="boolean" value="false" />
                    </adjustvar>
                    <adjustvar variable="_checked" operator="set">
                      <value type="boolean" value="false" />
                    </adjustvar>
                  </actions>
                </actiongroup>
              </actiongroups>
              <events>
                <ontransitionin>
                  <actions>
                    <exe_actiongroup id="_player._setstates">
                      <scoperef type="string" value="_this" />
                    </exe_actiongroup>
                  </actions>
                </ontransitionin>
                <onrollover>
                  <actions>
                    <exe_actiongroup id="ActGrpSetHoverState">
                      <scoperef type="string" value="_this" />
                    </exe_actiongroup>
                  </actions>
                </onrollover>
                <onrollout>
                  <actions>
                    <exe_actiongroup id="ActGrpClearHoverState">
                      <scoperef type="string" value="_this" />
                    </exe_actiongroup>
                  </actions>
                </onrollout>
                <onpress>
                  <actions>
                    <exe_actiongroup id="ActGrpSetDownState">
                      <scoperef type="string" value="_this" />
                    </exe_actiongroup>
                  </actions>
                </onpress>
                <onrelease>
                  <actions>
                    <exe_actiongroup id="ActGrpUnchecked" />
                    <adjustvar variable="_checked" operator="set">
                      <value type="boolean" value="true" />
                    </adjustvar>
                    <adjustvar variable="_down" operator="set">
                      <value type="boolean" value="false" />
                    </adjustvar>
                    <exe_actiongroup id="_player._setstates">
                      <scoperef type="string" value="_this" />
                    </exe_actiongroup>
                  </actions>
                </onrelease>
                <onreleaseoutside>
                  <actions>
                    <adjustvar variable="_down" operator="set">
                      <value type="boolean" value="false" />
                    </adjustvar>
                    <exe_actiongroup id="_player._setstates">
                      <scoperef type="string" value="_this" />
                    </exe_actiongroup>
                  </actions>
                </onreleaseoutside>
              </events>
              <data hotlinkid="" accstate="0">
                <vectordata left="-1" top="-1" right="648" bottom="46" alttext="Pick 3" pngfb="false">
                  <pr l="Lib" i="3" />
                </vectordata>
                <html5data xpos="-1" ypos="-1" width="649" height="47" strokewidth="0" />
              </data>
              <states>
                <state name="_default_Disabled">
                  <data hotlinkid="" accstate="1">
                    <vectordata left="-1" top="-1" right="648" bottom="46" alttext="Pick 3" pngfb="false">
                      <pr l="Lib" i="3" />
                    </vectordata>
                    <html5data xpos="-1" ypos="-1" width="649" height="47" strokewidth="3" />
                  </data>
                </state>
                <state name="_default_Down">
                  <data hotlinkid="" accstate="8">
                    <vectordata left="-1" top="-1" right="648" bottom="46" alttext="Pick 3" pngfb="false">
                      <pr l="Lib" i="3" />
                    </vectordata>
                    <html5data xpos="-1" ypos="-1" width="649" height="47" strokewidth="3" />
                  </data>
                </state>
                <state name="_default_Selected">
                  <data hotlinkid="" accstate="16">
                    <vectordata left="-1" top="-1" right="648" bottom="46" alttext="Pick 3" pngfb="false">
                      <pr l="Lib" i="4" />
                    </vectordata>
                    <html5data xpos="-1" ypos="-1" width="649" height="47" strokewidth="3" />
                  </data>
                </state>
                <state name="_default_Selected_Disabled">
                  <data hotlinkid="" accstate="17">
                    <vectordata left="-1" top="-1" right="648" bottom="46" alttext="Pick 3" pngfb="false">
                      <pr l="Lib" i="4" />
                    </vectordata>
                    <html5data xpos="-1" ypos="-1" width="649" height="47" strokewidth="3" />
                  </data>
                </state>
                <state name="_default_Down_Selected">
                  <data hotlinkid="" accstate="24">
                    <vectordata left="-1" top="-1" right="648" bottom="46" alttext="Pick 3" pngfb="false">
                      <pr l="Lib" i="4" />
                    </vectordata>
                    <html5data xpos="-1" ypos="-1" width="649" height="47" strokewidth="3" />
                  </data>
                </state>
                <state name="_default_Hover">
                  <data hotlinkid="" accstate="0">
                    <vectordata left="-1" top="-1" right="648" bottom="46" alttext="Pick 3" pngfb="false">
                      <pr l="Lib" i="5" />
                    </vectordata>
                    <html5data xpos="-1" ypos="-1" width="649" height="47" strokewidth="3" />
                  </data>
                </state>
                <state name="_default_Hover_Disabled">
                  <data hotlinkid="" accstate="1">
                    <vectordata left="-1" top="-1" right="648" bottom="46" alttext="Pick 3" pngfb="false">
                      <pr l="Lib" i="5" />
                    </vectordata>
                    <html5data xpos="-1" ypos="-1" width="649" height="47" strokewidth="3" />
                  </data>
                </state>
                <state name="_default_Hover_Down">
                  <data hotlinkid="" accstate="8">
                    <vectordata left="-1" top="-1" right="648" bottom="46" alttext="Pick 3" pngfb="false">
                      <pr l="Lib" i="5" />
                    </vectordata>
                    <html5data xpos="-1" ypos="-1" width="649" height="47" strokewidth="3" />
                  </data>
                </state>
                <state name="_default_Hover_Selected">
                  <data hotlinkid="" accstate="16">
                    <vectordata left="-1" top="-1" right="648" bottom="46" alttext="Pick 3" pngfb="false">
                      <pr l="Lib" i="6" />
                    </vectordata>
                    <html5data xpos="-1" ypos="-1" width="649" height="47" strokewidth="3" />
                  </data>
                </state>
                <state name="_default_Hover_Selected_Disabled">
                  <data hotlinkid="" accstate="17">
                    <vectordata left="-1" top="-1" right="648" bottom="46" alttext="Pick 3" pngfb="false">
                      <pr l="Lib" i="6" />
                    </vectordata>
                    <html5data xpos="-1" ypos="-1" width="649" height="47" strokewidth="3" />
                  </data>
                </state>
                <state name="_default_Hover_Down_Selected">
                  <data hotlinkid="" accstate="24">
                    <vectordata left="-1" top="-1" right="648" bottom="46" alttext="Pick 3" pngfb="false">
                      <pr l="Lib" i="6" />
                    </vectordata>
                    <html5data xpos="-1" ypos="-1" width="649" height="47" strokewidth="3" />
                  </data>
                </state>
              </states>
              <textlib>
                <textdata uniqueId="5uk90o8g62K_278779060" id="01" linkid="txt__default_5WopINznaTW" type="vectortext" xpos="0" ypos="0" width="0" height="0" shadowindex="-1">
                  <vectortext left="0" top="0" right="86" bottom="34" pngfb="false">
                    <pr l="Lib" i="124" />
                  </vectortext>
                </textdata>
              </textlib>
            </vectorshape>
            <vectorshape id="5djZ4A7nfdF" width="648" height="46" resume="true" usehandcursor="true" shapemaskid="" xpos="24" ypos="46" tabindex="3" tabenabled="true" xoffset="0" yoffset="0" rotatexpos="324" rotateypos="23" xscale="100" yscale="100" alpha="100" rotation="0" depth="2" scrolling="true" shufflelock="false" acctype="radio" cliptobounds="false" defaultaction="onrelease">
              <variables>
                <variable name="_hover" type="boolean" value="false" resume="true" />
                <variable name="_down" type="boolean" value="false" resume="true" />
                <variable name="_disabled" type="boolean" value="false" resume="true" />
                <variable name="_checked" type="boolean" value="false" resume="true" />
                <variable name="_state" type="string" value="_default" resume="true" />
                <variable name="_stateName" type="string" value="" resume="true" />
                <variable name="_tempStateName" type="string" value="" resume="false" />
              </variables>
              <actiongroups>
                <actiongroup id="ActGrpSetCheckedState">
                  <actions>
                    <adjustvar variable="_checked" operator="set">
                      <value type="boolean" value="true" />
                    </adjustvar>
                    <exe_actiongroup id="_player._setstates">
                      <scoperef type="string" value="_this" />
                    </exe_actiongroup>
                    <exe_actiongroup id="ActGrpUnchecked" />
                  </actions>
                </actiongroup>
                <actiongroup id="ActGrpUnchecked">
                  <actions>
                    <if_action>
                      <condition>
                        <compare operator="eq" valuea="_parent.66fjVuWAJTr._checked" typea="var" valueb="true" typeb="boolean" />
                      </condition>
                      <then_actions>
                        <adjustvar variable="_parent.66fjVuWAJTr._checked" operator="set">
                          <value type="boolean" value="false" />
                        </adjustvar>
                        <exe_actiongroup id="_player._setstates">
                          <scoperef type="string" value="_parent.66fjVuWAJTr" />
                        </exe_actiongroup>
                      </then_actions>
                    </if_action>
                    <if_action>
                      <condition>
                        <compare operator="eq" valuea="_parent.5WopINznaTW._checked" typea="var" valueb="true" typeb="boolean" />
                      </condition>
                      <then_actions>
                        <adjustvar variable="_parent.5WopINznaTW._checked" operator="set">
                          <value type="boolean" value="false" />
                        </adjustvar>
                        <exe_actiongroup id="_player._setstates">
                          <scoperef type="string" value="_parent.5WopINznaTW" />
                        </exe_actiongroup>
                      </then_actions>
                    </if_action>
                  </actions>
                </actiongroup>
                <actiongroup id="ActGrpSetHoverState">
                  <actions>
                    <adjustvar variable="_hover" operator="set">
                      <value type="boolean" value="true" />
                    </adjustvar>
                    <exe_actiongroup id="_player._setstates">
                      <scoperef type="string" value="_this" />
                    </exe_actiongroup>
                  </actions>
                </actiongroup>
                <actiongroup id="ActGrpClearHoverState">
                  <actions>
                    <adjustvar variable="_hover" operator="set">
                      <value type="boolean" value="false" />
                    </adjustvar>
                    <exe_actiongroup id="_player._setstates">
                      <scoperef type="string" value="_this" />
                    </exe_actiongroup>
                  </actions>
                </actiongroup>
                <actiongroup id="ActGrpSetDisabledState">
                  <actions>
                    <adjustvar variable="_disabled" operator="set">
                      <value type="boolean" value="true" />
                    </adjustvar>
                    <exe_actiongroup id="_player._setstates">
                      <scoperef type="string" value="_this" />
                    </exe_actiongroup>
                  </actions>
                </actiongroup>
                <actiongroup id="ActGrpSetDownState">
                  <actions>
                    <adjustvar variable="_down" operator="set">
                      <value type="boolean" value="true" />
                    </adjustvar>
                    <exe_actiongroup id="_player._setstates">
                      <scoperef type="string" value="_this" />
                    </exe_actiongroup>
                  </actions>
                </actiongroup>
                <actiongroup id="ActGrpClearStateVars">
                  <actions>
                    <adjustvar variable="_hover" operator="set">
                      <value type="boolean" value="false" />
                    </adjustvar>
                    <adjustvar variable="_down" operator="set">
                      <value type="boolean" value="false" />
                    </adjustvar>
                    <adjustvar variable="_disabled" operator="set">
                      <value type="boolean" value="false" />
                    </adjustvar>
                    <adjustvar variable="_checked" operator="set">
                      <value type="boolean" value="false" />
                    </adjustvar>
                  </actions>
                </actiongroup>
              </actiongroups>
              <events>
                <ontransitionin>
                  <actions>
                    <exe_actiongroup id="_player._setstates">
                      <scoperef type="string" value="_this" />
                    </exe_actiongroup>
                  </actions>
                </ontransitionin>
                <onrollover>
                  <actions>
                    <exe_actiongroup id="ActGrpSetHoverState">
                      <scoperef type="string" value="_this" />
                    </exe_actiongroup>
                  </actions>
                </onrollover>
                <onrollout>
                  <actions>
                    <exe_actiongroup id="ActGrpClearHoverState">
                      <scoperef type="string" value="_this" />
                    </exe_actiongroup>
                  </actions>
                </onrollout>
                <onpress>
                  <actions>
                    <exe_actiongroup id="ActGrpSetDownState">
                      <scoperef type="string" value="_this" />
                    </exe_actiongroup>
                  </actions>
                </onpress>
                <onrelease>
                  <actions>
                    <exe_actiongroup id="ActGrpUnchecked" />
                    <adjustvar variable="_checked" operator="set">
                      <value type="boolean" value="true" />
                    </adjustvar>
                    <adjustvar variable="_down" operator="set">
                      <value type="boolean" value="false" />
                    </adjustvar>
                    <exe_actiongroup id="_player._setstates">
                      <scoperef type="string" value="_this" />
                    </exe_actiongroup>
                  </actions>
                </onrelease>
                <onreleaseoutside>
                  <actions>
                    <adjustvar variable="_down" operator="set">
                      <value type="boolean" value="false" />
                    </adjustvar>
                    <exe_actiongroup id="_player._setstates">
                      <scoperef type="string" value="_this" />
                    </exe_actiongroup>
                  </actions>
                </onreleaseoutside>
              </events>
              <data hotlinkid="" accstate="0">
                <vectordata left="-1" top="-1" right="648" bottom="46" alttext="Pick 2" pngfb="false">
                  <pr l="Lib" i="3" />
                </vectordata>
                <html5data xpos="-1" ypos="-1" width="649" height="47" strokewidth="0" />
              </data>
              <states>
                <state name="_default_Disabled">
                  <data hotlinkid="" accstate="1">
                    <vectordata left="-1" top="-1" right="648" bottom="46" alttext="Pick 2" pngfb="false">
                      <pr l="Lib" i="3" />
                    </vectordata>
                    <html5data xpos="-1" ypos="-1" width="649" height="47" strokewidth="3" />
                  </data>
                </state>
                <state name="_default_Down">
                  <data hotlinkid="" accstate="8">
                    <vectordata left="-1" top="-1" right="648" bottom="46" alttext="Pick 2" pngfb="false">
                      <pr l="Lib" i="3" />
                    </vectordata>
                    <html5data xpos="-1" ypos="-1" width="649" height="47" strokewidth="3" />
                  </data>
                </state>
                <state name="_default_Selected">
                  <data hotlinkid="" accstate="16">
                    <vectordata left="-1" top="-1" right="648" bottom="46" alttext="Pick 2" pngfb="false">
                      <pr l="Lib" i="4" />
                    </vectordata>
                    <html5data xpos="-1" ypos="-1" width="649" height="47" strokewidth="3" />
                  </data>
                </state>
                <state name="_default_Selected_Disabled">
                  <data hotlinkid="" accstate="17">
                    <vectordata left="-1" top="-1" right="648" bottom="46" alttext="Pick 2" pngfb="false">
                      <pr l="Lib" i="4" />
                    </vectordata>
                    <html5data xpos="-1" ypos="-1" width="649" height="47" strokewidth="3" />
                  </data>
                </state>
                <state name="_default_Down_Selected">
                  <data hotlinkid="" accstate="24">
                    <vectordata left="-1" top="-1" right="648" bottom="46" alttext="Pick 2" pngfb="false">
                      <pr l="Lib" i="4" />
                    </vectordata>
                    <html5data xpos="-1" ypos="-1" width="649" height="47" strokewidth="3" />
                  </data>
                </state>
                <state name="_default_Hover">
                  <data hotlinkid="" accstate="0">
                    <vectordata left="-1" top="-1" right="648" bottom="46" alttext="Pick 2" pngfb="false">
                      <pr l="Lib" i="5" />
                    </vectordata>
                    <html5data xpos="-1" ypos="-1" width="649" height="47" strokewidth="3" />
                  </data>
                </state>
                <state name="_default_Hover_Disabled">
                  <data hotlinkid="" accstate="1">
                    <vectordata left="-1" top="-1" right="648" bottom="46" alttext="Pick 2" pngfb="false">
                      <pr l="Lib" i="5" />
                    </vectordata>
                    <html5data xpos="-1" ypos="-1" width="649" height="47" strokewidth="3" />
                  </data>
                </state>
                <state name="_default_Hover_Down">
                  <data hotlinkid="" accstate="8">
                    <vectordata left="-1" top="-1" right="648" bottom="46" alttext="Pick 2" pngfb="false">
                      <pr l="Lib" i="5" />
                    </vectordata>
                    <html5data xpos="-1" ypos="-1" width="649" height="47" strokewidth="3" />
                  </data>
                </state>
                <state name="_default_Hover_Selected">
                  <data hotlinkid="" accstate="16">
                    <vectordata left="-1" top="-1" right="648" bottom="46" alttext="Pick 2" pngfb="false">
                      <pr l="Lib" i="6" />
                    </vectordata>
                    <html5data xpos="-1" ypos="-1" width="649" height="47" strokewidth="3" />
                  </data>
                </state>
                <state name="_default_Hover_Selected_Disabled">
                  <data hotlinkid="" accstate="17">
                    <vectordata left="-1" top="-1" right="648" bottom="46" alttext="Pick 2" pngfb="false">
                      <pr l="Lib" i="6" />
                    </vectordata>
                    <html5data xpos="-1" ypos="-1" width="649" height="47" strokewidth="3" />
                  </data>
                </state>
                <state name="_default_Hover_Down_Selected">
                  <data hotlinkid="" accstate="24">
                    <vectordata left="-1" top="-1" right="648" bottom="46" alttext="Pick 2" pngfb="false">
                      <pr l="Lib" i="6" />
                    </vectordata>
                    <html5data xpos="-1" ypos="-1" width="649" height="47" strokewidth="3" />
                  </data>
                </state>
              </states>
              <textlib>
                <textdata uniqueId="5pfCwvWxkt5_359203911" id="01" linkid="txt__default_5djZ4A7nfdF" type="vectortext" xpos="0" ypos="0" width="0" height="0" shadowindex="-1">
                  <vectortext left="0" top="0" right="86" bottom="34" pngfb="false">
                    <pr l="Lib" i="125" />
                  </vectortext>
                </textdata>
              </textlib>
            </vectorshape>
            <vectorshape id="66fjVuWAJTr" width="648" height="46" resume="true" usehandcursor="true" shapemaskid="" xpos="24" ypos="0" tabindex="2" tabenabled="true" xoffset="0" yoffset="0" rotatexpos="324" rotateypos="23" xscale="100" yscale="100" alpha="100" rotation="0" depth="3" scrolling="true" shufflelock="false" acctype="radio" cliptobounds="false" defaultaction="onrelease">
              <variables>
                <variable name="_hover" type="boolean" value="false" resume="true" />
                <variable name="_down" type="boolean" value="false" resume="true" />
                <variable name="_disabled" type="boolean" value="false" resume="true" />
                <variable name="_checked" type="boolean" value="false" resume="true" />
                <variable name="_state" type="string" value="_default" resume="true" />
                <variable name="_stateName" type="string" value="" resume="true" />
                <variable name="_tempStateName" type="string" value="" resume="false" />
              </variables>
              <actiongroups>
                <actiongroup id="ActGrpSetCheckedState">
                  <actions>
                    <adjustvar variable="_checked" operator="set">
                      <value type="boolean" value="true" />
                    </adjustvar>
                    <exe_actiongroup id="_player._setstates">
                      <scoperef type="string" value="_this" />
                    </exe_actiongroup>
                    <exe_actiongroup id="ActGrpUnchecked" />
                  </actions>
                </actiongroup>
                <actiongroup id="ActGrpUnchecked">
                  <actions>
                    <if_action>
                      <condition>
                        <compare operator="eq" valuea="_parent.5djZ4A7nfdF._checked" typea="var" valueb="true" typeb="boolean" />
                      </condition>
                      <then_actions>
                        <adjustvar variable="_parent.5djZ4A7nfdF._checked" operator="set">
                          <value type="boolean" value="false" />
                        </adjustvar>
                        <exe_actiongroup id="_player._setstates">
                          <scoperef type="string" value="_parent.5djZ4A7nfdF" />
                        </exe_actiongroup>
                      </then_actions>
                    </if_action>
                    <if_action>
                      <condition>
                        <compare operator="eq" valuea="_parent.5WopINznaTW._checked" typea="var" valueb="true" typeb="boolean" />
                      </condition>
                      <then_actions>
                        <adjustvar variable="_parent.5WopINznaTW._checked" operator="set">
                          <value type="boolean" value="false" />
                        </adjustvar>
                        <exe_actiongroup id="_player._setstates">
                          <scoperef type="string" value="_parent.5WopINznaTW" />
                        </exe_actiongroup>
                      </then_actions>
                    </if_action>
                  </actions>
                </actiongroup>
                <actiongroup id="ActGrpSetHoverState">
                  <actions>
                    <adjustvar variable="_hover" operator="set">
                      <value type="boolean" value="true" />
                    </adjustvar>
                    <exe_actiongroup id="_player._setstates">
                      <scoperef type="string" value="_this" />
                    </exe_actiongroup>
                  </actions>
                </actiongroup>
                <actiongroup id="ActGrpClearHoverState">
                  <actions>
                    <adjustvar variable="_hover" operator="set">
                      <value type="boolean" value="false" />
                    </adjustvar>
                    <exe_actiongroup id="_player._setstates">
                      <scoperef type="string" value="_this" />
                    </exe_actiongroup>
                  </actions>
                </actiongroup>
                <actiongroup id="ActGrpSetDisabledState">
                  <actions>
                    <adjustvar variable="_disabled" operator="set">
                      <value type="boolean" value="true" />
                    </adjustvar>
                    <exe_actiongroup id="_player._setstates">
                      <scoperef type="string" value="_this" />
                    </exe_actiongroup>
                  </actions>
                </actiongroup>
                <actiongroup id="ActGrpSetDownState">
                  <actions>
                    <adjustvar variable="_down" operator="set">
                      <value type="boolean" value="true" />
                    </adjustvar>
                    <exe_actiongroup id="_player._setstates">
                      <scoperef type="string" value="_this" />
                    </exe_actiongroup>
                  </actions>
                </actiongroup>
                <actiongroup id="ActGrpClearStateVars">
                  <actions>
                    <adjustvar variable="_hover" operator="set">
                      <value type="boolean" value="false" />
                    </adjustvar>
                    <adjustvar variable="_down" operator="set">
                      <value type="boolean" value="false" />
                    </adjustvar>
                    <adjustvar variable="_disabled" operator="set">
                      <value type="boolean" value="false" />
                    </adjustvar>
                    <adjustvar variable="_checked" operator="set">
                      <value type="boolean" value="false" />
                    </adjustvar>
                  </actions>
                </actiongroup>
              </actiongroups>
              <events>
                <ontransitionin>
                  <actions>
                    <exe_actiongroup id="_player._setstates">
                      <scoperef type="string" value="_this" />
                    </exe_actiongroup>
                  </actions>
                </ontransitionin>
                <onrollover>
                  <actions>
                    <exe_actiongroup id="ActGrpSetHoverState">
                      <scoperef type="string" value="_this" />
                    </exe_actiongroup>
                  </actions>
                </onrollover>
                <onrollout>
                  <actions>
                    <exe_actiongroup id="ActGrpClearHoverState">
                      <scoperef type="string" value="_this" />
                    </exe_actiongroup>
                  </actions>
                </onrollout>
                <onpress>
                  <actions>
                    <exe_actiongroup id="ActGrpSetDownState">
                      <scoperef type="string" value="_this" />
                    </exe_actiongroup>
                  </actions>
                </onpress>
                <onrelease>
                  <actions>
                    <exe_actiongroup id="ActGrpUnchecked" />
                    <adjustvar variable="_checked" operator="set">
                      <value type="boolean" value="true" />
                    </adjustvar>
                    <adjustvar variable="_down" operator="set">
                      <value type="boolean" value="false" />
                    </adjustvar>
                    <exe_actiongroup id="_player._setstates">
                      <scoperef type="string" value="_this" />
                    </exe_actiongroup>
                  </actions>
                </onrelease>
                <onreleaseoutside>
                  <actions>
                    <adjustvar variable="_down" operator="set">
                      <value type="boolean" value="false" />
                    </adjustvar>
                    <exe_actiongroup id="_player._setstates">
                      <scoperef type="string" value="_this" />
                    </exe_actiongroup>
                  </actions>
                </onreleaseoutside>
              </events>
              <data hotlinkid="" accstate="0">
                <vectordata left="-1" top="-1" right="648" bottom="46" alttext="Pick 1" pngfb="false">
                  <pr l="Lib" i="3" />
                </vectordata>
                <html5data xpos="-1" ypos="-1" width="649" height="47" strokewidth="0" />
              </data>
              <states>
                <state name="_default_Disabled">
                  <data hotlinkid="" accstate="1">
                    <vectordata left="-1" top="-1" right="648" bottom="46" alttext="Pick 1" pngfb="false">
                      <pr l="Lib" i="3" />
                    </vectordata>
                    <html5data xpos="-1" ypos="-1" width="649" height="47" strokewidth="3" />
                  </data>
                </state>
                <state name="_default_Down">
                  <data hotlinkid="" accstate="8">
                    <vectordata left="-1" top="-1" right="648" bottom="46" alttext="Pick 1" pngfb="false">
                      <pr l="Lib" i="3" />
                    </vectordata>
                    <html5data xpos="-1" ypos="-1" width="649" height="47" strokewidth="3" />
                  </data>
                </state>
                <state name="_default_Selected">
                  <data hotlinkid="" accstate="16">
                    <vectordata left="-1" top="-1" right="648" bottom="46" alttext="Pick 1" pngfb="false">
                      <pr l="Lib" i="4" />
                    </vectordata>
                    <html5data xpos="-1" ypos="-1" width="649" height="47" strokewidth="3" />
                  </data>
                </state>
                <state name="_default_Selected_Disabled">
                  <data hotlinkid="" accstate="17">
                    <vectordata left="-1" top="-1" right="648" bottom="46" alttext="Pick 1" pngfb="false">
                      <pr l="Lib" i="4" />
                    </vectordata>
                    <html5data xpos="-1" ypos="-1" width="649" height="47" strokewidth="3" />
                  </data>
                </state>
                <state name="_default_Down_Selected">
                  <data hotlinkid="" accstate="24">
                    <vectordata left="-1" top="-1" right="648" bottom="46" alttext="Pick 1" pngfb="false">
                      <pr l="Lib" i="4" />
                    </vectordata>
                    <html5data xpos="-1" ypos="-1" width="649" height="47" strokewidth="3" />
                  </data>
                </state>
                <state name="_default_Hover">
                  <data hotlinkid="" accstate="0">
                    <vectordata left="-1" top="-1" right="648" bottom="46" alttext="Pick 1" pngfb="false">
                      <pr l="Lib" i="5" />
                    </vectordata>
                    <html5data xpos="-1" ypos="-1" width="649" height="47" strokewidth="3" />
                  </data>
                </state>
                <state name="_default_Hover_Disabled">
                  <data hotlinkid="" accstate="1">
                    <vectordata left="-1" top="-1" right="648" bottom="46" alttext="Pick 1" pngfb="false">
                      <pr l="Lib" i="5" />
                    </vectordata>
                    <html5data xpos="-1" ypos="-1" width="649" height="47" strokewidth="3" />
                  </data>
                </state>
                <state name="_default_Hover_Down">
                  <data hotlinkid="" accstate="8">
                    <vectordata left="-1" top="-1" right="648" bottom="46" alttext="Pick 1" pngfb="false">
                      <pr l="Lib" i="5" />
                    </vectordata>
                    <html5data xpos="-1" ypos="-1" width="649" height="47" strokewidth="3" />
                  </data>
                </state>
                <state name="_default_Hover_Selected">
                  <data hotlinkid="" accstate="16">
                    <vectordata left="-1" top="-1" right="648" bottom="46" alttext="Pick 1" pngfb="false">
                      <pr l="Lib" i="6" />
                    </vectordata>
                    <html5data xpos="-1" ypos="-1" width="649" height="47" strokewidth="3" />
                  </data>
                </state>
                <state name="_default_Hover_Selected_Disabled">
                  <data hotlinkid="" accstate="17">
                    <vectordata left="-1" top="-1" right="648" bottom="46" alttext="Pick 1" pngfb="false">
                      <pr l="Lib" i="6" />
                    </vectordata>
                    <html5data xpos="-1" ypos="-1" width="649" height="47" strokewidth="3" />
                  </data>
                </state>
                <state name="_default_Hover_Down_Selected">
                  <data hotlinkid="" accstate="24">
                    <vectordata left="-1" top="-1" right="648" bottom="46" alttext="Pick 1" pngfb="false">
                      <pr l="Lib" i="6" />
                    </vectordata>
                    <html5data xpos="-1" ypos="-1" width="649" height="47" strokewidth="3" />
                  </data>
                </state>
              </states>
              <textlib>
                <textdata uniqueId="5i9TKfUqr6A_190233340" id="01" linkid="txt__default_66fjVuWAJTr" type="vectortext" xpos="0" ypos="0" width="0" height="0" shadowindex="-1">
                  <vectortext left="0" top="0" right="86" bottom="34" pngfb="false">
                    <pr l="Lib" i="126" />
                  </vectortext>
                </textdata>
              </textlib>
            </vectorshape>
          </objects>
        </shufflegroup>
      </objects>
    </scrollarea>
    <vectorshape id="5nZ3Fgl0hE9" width="648" height="44" resume="true" usehandcursor="true" shapemaskid="" xpos="36" ypos="22" tabindex="0" tabenabled="true" xoffset="0" yoffset="0" rotatexpos="324" rotateypos="22" xscale="100" yscale="100" alpha="100" rotation="0" depth="2" scrolling="true" shufflelock="false" acctype="text" cliptobounds="false" defaultaction="">
      <data hotlinkid="" accstate="0">
        <vectordata left="0" top="0" right="648" bottom="44" alttext="Pick One" pngfb="false">
          <pr l="Lib" i="11" />
        </vectordata>
        <html5data xpos="-1" ypos="-1" width="649" height="45" strokewidth="0" />
      </data>
      <textlib>
        <textdata uniqueId="5nZ3Fgl0hE9_-935047581" id="01" linkid="txt__default_5nZ3Fgl0hE9" type="vectortext" xpos="0" ypos="0" width="0" height="0" shadowindex="-1">
          <vectortext left="0" top="0" right="110" bottom="39" pngfb="false">
            <pr l="Lib" i="127" />
          </vectortext>
        </textdata>
      </textlib>
    </vectorshape>
    <vectorshape id="5mFwhrlXirM_CorrectReview" width="720" height="40" resume="false" usehandcursor="true" shapemaskid="" xpos="0" ypos="500" tabindex="5" tabenabled="true" xoffset="0" yoffset="0" rotatexpos="360" rotateypos="20" xscale="100" yscale="100" alpha="100" rotation="0" depth="3" scrolling="true" shufflelock="false" acctype="text" cliptobounds="false" defaultaction="">
      <events>
        <onrelease>
          <actions>
            <hide transition="appear" duration="0" direction="0">
              <objref type="string" value="_this" />
            </hide>
          </actions>
        </onrelease>
      </events>
      <data hotlinkid="" accstate="0">
        <vectordata left="-1" top="-1" right="720" bottom="40" alttext="Correct" pngfb="false">
          <pr l="Lib" i="13" />
        </vectordata>
      </data>
      <textlib>
        <textdata uniqueId="5mFwhrlXirM_CorrectReview" id="01" linkid="5mFwhrlXirM_CorrectReview" type="vectortext" xpos="0" ypos="0" width="0" height="0" shadowindex="-1">
          <vectortext left="0" top="0" right="400" bottom="37" pngfb="false">
            <pr l="Lib" i="14" />
          </vectortext>
        </textdata>
      </textlib>
    </vectorshape>
    <vectorshape id="5mFwhrlXirM_IncorrectReview" width="720" height="40" resume="false" usehandcursor="true" shapemaskid="" xpos="0" ypos="500" tabindex="6" tabenabled="true" xoffset="0" yoffset="0" rotatexpos="360" rotateypos="20" xscale="100" yscale="100" alpha="100" rotation="0" depth="4" scrolling="true" shufflelock="false" acctype="text" cliptobounds="false" defaultaction="">
      <events>
        <onrelease>
          <actions>
            <hide transition="appear" duration="0" direction="0">
              <objref type="string" value="_this" />
            </hide>
          </actions>
        </onrelease>
      </events>
      <data hotlinkid="" accstate="0">
        <vectordata left="-1" top="-1" right="720" bottom="40" alttext="Incorrect" pngfb="false">
          <pr l="Lib" i="15" />
        </vectordata>
      </data>
      <textlib>
        <textdata uniqueId="5mFwhrlXirM_IncorrectReview" id="01" linkid="5mFwhrlXirM_IncorrectReview" type="vectortext" xpos="0" ypos="0" width="0" height="0" shadowindex="-1">
          <vectortext left="0" top="0" right="409" bottom="37" pngfb="false">
            <pr l="Lib" i="16" />
          </vectortext>
        </textdata>
      </textlib>
    </vectorshape>
  </objects>
  <presenterref id="none" />
</slide>