﻿<?xml version="1.0" encoding="utf-8"?>
<slide xmlns:xsi="http://www.w3.org/2001/XMLSchema-instance" xmlns:xsd="http://www.w3.org/2001/XMLSchema" id="5XSqE72iNvf" width="720" height="540" resume="true" usehandcursor="false" enableseek="true" enablereplay="true" lmsid="Slide16" starttime="-1" elapsedtimemode="normal" title="Which word" trackviews="true" showmenuresulticon="false" viewgroupid="" historygroupid="" videozoom="" scrolling="false" transition="appear" transduration="0" transdir="1" wipetrans="false" slidelock="false" navindex="-1" globalaudioid="" thumbnailid="" showanimationid="">
  <actiongroups>
    <actiongroup id="ActGrpOnSubmitButtonClick">
      <actions>
        <if_action>
          <condition>
            <compare operator="noteq" valuea="6nYIJi4S1TF.DragConnectData" typea="property" valueb="" typeb="string" />
          </condition>
          <then_actions>
            <eval_interaction id="_this.64wA3P1vpgz" />
          </then_actions>
          <else_actions>
            <gotoplay window="MessageWnd" wndtype="normal">
              <objref type="string" value="_player.MsgScene_5Zxg3fY3Nhm.InvalidPromptSlide" />
            </gotoplay>
          </else_actions>
        </if_action>
      </actions>
    </actiongroup>
    <actiongroup id="ReviewInt_6mUrFn5nDtL">
      <actions>
        <set_enabled>
          <objref type="string" value="6mUrFn5nDtL.6gO6s89g941" />
          <enabled type="boolean" value="false" />
        </set_enabled>
        <set_enabled>
          <objref type="string" value="6mUrFn5nDtL.5weSKVAjKb4" />
          <enabled type="boolean" value="false" />
        </set_enabled>
        <set_enabled>
          <objref type="string" value="6mUrFn5nDtL.6iye5ehRMkA" />
          <enabled type="boolean" value="false" />
        </set_enabled>
        <set_enabled>
          <objref type="string" value="6nYIJi4S1TF" />
          <enabled type="boolean" value="false" />
        </set_enabled>
        <if_action>
          <condition>
            <compare operator="eq" valuea="_player.CurrentQuiz_6mUrFn5nDtL" typea="var" valueb="5WfhuQ3hw1Y" typeb="string" />
          </condition>
          <then_actions>
            <exe_actiongroup id="SetLayout_pxabnsnfns00001100101" />
            <if_action>
              <condition>
                <compare operator="eq" valuea="_player.5WfhuQ3hw1Y.Passed" typea="property" valueb="true" typeb="boolean" />
              </condition>
              <then_actions>
                <exe_actiongroup id="ReviewIntCorrectIncorrect_6mUrFn5nDtL" />
              </then_actions>
            </if_action>
            <if_action>
              <condition>
                <compare operator="eq" valuea="_player.5WfhuQ3hw1Y.Passed" typea="property" valueb="false" typeb="boolean" />
              </condition>
              <then_actions>
                <exe_actiongroup id="ReviewIntCorrectIncorrect_6mUrFn5nDtL" />
              </then_actions>
            </if_action>
          </then_actions>
        </if_action>
      </actions>
    </actiongroup>
    <actiongroup id="ReviewIntCorrectIncorrect_6mUrFn5nDtL">
      <actions />
    </actiongroup>
    <actiongroup id="AnsweredInt_6mUrFn5nDtL">
      <actions>
        <exe_actiongroup id="DisableChoices_6mUrFn5nDtL" />
        <if_action>
          <condition>
            <compare operator="eq" valuea="WindowId" typea="property" valueb="_frame" typeb="string" />
          </condition>
          <then_actions>
            <set_frame_layout name="pxabnsnfns00001100101" />
          </then_actions>
          <else_actions>
            <set_window_control_layout name="pxabnsnfns00001100101" />
          </else_actions>
        </if_action>
      </actions>
    </actiongroup>
    <actiongroup id="DisableChoices_6mUrFn5nDtL">
      <actions>
        <set_enabled>
          <objref type="string" value="6mUrFn5nDtL.6gO6s89g941" />
          <enabled type="boolean" value="false" />
        </set_enabled>
        <set_enabled>
          <objref type="string" value="6mUrFn5nDtL.5weSKVAjKb4" />
          <enabled type="boolean" value="false" />
        </set_enabled>
        <set_enabled>
          <objref type="string" value="6mUrFn5nDtL.6iye5ehRMkA" />
          <enabled type="boolean" value="false" />
        </set_enabled>
        <set_enabled>
          <objref type="string" value="6nYIJi4S1TF" />
          <enabled type="boolean" value="false" />
        </set_enabled>
      </actions>
    </actiongroup>
    <actiongroup id="6mUrFn5nDtL_CheckAnswered">
      <actions>
        <if_action>
          <condition>
            <compare operator="gte" valuea="64wA3P1vpgz.AttemptCount" typea="property" valueb="1" typeb="number" />
          </condition>
          <then_actions>
            <exe_actiongroup id="AnsweredInt_6mUrFn5nDtL" />
          </then_actions>
        </if_action>
      </actions>
    </actiongroup>
    <actiongroup id="SetLayout_pxabnsnfns00001100101">
      <actions>
        <if_action>
          <condition>
            <compare operator="eq" valuea="WindowId" typea="property" valueb="_frame" typeb="string" />
          </condition>
          <then_actions>
            <set_frame_layout name="pxabnsnfns00001100101" />
          </then_actions>
          <else_actions>
            <set_window_control_layout name="pxabnsnfns00001100101" />
          </else_actions>
        </if_action>
      </actions>
    </actiongroup>
    <actiongroup id="NavigationRestrictionNextSlide_5XSqE72iNvf">
      <actions>
        <gotoplay window="_current" wndtype="normal">
          <objref type="string" value="_parent.6YqpBkUvDNB" />
        </gotoplay>
      </actions>
    </actiongroup>
    <actiongroup id="NavigationRestrictionPreviousSlide_5XSqE72iNvf">
      <actions>
        <history_prev />
      </actions>
    </actiongroup>
  </actiongroups>
  <events>
    <onbeforeslidein>
      <actions>
        <if_action>
          <condition>
            <compare operator="eq" valuea="WindowId" typea="property" valueb="_frame" typeb="string" />
          </condition>
          <then_actions>
            <set_frame_layout name="npnxnanbsnfns00001100101" />
          </then_actions>
          <else_actions>
            <set_window_control_layout name="npnxnanbsnfns00001100101" />
          </else_actions>
        </if_action>
      </actions>
    </onbeforeslidein>
    <onsubmitslide>
      <actions>
        <exe_actiongroup id="ActGrpOnSubmitButtonClick" />
      </actions>
    </onsubmitslide>
    <ontransitionin>
      <actions>
        <adjustvar variable="_player.LastSlideViewed_5Zxg3fY3Nhm" operator="set">
          <value type="string" value="_player." />
        </adjustvar>
        <adjustvar variable="_player.LastSlideViewed_5Zxg3fY3Nhm" operator="add">
          <value type="property" value="AbsoluteId" />
        </adjustvar>
        <if_action>
          <condition>
            <compare operator="eq" valuea="_player.ReviewMode_6mUrFn5nDtL" typea="var" valueb="true" typeb="boolean" />
          </condition>
          <then_actions>
            <exe_actiongroup id="ReviewInt_6mUrFn5nDtL" />
          </then_actions>
          <else_actions>
            <exe_actiongroup id="6mUrFn5nDtL_CheckAnswered" />
          </else_actions>
        </if_action>
      </actions>
    </ontransitionin>
    <onnextslide>
      <actions>
        <if_action>
          <condition>
            <compare operator="eq" valuea="_player.ReviewMode_6mUrFn5nDtL" typea="var" valueb="true" typeb="boolean" />
          </condition>
          <then_actions>
            <if_action>
              <condition>
                <compare operator="eq" valuea="_player.CurrentQuiz_6mUrFn5nDtL" typea="var" valueb="5WfhuQ3hw1Y" typeb="string" />
              </condition>
              <then_actions>
                <nextviewedslide>
                  <quizref type="string" value="_player.5WfhuQ3hw1Y" />
                  <completed_slide_ref type="string" value="_player.6RoriILyZrf.6Am9SBi3ums" />
                </nextviewedslide>
              </then_actions>
              <else_actions>
                <debug_trace message="WARNING: question is in review mode, but not for any quiz that it's a part of" />
              </else_actions>
            </if_action>
          </then_actions>
          <else_actions>
            <exe_actiongroup id="NavigationRestrictionNextSlide_5XSqE72iNvf" />
          </else_actions>
        </if_action>
      </actions>
    </onnextslide>
    <onprevslide>
      <actions>
        <exe_actiongroup id="NavigationRestrictionPreviousSlide_5XSqE72iNvf" />
      </actions>
    </onprevslide>
  </events>
  <background type="fill">
    <fill type="linear" rotation="90">
      <colors>
        <color rgb="0xFFFFFF" alpha="100" stop="0" />
      </colors>
    </fill>
  </background>
  <timeline duration="5000">
    <events>
      <event time="0">
        <actions>
          <show transition="appear" duration="0" direction="0">
            <objref type="string" value="6mUrFn5nDtL" />
          </show>
          <show transition="appear" duration="0" direction="0">
            <objref type="string" value="6mUrFn5nDtL.6iye5ehRMkA" />
          </show>
          <show transition="appear" duration="0" direction="0">
            <objref type="string" value="6mUrFn5nDtL.5weSKVAjKb4" />
          </show>
          <show transition="appear" duration="0" direction="0">
            <objref type="string" value="6mUrFn5nDtL.6gO6s89g941" />
          </show>
          <show transition="appear" duration="0" direction="0">
            <objref type="string" value="6nYIJi4S1TF" />
          </show>
          <show transition="appear" duration="0" direction="0">
            <objref type="string" value="5pnFcXf0Rxw" />
          </show>
        </actions>
      </event>
    </events>
  </timeline>
  <objects>
    <scrollarea id="6mUrFn5nDtL" width="648" height="369" resume="true" usehandcursor="true" shapemaskid="" xpos="36" ypos="133" tabindex="2" tabenabled="false" xoffset="0" yoffset="0" rotatexpos="324" rotateypos="184.5" xscale="100" yscale="100" alpha="100" rotation="0" depth="1" scrolling="true" shufflelock="false" contentwidth="598" contentheight="118">
      <background type="vector">
        <vectordata left="0" top="0" right="648" bottom="369" alttext="Which Word" pngfb="false">
          <pr l="Lib" i="51" />
        </vectordata>
      </background>
      <data hotlinkid="" accstate="0">
        <html5data url="" xpos="36" ypos="133" width="648" height="369" strokewidth="0" />
      </data>
      <objects>
        <shufflegroup id="" width="0" height="0" resume="true" usehandcursor="true" shapemaskid="" xpos="0" ypos="0" tabindex="-1" tabenabled="true" xoffset="0" yoffset="0" rotatexpos="0" rotateypos="0" xscale="100" yscale="100" alpha="100" rotation="0" depth="1" scrolling="true" shufflelock="false" shuffle="true">
          <objects>
            <dragitem id="6iye5ehRMkA" width="598" height="28" resume="true" usehandcursor="true" shapemaskid="" xpos="15" ypos="90" tabindex="5" tabenabled="true" xoffset="0" yoffset="0" rotatexpos="299" rotateypos="14" xscale="100" yscale="100" alpha="100" rotation="0" depth="1" scrolling="true" shufflelock="false" style="wordbank" connectdata="choices.choice_6iye5ehRMkA" reviewdata="0">
              <colors>
                <color name="hover">
                  <fill type="linear" rotation="90">
                    <colors>
                      <color rgb="0xB7FDFF" alpha="100" stop="0" />
                      <color rgb="0xA1EDEF" alpha="100" stop="100" />
                    </colors>
                  </fill>
                </color>
              </colors>
              <data hotlinkid="" accstate="0">
                <textdata uniqueId="txt_6iye5ehRMkA_-553093209" type="vectortext" alttext="Word 3" xpos="0" ypos="0" width="0" height="0" shadowindex="-1">
                  <vectortext left="0" top="0" right="65" bottom="25" pngfb="false">
                    <pr l="Lib" i="132" />
                  </vectortext>
                </textdata>
                <html5data xpos="-1" ypos="-1" width="599" height="29" strokewidth="0" />
              </data>
            </dragitem>
            <dragitem id="5weSKVAjKb4" width="598" height="28" resume="true" usehandcursor="true" shapemaskid="" xpos="15" ypos="47" tabindex="4" tabenabled="true" xoffset="0" yoffset="0" rotatexpos="299" rotateypos="14" xscale="100" yscale="100" alpha="100" rotation="0" depth="2" scrolling="true" shufflelock="false" style="wordbank" connectdata="choices.choice_5weSKVAjKb4" reviewdata="0">
              <colors>
                <color name="hover">
                  <fill type="linear" rotation="90">
                    <colors>
                      <color rgb="0xB7FDFF" alpha="100" stop="0" />
                      <color rgb="0xA1EDEF" alpha="100" stop="100" />
                    </colors>
                  </fill>
                </color>
              </colors>
              <data hotlinkid="" accstate="0">
                <textdata uniqueId="txt_5weSKVAjKb4_-222025662" type="vectortext" alttext="Word 2" xpos="0" ypos="0" width="0" height="0" shadowindex="-1">
                  <vectortext left="0" top="0" right="65" bottom="25" pngfb="false">
                    <pr l="Lib" i="133" />
                  </vectortext>
                </textdata>
                <html5data xpos="-1" ypos="-1" width="599" height="29" strokewidth="0" />
              </data>
            </dragitem>
            <dragitem id="6gO6s89g941" width="598" height="28" resume="true" usehandcursor="true" shapemaskid="" xpos="15" ypos="4" tabindex="3" tabenabled="true" xoffset="0" yoffset="0" rotatexpos="299" rotateypos="14" xscale="100" yscale="100" alpha="100" rotation="0" depth="3" scrolling="true" shufflelock="false" style="wordbank" connectdata="choices.choice_6gO6s89g941" reviewdata="0">
              <colors>
                <color name="hover">
                  <fill type="linear" rotation="90">
                    <colors>
                      <color rgb="0xB7FDFF" alpha="100" stop="0" />
                      <color rgb="0xA1EDEF" alpha="100" stop="100" />
                    </colors>
                  </fill>
                </color>
              </colors>
              <data hotlinkid="" accstate="0">
                <textdata uniqueId="txt_6gO6s89g941_-1704223238" type="vectortext" alttext="Word 1" xpos="0" ypos="0" width="0" height="0" shadowindex="-1">
                  <vectortext left="0" top="0" right="65" bottom="25" pngfb="false">
                    <pr l="Lib" i="134" />
                  </vectortext>
                </textdata>
                <html5data xpos="-1" ypos="-1" width="599" height="29" strokewidth="0" />
              </data>
            </dragitem>
          </objects>
        </shufflegroup>
      </objects>
    </scrollarea>
    <droparea id="6nYIJi4S1TF" width="598" height="28" resume="true" usehandcursor="true" shapemaskid="" xpos="30" ypos="80" tabindex="1" tabenabled="true" xoffset="0" yoffset="0" rotatexpos="299" rotateypos="14" xscale="100" yscale="100" alpha="100" rotation="0" depth="2" scrolling="true" shufflelock="false" style="wordbank" reviewdata="0">
      <colors>
        <color name="hover">
          <fill type="linear" rotation="90">
            <colors>
              <color rgb="0x6BF4FE" alpha="100" stop="0" />
            </colors>
          </fill>
        </color>
      </colors>
    </droparea>
    <vectorshape id="5pnFcXf0Rxw" width="648" height="44" resume="true" usehandcursor="true" shapemaskid="" xpos="36" ypos="22" tabindex="0" tabenabled="true" xoffset="0" yoffset="0" rotatexpos="324" rotateypos="22" xscale="100" yscale="100" alpha="100" rotation="0" depth="3" scrolling="true" shufflelock="false" acctype="text" cliptobounds="false" defaultaction="">
      <data hotlinkid="" accstate="0">
        <vectordata left="0" top="0" right="648" bottom="44" alttext="Which word" pngfb="false">
          <pr l="Lib" i="11" />
        </vectordata>
        <html5data xpos="-1" ypos="-1" width="649" height="45" strokewidth="0" />
      </data>
      <textlib>
        <textdata uniqueId="5pnFcXf0Rxw_-533620415" id="01" linkid="txt__default_5pnFcXf0Rxw" type="vectortext" xpos="0" ypos="0" width="0" height="0" shadowindex="-1">
          <vectortext left="0" top="0" right="146" bottom="39" pngfb="false">
            <pr l="Lib" i="135" />
          </vectortext>
        </textdata>
      </textlib>
    </vectorshape>
    <vectorshape id="6mUrFn5nDtL_CorrectReview" width="720" height="40" resume="false" usehandcursor="true" shapemaskid="" xpos="0" ypos="500" tabindex="6" tabenabled="true" xoffset="0" yoffset="0" rotatexpos="360" rotateypos="20" xscale="100" yscale="100" alpha="100" rotation="0" depth="4" scrolling="true" shufflelock="false" acctype="text" cliptobounds="false" defaultaction="">
      <events>
        <onrelease>
          <actions>
            <hide transition="appear" duration="0" direction="0">
              <objref type="string" value="_this" />
            </hide>
          </actions>
        </onrelease>
      </events>
      <data hotlinkid="" accstate="0">
        <vectordata left="-1" top="-1" right="720" bottom="40" alttext="Correct" pngfb="false">
          <pr l="Lib" i="13" />
        </vectordata>
      </data>
      <textlib>
        <textdata uniqueId="6mUrFn5nDtL_CorrectReview" id="01" linkid="6mUrFn5nDtL_CorrectReview" type="vectortext" xpos="0" ypos="0" width="0" height="0" shadowindex="-1">
          <vectortext left="0" top="0" right="400" bottom="37" pngfb="false">
            <pr l="Lib" i="14" />
          </vectortext>
        </textdata>
      </textlib>
    </vectorshape>
    <vectorshape id="6mUrFn5nDtL_IncorrectReview" width="720" height="40" resume="false" usehandcursor="true" shapemaskid="" xpos="0" ypos="500" tabindex="7" tabenabled="true" xoffset="0" yoffset="0" rotatexpos="360" rotateypos="20" xscale="100" yscale="100" alpha="100" rotation="0" depth="5" scrolling="true" shufflelock="false" acctype="text" cliptobounds="false" defaultaction="">
      <events>
        <onrelease>
          <actions>
            <hide transition="appear" duration="0" direction="0">
              <objref type="string" value="_this" />
            </hide>
          </actions>
        </onrelease>
      </events>
      <data hotlinkid="" accstate="0">
        <vectordata left="-1" top="-1" right="720" bottom="40" alttext="Incorrect" pngfb="false">
          <pr l="Lib" i="15" />
        </vectordata>
      </data>
      <textlib>
        <textdata uniqueId="6mUrFn5nDtL_IncorrectReview" id="01" linkid="6mUrFn5nDtL_IncorrectReview" type="vectortext" xpos="0" ypos="0" width="0" height="0" shadowindex="-1">
          <vectortext left="0" top="0" right="409" bottom="37" pngfb="false">
            <pr l="Lib" i="16" />
          </vectortext>
        </textdata>
      </textlib>
    </vectorshape>
  </objects>
  <presenterref id="none" />
</slide>