﻿<?xml version="1.0" encoding="utf-8"?>
<slide xmlns:xsi="http://www.w3.org/2001/XMLSchema-instance" xmlns:xsd="http://www.w3.org/2001/XMLSchema" id="5yfP7sYGhNr" width="720" height="540" resume="true" usehandcursor="false" enableseek="true" enablereplay="true" lmsid="Slide12" starttime="-1" elapsedtimemode="normal" title="Hotspot – Correct hotspot area is the Storyline 360 text" trackviews="true" showmenuresulticon="false" viewgroupid="" historygroupid="" videozoom="" scrolling="false" transition="appear" transduration="0" transdir="1" wipetrans="false" slidelock="false" navindex="-1" globalaudioid="" thumbnailid="" showanimationid="">
  <variables>
    <variable name="hotspot_5vEXxqdqOdD_xpos" type="number" value="-1" resume="true" />
    <variable name="hotspot_5vEXxqdqOdD_ypos" type="number" value="-1" resume="true" />
  </variables>
  <actiongroups>
    <actiongroup id="ActGrpOnSubmitButtonClick">
      <actions>
        <if_action>
          <condition>
            <compare operator="noteq" valuea="hotspot_5vEXxqdqOdD_xpos" typea="var" valueb="-1" typeb="number" />
          </condition>
          <then_actions>
            <eval_interaction id="_this.60RRlB8C9sA" />
          </then_actions>
          <else_actions>
            <gotoplay window="MessageWnd" wndtype="normal">
              <objref type="string" value="_player.MsgScene_5Zxg3fY3Nhm.InvalidPromptSlide" />
            </gotoplay>
          </else_actions>
        </if_action>
      </actions>
    </actiongroup>
    <actiongroup id="ReviewInt_5vEXxqdqOdD">
      <actions>
        <set_enabled>
          <objref type="string" value="6d38hgD0eM7" />
          <enabled type="boolean" value="false" />
        </set_enabled>
        <if_action>
          <condition>
            <compare operator="eq" valuea="60RRlB8C9sA.Status" typea="property" valueb="correct" typeb="string" />
          </condition>
          <then_actions>
            <show transition="appear" duration="0" direction="0">
              <objref type="string" value="5vEXxqdqOdD_CorrectReview" />
            </show>
          </then_actions>
          <else_actions>
            <show transition="appear" duration="0" direction="0">
              <objref type="string" value="5vEXxqdqOdD_IncorrectReview" />
            </show>
          </else_actions>
        </if_action>
        <if_action>
          <condition>
            <compare operator="eq" valuea="_player.CurrentQuiz_5vEXxqdqOdD" typea="var" valueb="5WfhuQ3hw1Y" typeb="string" />
          </condition>
          <then_actions>
            <exe_actiongroup id="SetLayout_pxabnsnfns00001100101" />
            <show transition="appear" duration="0" direction="0">
              <objref type="string" value="hotspot_5vEXxqdqOdD_marker" />
            </show>
            <moveto addoffsetx="true" addoffsety="true">
              <objref type="string" value="hotspot_5vEXxqdqOdD_marker" />
              <xpos type="var" value="hotspot_5vEXxqdqOdD_xpos" />
              <ypos type="var" value="hotspot_5vEXxqdqOdD_ypos" />
              <xoffset type="number" value="-5" />
              <yoffset type="number" value="-5" />
            </moveto>
            <if_action>
              <condition>
                <compare operator="eq" valuea="_player.5WfhuQ3hw1Y.Passed" typea="property" valueb="true" typeb="boolean" />
              </condition>
              <then_actions>
                <exe_actiongroup id="ReviewIntCorrectIncorrect_5vEXxqdqOdD" />
              </then_actions>
            </if_action>
            <if_action>
              <condition>
                <compare operator="eq" valuea="_player.5WfhuQ3hw1Y.Passed" typea="property" valueb="false" typeb="boolean" />
              </condition>
              <then_actions>
                <exe_actiongroup id="ReviewIntCorrectIncorrect_5vEXxqdqOdD" />
              </then_actions>
            </if_action>
          </then_actions>
        </if_action>
        <set_review>
          <objref type="string" value="hotspot_5vEXxqdqOdD" />
          <enabled type="boolean" value="true" />
        </set_review>
      </actions>
    </actiongroup>
    <actiongroup id="ReviewIntCorrectIncorrect_5vEXxqdqOdD">
      <actions>
        <if_action>
          <condition>
            <compare operator="eq" valuea="6d38hgD0eM7.OnStage" typea="property" valueb="false" typeb="boolean" />
          </condition>
          <then_actions>
            <show transition="appear" duration="0" direction="0">
              <objref type="string" value="6d38hgD0eM7" />
            </show>
          </then_actions>
        </if_action>
        <exe_actiongroup id="6d38hgD0eM7.ActGrpSetReviewState" />
        <set_enabled>
          <objref type="string" value="6d38hgD0eM7" />
          <enabled type="boolean" value="false" />
        </set_enabled>
      </actions>
    </actiongroup>
    <actiongroup id="AnsweredInt_5vEXxqdqOdD">
      <actions>
        <exe_actiongroup id="DisableChoices_5vEXxqdqOdD" />
        <if_action>
          <condition>
            <compare operator="eq" valuea="WindowId" typea="property" valueb="_frame" typeb="string" />
          </condition>
          <then_actions>
            <set_frame_layout name="pxabnsnfns00001100101" />
          </then_actions>
          <else_actions>
            <set_window_control_layout name="pxabnsnfns00001100101" />
          </else_actions>
        </if_action>
      </actions>
    </actiongroup>
    <actiongroup id="DisableChoices_5vEXxqdqOdD">
      <actions>
        <set_enabled>
          <objref type="string" value="6d38hgD0eM7" />
          <enabled type="boolean" value="false" />
        </set_enabled>
      </actions>
    </actiongroup>
    <actiongroup id="5vEXxqdqOdD_CheckAnswered">
      <actions>
        <if_action>
          <condition>
            <or>
              <compare operator="eq" valuea="60RRlB8C9sA.Status" typea="property" valueb="correct" typeb="string" />
              <compare operator="eq" valuea="_player.5WfhuQ3hw1Y.QuizComplete" typea="property" valueb="true" typeb="boolean" />
            </or>
          </condition>
          <then_actions>
            <exe_actiongroup id="AnsweredInt_5vEXxqdqOdD" />
          </then_actions>
          <else_actions>
            <if_action>
              <condition>
                <compare operator="eq" valuea="60RRlB8C9sA.Status" typea="property" valueb="incorrect" typeb="string" />
              </condition>
              <then_actions>
                <if_action>
                  <condition>
                    <compare operator="gte" valuea="60RRlB8C9sA.AttemptCount" typea="property" valueb="1" typeb="number" />
                  </condition>
                  <then_actions>
                    <exe_actiongroup id="AnsweredInt_5vEXxqdqOdD" />
                  </then_actions>
                </if_action>
              </then_actions>
            </if_action>
          </else_actions>
        </if_action>
      </actions>
    </actiongroup>
    <actiongroup id="SetLayout_pxabnsnfns00001100101">
      <actions>
        <if_action>
          <condition>
            <compare operator="eq" valuea="WindowId" typea="property" valueb="_frame" typeb="string" />
          </condition>
          <then_actions>
            <set_frame_layout name="pxabnsnfns00001100101" />
          </then_actions>
          <else_actions>
            <set_window_control_layout name="pxabnsnfns00001100101" />
          </else_actions>
        </if_action>
      </actions>
    </actiongroup>
    <actiongroup id="CloseFeedback">
      <actions>
        <if_action>
          <condition>
            <compare operator="eq" valuea="_player.5WfhuQ3hw1Y.QuizComplete" typea="property" valueb="true" typeb="boolean" />
          </condition>
          <then_actions>
            <hide_slidelayer transition="appear" duration="0" direction="0">
              <objref type="string" value="6NXBGfIEhvx" />
            </hide_slidelayer>
            <hide_slidelayer transition="appear" duration="0" direction="0">
              <objref type="string" value="5c8jQcn6Xl3" />
            </hide_slidelayer>
          </then_actions>
        </if_action>
      </actions>
    </actiongroup>
    <actiongroup id="NavigationRestrictionNextSlide_5yfP7sYGhNr">
      <actions>
        <gotoplay window="_current" wndtype="normal">
          <objref type="string" value="_parent.6V2zEVN7wJe" />
        </gotoplay>
      </actions>
    </actiongroup>
    <actiongroup id="NavigationRestrictionPreviousSlide_5yfP7sYGhNr">
      <actions>
        <history_prev />
      </actions>
    </actiongroup>
  </actiongroups>
  <events>
    <onbeforeslidein>
      <actions>
        <if_action>
          <condition>
            <compare operator="eq" valuea="WindowId" typea="property" valueb="_frame" typeb="string" />
          </condition>
          <then_actions>
            <set_frame_layout name="npnxnanbsnfns00001100101" />
          </then_actions>
          <else_actions>
            <set_window_control_layout name="npnxnanbsnfns00001100101" />
          </else_actions>
        </if_action>
      </actions>
    </onbeforeslidein>
    <onsubmitslide>
      <actions>
        <exe_actiongroup id="ActGrpOnSubmitButtonClick" />
      </actions>
    </onsubmitslide>
    <ontransitionin>
      <actions>
        <adjustvar variable="_player.LastSlideViewed_5Zxg3fY3Nhm" operator="set">
          <value type="string" value="_player." />
        </adjustvar>
        <adjustvar variable="_player.LastSlideViewed_5Zxg3fY3Nhm" operator="add">
          <value type="property" value="AbsoluteId" />
        </adjustvar>
        <if_action>
          <condition>
            <compare operator="eq" valuea="_player.ReviewMode_5vEXxqdqOdD" typea="var" valueb="true" typeb="boolean" />
          </condition>
          <then_actions>
            <exe_actiongroup id="ReviewInt_5vEXxqdqOdD" />
          </then_actions>
          <else_actions>
            <exe_actiongroup id="5vEXxqdqOdD_CheckAnswered" />
          </else_actions>
        </if_action>
        <exe_actiongroup id="CloseFeedback" />
      </actions>
    </ontransitionin>
    <onnextslide>
      <actions>
        <if_action>
          <condition>
            <compare operator="eq" valuea="_player.ReviewMode_5vEXxqdqOdD" typea="var" valueb="true" typeb="boolean" />
          </condition>
          <then_actions>
            <if_action>
              <condition>
                <compare operator="eq" valuea="_player.CurrentQuiz_5vEXxqdqOdD" typea="var" valueb="5WfhuQ3hw1Y" typeb="string" />
              </condition>
              <then_actions>
                <nextviewedslide>
                  <quizref type="string" value="_player.5WfhuQ3hw1Y" />
                  <completed_slide_ref type="string" value="_player.6RoriILyZrf.6Am9SBi3ums" />
                </nextviewedslide>
              </then_actions>
              <else_actions>
                <debug_trace message="WARNING: question is in review mode, but not for any quiz that it's a part of" />
              </else_actions>
            </if_action>
          </then_actions>
          <else_actions>
            <exe_actiongroup id="NavigationRestrictionNextSlide_5yfP7sYGhNr" />
          </else_actions>
        </if_action>
      </actions>
    </onnextslide>
    <onprevslide>
      <actions>
        <exe_actiongroup id="NavigationRestrictionPreviousSlide_5yfP7sYGhNr" />
      </actions>
    </onprevslide>
  </events>
  <background type="fill">
    <fill type="linear" rotation="90">
      <colors>
        <color rgb="0xFFFFFF" alpha="100" stop="0" />
      </colors>
    </fill>
  </background>
  <timeline duration="5000">
    <events>
      <event time="0">
        <actions>
          <show transition="appear" duration="0" direction="0">
            <objref type="string" value="6gNAVVmVvDt" />
          </show>
          <show transition="appear" duration="0" direction="0">
            <objref type="string" value="hotspot_5vEXxqdqOdD" />
          </show>
          <show transition="appear" duration="0" direction="0">
            <objref type="string" value="6riiIZu2Khq" />
          </show>
          <show transition="appear" duration="0" direction="0">
            <objref type="string" value="6d38hgD0eM7" />
          </show>
        </actions>
      </event>
    </events>
  </timeline>
  <objects>
    <vectorshape id="hotspot_5vEXxqdqOdD" width="720" height="540" resume="true" usehandcursor="true" shapemaskid="" xpos="0" ypos="0" tabindex="13" tabenabled="false" xoffset="0" yoffset="0" rotatexpos="360" rotateypos="270" xscale="100" yscale="100" alpha="100" rotation="0" depth="1" scrolling="true" shufflelock="false" acctype="text" cliptobounds="false" defaultaction="">
      <events>
        <onrelease>
          <actions>
            <get_mouse_position>
              <xvar type="string" value="_parent.hotspot_5vEXxqdqOdD_xpos" />
              <yvar type="string" value="_parent.hotspot_5vEXxqdqOdD_ypos" />
            </get_mouse_position>
            <show transition="appear" duration="0" direction="0">
              <objref type="string" value="_parent.hotspot_5vEXxqdqOdD_marker" />
            </show>
            <moveto addoffsetx="true" addoffsety="true">
              <objref type="string" value="_parent.hotspot_5vEXxqdqOdD_marker" />
              <xpos type="var" value="_parent.hotspot_5vEXxqdqOdD_xpos" />
              <ypos type="var" value="_parent.hotspot_5vEXxqdqOdD_ypos" />
              <xoffset type="number" value="0" />
              <yoffset type="number" value="0" />
            </moveto>
          </actions>
        </onrelease>
      </events>
      <data hotlinkid="" accstate="0">
        <vectordata left="0" top="0" right="720" bottom="540" pngfb="false">
          <pr l="Lib" i="92" />
        </vectordata>
      </data>
    </vectorshape>
    <vectorshape id="6gNAVVmVvDt" width="648" height="399" resume="true" usehandcursor="true" shapemaskid="" xpos="36" ypos="91" tabindex="11" tabenabled="true" xoffset="0" yoffset="0" rotatexpos="324" rotateypos="199.5" xscale="100" yscale="100" alpha="100" rotation="0" depth="2" scrolling="true" shufflelock="false" acctype="image" cliptobounds="false" defaultaction="">
      <events>
        <onrelease>
          <actions>
            <get_mouse_position>
              <xvar type="string" value="_parent.hotspot_5vEXxqdqOdD_xpos" />
              <yvar type="string" value="_parent.hotspot_5vEXxqdqOdD_ypos" />
            </get_mouse_position>
            <show transition="appear" duration="0" direction="0">
              <objref type="string" value="_parent.hotspot_5vEXxqdqOdD_marker" />
            </show>
            <moveto addoffsetx="true" addoffsety="true">
              <objref type="string" value="_parent.hotspot_5vEXxqdqOdD_marker" />
              <xpos type="var" value="_parent.hotspot_5vEXxqdqOdD_xpos" />
              <ypos type="var" value="_parent.hotspot_5vEXxqdqOdD_ypos" />
              <xoffset type="number" value="0" />
              <yoffset type="number" value="0" />
            </moveto>
          </actions>
        </onrelease>
      </events>
      <data hotlinkid="" accstate="0">
        <vectordata left="0" top="0" right="648" bottom="399" alttext="Current beta build.png" pngfb="false">
          <pr l="Lib" i="93" />
        </vectordata>
      </data>
      <imagelib>
        <imagedata assetId="0" id="01" url="story_content/5fY9MzMUZMv_80_DX1296_DY1296.swf" type="normal" alttext="Current beta build.png" width="809" height="498" mobiledx="0" mobiledy="0" />
      </imagelib>
    </vectorshape>
    <vectorshape id="6riiIZu2Khq" width="680" height="44" resume="true" usehandcursor="true" shapemaskid="" xpos="16" ypos="22" tabindex="10" tabenabled="true" xoffset="0" yoffset="0" rotatexpos="340" rotateypos="22" xscale="100" yscale="100" alpha="100" rotation="0" depth="3" scrolling="true" shufflelock="false" acctype="text" cliptobounds="false" defaultaction="">
      <events>
        <onrelease>
          <actions>
            <get_mouse_position>
              <xvar type="string" value="_parent.hotspot_5vEXxqdqOdD_xpos" />
              <yvar type="string" value="_parent.hotspot_5vEXxqdqOdD_ypos" />
            </get_mouse_position>
            <show transition="appear" duration="0" direction="0">
              <objref type="string" value="_parent.hotspot_5vEXxqdqOdD_marker" />
            </show>
            <moveto addoffsetx="true" addoffsety="true">
              <objref type="string" value="_parent.hotspot_5vEXxqdqOdD_marker" />
              <xpos type="var" value="_parent.hotspot_5vEXxqdqOdD_xpos" />
              <ypos type="var" value="_parent.hotspot_5vEXxqdqOdD_ypos" />
              <xoffset type="number" value="0" />
              <yoffset type="number" value="0" />
            </moveto>
          </actions>
        </onrelease>
      </events>
      <data hotlinkid="" accstate="0">
        <vectordata left="0" top="0" right="680" bottom="44" alttext="Hotspot – Correct hotspot area is the Storyline 360 text" pngfb="false">
          <pr l="Lib" i="94" />
        </vectordata>
        <html5data xpos="-1" ypos="-1" width="681" height="45" strokewidth="0" />
      </data>
      <textlib>
        <textdata uniqueId="6riiIZu2Khq_484522814" id="01" linkid="txt__default_6riiIZu2Khq" type="vectortext" xpos="0" ypos="0" width="0" height="0" shadowindex="-1">
          <vectortext left="0" top="0" right="643" bottom="39" pngfb="false">
            <pr l="Lib" i="95" />
          </vectortext>
        </textdata>
      </textlib>
    </vectorshape>
    <vectorshape id="6d38hgD0eM7" width="312" height="64" resume="true" usehandcursor="true" shapemaskid="" xpos="46" ypos="235" tabindex="14" tabenabled="false" xoffset="0" yoffset="0" rotatexpos="155.5" rotateypos="31.5" xscale="100" yscale="100" alpha="100" rotation="0" depth="4" scrolling="true" shufflelock="false" acctype="text" cliptobounds="false" defaultaction="">
      <variables>
        <variable name="_review" type="boolean" value="false" resume="true" />
        <variable name="_state" type="string" value="_default" resume="true" />
        <variable name="_disabled" type="boolean" value="false" resume="true" />
        <variable name="_stateName" type="string" value="" resume="true" />
        <variable name="_tempStateName" type="string" value="" resume="false" />
      </variables>
      <actiongroups>
        <actiongroup id="ActGrpSetReviewState">
          <actions>
            <adjustvar variable="_review" operator="set">
              <value type="boolean" value="true" />
            </adjustvar>
            <exe_actiongroup id="_player._setstates">
              <scoperef type="string" value="_this" />
            </exe_actiongroup>
          </actions>
        </actiongroup>
        <actiongroup id="ActGrpClearStateVars">
          <actions>
            <adjustvar variable="_review" operator="set">
              <value type="boolean" value="false" />
            </adjustvar>
          </actions>
        </actiongroup>
      </actiongroups>
      <events>
        <ontransitionin>
          <actions>
            <exe_actiongroup id="_player._setstates">
              <scoperef type="string" value="_this" />
            </exe_actiongroup>
          </actions>
        </ontransitionin>
        <onrelease>
          <actions>
            <get_mouse_position>
              <xvar type="string" value="_parent.hotspot_5vEXxqdqOdD_xpos" />
              <yvar type="string" value="_parent.hotspot_5vEXxqdqOdD_ypos" />
            </get_mouse_position>
            <show transition="appear" duration="0" direction="0">
              <objref type="string" value="_parent.hotspot_5vEXxqdqOdD_marker" />
            </show>
            <moveto addoffsetx="true" addoffsety="true">
              <objref type="string" value="_parent.hotspot_5vEXxqdqOdD_marker" />
              <xpos type="var" value="_parent.hotspot_5vEXxqdqOdD_xpos" />
              <ypos type="var" value="_parent.hotspot_5vEXxqdqOdD_ypos" />
              <xoffset type="number" value="0" />
              <yoffset type="number" value="0" />
            </moveto>
          </actions>
        </onrelease>
      </events>
      <data hotlinkid="" accstate="0">
        <vectordata left="0" top="0" right="313" bottom="64" alttext="Oval Hotspot 2" pngfb="false">
          <pr l="Lib" i="96" />
        </vectordata>
        <html5data xpos="-1" ypos="-1" width="313" height="65" strokewidth="0" />
      </data>
      <states>
        <state name="_default_Review">
          <data hotlinkid="" accstate="0">
            <vectordata left="-1" top="-1" right="314" bottom="65" alttext="Oval Hotspot 1" pngfb="false">
              <pr l="Lib" i="97" />
            </vectordata>
            <html5data xpos="-1" ypos="-1" width="315" height="66" strokewidth="2" />
          </data>
        </state>
      </states>
    </vectorshape>
    <vectorshape id="hotspot_5vEXxqdqOdD_marker" width="10" height="10" resume="true" usehandcursor="true" shapemaskid="" xpos="-30" ypos="-30" tabindex="12" tabenabled="false" xoffset="0" yoffset="0" rotatexpos="5" rotateypos="5" xscale="100" yscale="100" alpha="100" rotation="0" depth="5" scrolling="true" shufflelock="false" acctype="text" cliptobounds="false" defaultaction="">
      <data hotlinkid="" accstate="0">
        <vectordata left="0" top="0" right="0" bottom="0" pngfb="false">
          <pr l="Lib" i="98" />
        </vectordata>
      </data>
      <imagelib>
        <imagedata assetId="1" id="01" url="story_content/hotspot_marker.swf" type="normal" width="10" height="10" mobiledx="0" mobiledy="0" />
      </imagelib>
    </vectorshape>
    <vectorshape id="5vEXxqdqOdD_CorrectReview" width="720" height="40" resume="false" usehandcursor="true" shapemaskid="" xpos="0" ypos="500" tabindex="15" tabenabled="true" xoffset="0" yoffset="0" rotatexpos="360" rotateypos="20" xscale="100" yscale="100" alpha="100" rotation="0" depth="6" scrolling="true" shufflelock="false" acctype="text" cliptobounds="false" defaultaction="">
      <events>
        <onrelease>
          <actions>
            <hide transition="appear" duration="0" direction="0">
              <objref type="string" value="_this" />
            </hide>
          </actions>
        </onrelease>
      </events>
      <data hotlinkid="" accstate="0">
        <vectordata left="-1" top="-1" right="720" bottom="40" alttext="Correct" pngfb="false">
          <pr l="Lib" i="13" />
        </vectordata>
      </data>
      <textlib>
        <textdata uniqueId="5vEXxqdqOdD_CorrectReview" id="01" linkid="5vEXxqdqOdD_CorrectReview" type="vectortext" xpos="0" ypos="0" width="0" height="0" shadowindex="-1">
          <vectortext left="0" top="0" right="400" bottom="37" pngfb="false">
            <pr l="Lib" i="14" />
          </vectortext>
        </textdata>
      </textlib>
    </vectorshape>
    <vectorshape id="5vEXxqdqOdD_IncorrectReview" width="720" height="40" resume="false" usehandcursor="true" shapemaskid="" xpos="0" ypos="500" tabindex="16" tabenabled="true" xoffset="0" yoffset="0" rotatexpos="360" rotateypos="20" xscale="100" yscale="100" alpha="100" rotation="0" depth="7" scrolling="true" shufflelock="false" acctype="text" cliptobounds="false" defaultaction="">
      <events>
        <onrelease>
          <actions>
            <hide transition="appear" duration="0" direction="0">
              <objref type="string" value="_this" />
            </hide>
          </actions>
        </onrelease>
      </events>
      <data hotlinkid="" accstate="0">
        <vectordata left="-1" top="-1" right="720" bottom="40" alttext="Incorrect" pngfb="false">
          <pr l="Lib" i="15" />
        </vectordata>
      </data>
      <textlib>
        <textdata uniqueId="5vEXxqdqOdD_IncorrectReview" id="01" linkid="5vEXxqdqOdD_IncorrectReview" type="vectortext" xpos="0" ypos="0" width="0" height="0" shadowindex="-1">
          <vectortext left="0" top="0" right="409" bottom="37" pngfb="false">
            <pr l="Lib" i="16" />
          </vectortext>
        </textdata>
      </textlib>
    </vectorshape>
  </objects>
  <presenterref id="none" />
  <slidelayers>
    <slidelayer id="6NXBGfIEhvx" width="720" height="540" resume="true" usehandcursor="false" enableseek="true" enablereplay="true" lmsid="" starttime="-1" elapsedtimemode="normal" depth="0" modal="true" pauseparent="true" rotatexpos="360" rotateypos="270" tabindex="-1">
      <events>
        <ontopmostlayer>
          <actions>
            <setactivetimeline>
              <objref type="string" value="_this" />
            </setactivetimeline>
          </actions>
        </ontopmostlayer>
        <ontransitionin>
          <actions>
            <enable_frame_control name="submit" enable="false" />
          </actions>
        </ontransitionin>
        <ontransitionout>
          <actions>
            <enable_frame_control name="submit" enable="true" />
          </actions>
        </ontransitionout>
        <ontransitionincomplete>
          <actions>
            <setfocus showrect="false">
              <value type="string" value="6RfjG04cmvZ" />
            </setfocus>
          </actions>
        </ontransitionincomplete>
      </events>
      <timeline duration="5000">
        <events>
          <event time="0">
            <actions>
              <show transition="appear" duration="0" direction="0">
                <objref type="string" value="6RfjG04cmvZ" />
              </show>
              <show transition="appear" duration="0" direction="0">
                <objref type="string" value="5hJy3iAnw3x" />
              </show>
              <show transition="appear" duration="0" direction="0">
                <objref type="string" value="5YuA6hQGt0t" />
              </show>
              <show transition="appear" duration="0" direction="0">
                <objref type="string" value="67F1PIeokp7" />
              </show>
              <show transition="appear" duration="0" direction="0">
                <objref type="string" value="5zn4ncnxwIt" />
              </show>
            </actions>
          </event>
        </events>
      </timeline>
      <objects>
        <vectorshape id="67F1PIeokp7" width="436" height="190" resume="true" usehandcursor="false" shapemaskid="" xpos="142" ypos="175" tabindex="5" tabenabled="false" xoffset="0" yoffset="0" rotatexpos="218" rotateypos="95" xscale="100" yscale="100" alpha="100" rotation="0" depth="1" scrolling="false" shufflelock="false" acctype="text" cliptobounds="false" defaultaction="">
          <data hotlinkid="" accstate="0">
            <vectordata left="-2" top="-2" right="438" bottom="192" alttext="" pngfb="false">
              <pr l="Lib" i="17" />
            </vectordata>
            <html5data xpos="-1" ypos="-1" width="437" height="191" strokewidth="1" />
          </data>
        </vectorshape>
        <vectorshape id="5zn4ncnxwIt" width="400" height="0" resume="true" usehandcursor="false" shapemaskid="" xpos="160" ypos="228" tabindex="7" tabenabled="false" xoffset="0" yoffset="0" rotatexpos="199.5" rotateypos="-0.5" xscale="100" yscale="100" alpha="100" rotation="0" depth="2" scrolling="false" shufflelock="false" acctype="text" cliptobounds="false" defaultaction="">
          <data hotlinkid="" accstate="0">
            <vectordata left="-2" top="-2" right="402" bottom="2" alttext="" pngfb="false">
              <pr l="Lib" i="18" />
            </vectordata>
            <html5data xpos="-1" ypos="-1" width="401" height="1" strokewidth="1" />
          </data>
        </vectorshape>
        <vectorshape id="6RfjG04cmvZ" width="400" height="38" resume="true" usehandcursor="true" shapemaskid="" xpos="160" ypos="187" tabindex="6" tabenabled="true" xoffset="0" yoffset="0" rotatexpos="200" rotateypos="19" xscale="100" yscale="100" alpha="100" rotation="0" depth="3" scrolling="true" shufflelock="false" acctype="text" cliptobounds="false" defaultaction="">
          <data hotlinkid="" accstate="0">
            <vectordata left="0" top="0" right="400" bottom="38" alttext="Correct" pngfb="false">
              <pr l="Lib" i="19" />
            </vectordata>
            <html5data xpos="-1" ypos="-1" width="401" height="39" strokewidth="0" />
          </data>
          <textlib>
            <textdata uniqueId="6RfjG04cmvZ_921559220" id="01" linkid="txt__default_6RfjG04cmvZ" type="vectortext" xpos="0" ypos="0" width="0" height="0" shadowindex="-1">
              <vectortext left="0" top="0" right="81" bottom="32" pngfb="false">
                <pr l="Lib" i="20" />
              </vectortext>
            </textdata>
          </textlib>
        </vectorshape>
        <vectorshape id="5hJy3iAnw3x" width="400" height="77" resume="true" usehandcursor="true" shapemaskid="" xpos="160" ypos="234" tabindex="8" tabenabled="true" xoffset="0" yoffset="0" rotatexpos="200" rotateypos="38.5" xscale="100" yscale="100" alpha="100" rotation="0" depth="4" scrolling="true" shufflelock="false" acctype="text" cliptobounds="false" defaultaction="">
          <data hotlinkid="" accstate="0">
            <vectordata left="0" top="0" right="400" bottom="77" alttext="That's right!  You selected the correct response." pngfb="false">
              <pr l="Lib" i="21" />
            </vectordata>
            <html5data xpos="-1" ypos="-1" width="401" height="78" strokewidth="0" />
          </data>
          <textlib>
            <textdata uniqueId="5hJy3iAnw3x_1393170403" id="01" linkid="txt__default_5hJy3iAnw3x" type="vectortext" xpos="0" ypos="0" width="0" height="0" shadowindex="-1">
              <vectortext left="0" top="0" right="371" bottom="27" pngfb="false">
                <pr l="Lib" i="22" />
              </vectortext>
            </textdata>
          </textlib>
        </vectorshape>
        <vectorshape id="5YuA6hQGt0t" width="125" height="30" resume="true" usehandcursor="true" shapemaskid="" xpos="298" ypos="323" tabindex="9" tabenabled="true" xoffset="0" yoffset="0" rotatexpos="62.5" rotateypos="15" xscale="100" yscale="100" alpha="100" rotation="0" depth="5" scrolling="true" shufflelock="false" acctype="button" cliptobounds="false" defaultaction="onrelease">
          <variables>
            <variable name="_hover" type="boolean" value="false" resume="true" />
            <variable name="_down" type="boolean" value="false" resume="true" />
            <variable name="_disabled" type="boolean" value="false" resume="true" />
            <variable name="_visited" type="boolean" value="false" resume="true" />
            <variable name="_savevisited" type="boolean" value="false" resume="true" />
            <variable name="_state" type="string" value="_default" resume="true" />
            <variable name="_stateName" type="string" value="" resume="true" />
            <variable name="_tempStateName" type="string" value="" resume="false" />
          </variables>
          <actiongroups>
            <actiongroup id="ActGrpSetVisitedState">
              <actions>
                <adjustvar variable="_savevisited" operator="set">
                  <value type="var" value="_visited" />
                </adjustvar>
                <adjustvar variable="_visited" operator="set">
                  <value type="boolean" value="true" />
                </adjustvar>
                <exe_actiongroup id="_player._setstates">
                  <scoperef type="string" value="_this" />
                </exe_actiongroup>
              </actions>
            </actiongroup>
            <actiongroup id="ActGrpSetHoverState">
              <actions>
                <adjustvar variable="_hover" operator="set">
                  <value type="boolean" value="true" />
                </adjustvar>
                <exe_actiongroup id="_player._setstates">
                  <scoperef type="string" value="_this" />
                </exe_actiongroup>
              </actions>
            </actiongroup>
            <actiongroup id="ActGrpClearHoverState">
              <actions>
                <adjustvar variable="_hover" operator="set">
                  <value type="boolean" value="false" />
                </adjustvar>
                <exe_actiongroup id="_player._setstates">
                  <scoperef type="string" value="_this" />
                </exe_actiongroup>
              </actions>
            </actiongroup>
            <actiongroup id="ActGrpSetDisabledState">
              <actions>
                <adjustvar variable="_disabled" operator="set">
                  <value type="boolean" value="true" />
                </adjustvar>
                <exe_actiongroup id="_player._setstates">
                  <scoperef type="string" value="_this" />
                </exe_actiongroup>
              </actions>
            </actiongroup>
            <actiongroup id="ActGrpSetDownState">
              <actions>
                <adjustvar variable="_down" operator="set">
                  <value type="boolean" value="true" />
                </adjustvar>
                <exe_actiongroup id="_player._setstates">
                  <scoperef type="string" value="_this" />
                </exe_actiongroup>
              </actions>
            </actiongroup>
            <actiongroup id="ActGrpClearStateVars">
              <actions>
                <adjustvar variable="_hover" operator="set">
                  <value type="boolean" value="false" />
                </adjustvar>
                <adjustvar variable="_down" operator="set">
                  <value type="boolean" value="false" />
                </adjustvar>
                <adjustvar variable="_disabled" operator="set">
                  <value type="boolean" value="false" />
                </adjustvar>
                <adjustvar variable="_visited" operator="set">
                  <value type="boolean" value="false" />
                </adjustvar>
                <adjustvar variable="_savevisited" operator="set">
                  <value type="boolean" value="false" />
                </adjustvar>
              </actions>
            </actiongroup>
          </actiongroups>
          <events>
            <onrelease>
              <actions>
                <exe_actiongroup id="ActGrpSetVisitedState">
                  <scoperef type="string" value="_this" />
                </exe_actiongroup>
                <adjustvar variable="_hover" operator="set">
                  <value type="boolean" value="false" />
                </adjustvar>
                <adjustvar variable="_down" operator="set">
                  <value type="boolean" value="false" />
                </adjustvar>
                <exe_actiongroup id="_player._setstates">
                  <scoperef type="string" value="_this" />
                </exe_actiongroup>
                <hide_slidelayer transition="appear" duration="0" direction="0">
                  <objref type="string" value="_parent" />
                </hide_slidelayer>
                <gotoplay window="_current" wndtype="normal">
                  <objref type="string" value="_player.6RoriILyZrf.6V2zEVN7wJe" />
                </gotoplay>
              </actions>
            </onrelease>
            <ontransitionin>
              <actions>
                <exe_actiongroup id="_player._setstates">
                  <scoperef type="string" value="_this" />
                </exe_actiongroup>
              </actions>
            </ontransitionin>
            <onrollover>
              <actions>
                <exe_actiongroup id="ActGrpSetHoverState">
                  <scoperef type="string" value="_this" />
                </exe_actiongroup>
              </actions>
            </onrollover>
            <onrollout>
              <actions>
                <exe_actiongroup id="ActGrpClearHoverState">
                  <scoperef type="string" value="_this" />
                </exe_actiongroup>
              </actions>
            </onrollout>
            <onpress>
              <actions>
                <exe_actiongroup id="ActGrpSetDownState">
                  <scoperef type="string" value="_this" />
                </exe_actiongroup>
              </actions>
            </onpress>
            <onreleaseoutside>
              <actions>
                <adjustvar variable="_down" operator="set">
                  <value type="boolean" value="false" />
                </adjustvar>
                <exe_actiongroup id="_player._setstates">
                  <scoperef type="string" value="_this" />
                </exe_actiongroup>
              </actions>
            </onreleaseoutside>
          </events>
          <data hotlinkid="" accstate="0">
            <vectordata left="-2" top="-2" right="126" bottom="31" alttext="Continue" pngfb="false">
              <pr l="Lib" i="23" />
            </vectordata>
            <html5data xpos="-1" ypos="-1" width="126" height="31" strokewidth="1" />
          </data>
          <states>
            <state name="_default_Disabled">
              <data hotlinkid="" accstate="1">
                <vectordata left="-2" top="-2" right="126" bottom="31" alttext="Continue" pngfb="false">
                  <pr l="Lib" i="23" />
                </vectordata>
                <html5data xpos="-2" ypos="-2" width="128" height="33" strokewidth="1" />
              </data>
            </state>
            <state name="_default_Down">
              <data hotlinkid="" accstate="8">
                <vectordata left="-2" top="-2" right="126" bottom="31" alttext="Continue" pngfb="false">
                  <pr l="Lib" i="24" />
                </vectordata>
                <html5data xpos="-2" ypos="-2" width="128" height="33" strokewidth="1" />
              </data>
            </state>
            <state name="_default_Visited">
              <data hotlinkid="" accstate="0">
                <vectordata left="-2" top="-2" right="126" bottom="31" alttext="Continue" pngfb="false">
                  <pr l="Lib" i="23" />
                </vectordata>
                <html5data xpos="-2" ypos="-2" width="128" height="33" strokewidth="1" />
              </data>
            </state>
            <state name="_default_Visited_Disabled">
              <data hotlinkid="" accstate="1">
                <vectordata left="-2" top="-2" right="126" bottom="31" alttext="Continue" pngfb="false">
                  <pr l="Lib" i="23" />
                </vectordata>
                <html5data xpos="-2" ypos="-2" width="128" height="33" strokewidth="1" />
              </data>
            </state>
            <state name="_default_Down_Visited">
              <data hotlinkid="" accstate="8">
                <vectordata left="-2" top="-2" right="126" bottom="31" alttext="Continue" pngfb="false">
                  <pr l="Lib" i="24" />
                </vectordata>
                <html5data xpos="-2" ypos="-2" width="128" height="33" strokewidth="1" />
              </data>
            </state>
            <state name="_default_Hover">
              <data hotlinkid="" accstate="0">
                <vectordata left="-2" top="-2" right="126" bottom="31" alttext="Continue" pngfb="false">
                  <pr l="Lib" i="25" />
                </vectordata>
                <html5data xpos="-2" ypos="-2" width="128" height="33" strokewidth="1" />
              </data>
            </state>
            <state name="_default_Hover_Disabled">
              <data hotlinkid="" accstate="1">
                <vectordata left="-2" top="-2" right="126" bottom="31" alttext="Continue" pngfb="false">
                  <pr l="Lib" i="26" />
                </vectordata>
                <html5data xpos="-2" ypos="-2" width="128" height="33" strokewidth="1" />
              </data>
            </state>
            <state name="_default_Hover_Down">
              <data hotlinkid="" accstate="8">
                <vectordata left="-2" top="-2" right="126" bottom="31" alttext="Continue" pngfb="false">
                  <pr l="Lib" i="27" />
                </vectordata>
                <html5data xpos="-2" ypos="-2" width="128" height="33" strokewidth="1" />
              </data>
            </state>
            <state name="_default_Hover_Visited">
              <data hotlinkid="" accstate="0">
                <vectordata left="-2" top="-2" right="126" bottom="31" alttext="Continue" pngfb="false">
                  <pr l="Lib" i="25" />
                </vectordata>
                <html5data xpos="-2" ypos="-2" width="128" height="33" strokewidth="1" />
              </data>
            </state>
            <state name="_default_Hover_Visited_Disabled">
              <data hotlinkid="" accstate="1">
                <vectordata left="-2" top="-2" right="126" bottom="31" alttext="Continue" pngfb="false">
                  <pr l="Lib" i="25" />
                </vectordata>
                <html5data xpos="-2" ypos="-2" width="128" height="33" strokewidth="1" />
              </data>
            </state>
            <state name="_default_Hover_Down_Visited">
              <data hotlinkid="" accstate="8">
                <vectordata left="-2" top="-2" right="126" bottom="31" alttext="Continue" pngfb="false">
                  <pr l="Lib" i="27" />
                </vectordata>
                <html5data xpos="-2" ypos="-2" width="128" height="33" strokewidth="1" />
              </data>
            </state>
          </states>
          <textlib>
            <textdata uniqueId="67h1ETiawfR_-1904626334" id="01" linkid="txt__default_5YuA6hQGt0t" type="vectortext" xpos="0" ypos="0" width="0" height="0" shadowindex="-1">
              <vectortext left="0" top="0" right="97" bottom="26" pngfb="false">
                <pr l="Lib" i="28" />
              </vectortext>
            </textdata>
          </textlib>
        </vectorshape>
      </objects>
    </slidelayer>
    <slidelayer id="5c8jQcn6Xl3" width="720" height="540" resume="true" usehandcursor="false" enableseek="true" enablereplay="true" lmsid="" starttime="-1" elapsedtimemode="normal" depth="0" modal="true" pauseparent="true" rotatexpos="360" rotateypos="270" tabindex="-1">
      <events>
        <ontopmostlayer>
          <actions>
            <setactivetimeline>
              <objref type="string" value="_this" />
            </setactivetimeline>
          </actions>
        </ontopmostlayer>
        <ontransitionin>
          <actions>
            <enable_frame_control name="submit" enable="false" />
          </actions>
        </ontransitionin>
        <ontransitionout>
          <actions>
            <enable_frame_control name="submit" enable="true" />
          </actions>
        </ontransitionout>
        <ontransitionincomplete>
          <actions>
            <setfocus showrect="false">
              <value type="string" value="5xadKNzJitf" />
            </setfocus>
          </actions>
        </ontransitionincomplete>
      </events>
      <timeline duration="5000">
        <events>
          <event time="0">
            <actions>
              <show transition="appear" duration="0" direction="0">
                <objref type="string" value="5xadKNzJitf" />
              </show>
              <show transition="appear" duration="0" direction="0">
                <objref type="string" value="6oQgNjQzYIN" />
              </show>
              <show transition="appear" duration="0" direction="0">
                <objref type="string" value="6F4NTxDKdhc" />
              </show>
              <show transition="appear" duration="0" direction="0">
                <objref type="string" value="67F1PIeokp7" />
              </show>
              <show transition="appear" duration="0" direction="0">
                <objref type="string" value="5zn4ncnxwIt" />
              </show>
            </actions>
          </event>
        </events>
      </timeline>
      <objects>
        <vectorshape id="67F1PIeokp7" width="436" height="190" resume="true" usehandcursor="false" shapemaskid="" xpos="142" ypos="175" tabindex="0" tabenabled="false" xoffset="0" yoffset="0" rotatexpos="218" rotateypos="95" xscale="100" yscale="100" alpha="100" rotation="0" depth="1" scrolling="false" shufflelock="false" acctype="text" cliptobounds="false" defaultaction="">
          <data hotlinkid="" accstate="0">
            <vectordata left="-2" top="-2" right="438" bottom="192" alttext="" pngfb="false">
              <pr l="Lib" i="17" />
            </vectordata>
            <html5data xpos="-1" ypos="-1" width="437" height="191" strokewidth="1" />
          </data>
        </vectorshape>
        <vectorshape id="5zn4ncnxwIt" width="400" height="0" resume="true" usehandcursor="false" shapemaskid="" xpos="160" ypos="228" tabindex="2" tabenabled="false" xoffset="0" yoffset="0" rotatexpos="199.5" rotateypos="-0.5" xscale="100" yscale="100" alpha="100" rotation="0" depth="2" scrolling="false" shufflelock="false" acctype="text" cliptobounds="false" defaultaction="">
          <data hotlinkid="" accstate="0">
            <vectordata left="-2" top="-2" right="402" bottom="2" alttext="" pngfb="false">
              <pr l="Lib" i="18" />
            </vectordata>
            <html5data xpos="-1" ypos="-1" width="401" height="1" strokewidth="1" />
          </data>
        </vectorshape>
        <vectorshape id="5xadKNzJitf" width="400" height="38" resume="true" usehandcursor="true" shapemaskid="" xpos="160" ypos="187" tabindex="1" tabenabled="true" xoffset="0" yoffset="0" rotatexpos="200" rotateypos="19" xscale="100" yscale="100" alpha="100" rotation="0" depth="3" scrolling="true" shufflelock="false" acctype="text" cliptobounds="false" defaultaction="">
          <data hotlinkid="" accstate="0">
            <vectordata left="0" top="0" right="400" bottom="38" alttext="Incorrect" pngfb="false">
              <pr l="Lib" i="19" />
            </vectordata>
            <html5data xpos="-1" ypos="-1" width="401" height="39" strokewidth="0" />
          </data>
          <textlib>
            <textdata uniqueId="5xadKNzJitf_-656235594" id="01" linkid="txt__default_5xadKNzJitf" type="vectortext" xpos="0" ypos="0" width="0" height="0" shadowindex="-1">
              <vectortext left="0" top="0" right="97" bottom="32" pngfb="false">
                <pr l="Lib" i="29" />
              </vectortext>
            </textdata>
          </textlib>
        </vectorshape>
        <vectorshape id="6oQgNjQzYIN" width="400" height="77" resume="true" usehandcursor="true" shapemaskid="" xpos="160" ypos="234" tabindex="3" tabenabled="true" xoffset="0" yoffset="0" rotatexpos="200" rotateypos="38.5" xscale="100" yscale="100" alpha="100" rotation="0" depth="4" scrolling="true" shufflelock="false" acctype="text" cliptobounds="false" defaultaction="">
          <data hotlinkid="" accstate="0">
            <vectordata left="0" top="0" right="400" bottom="77" alttext="You did not select the correct response." pngfb="false">
              <pr l="Lib" i="21" />
            </vectordata>
            <html5data xpos="-1" ypos="-1" width="401" height="78" strokewidth="0" />
          </data>
          <textlib>
            <textdata uniqueId="6oQgNjQzYIN_1612186566" id="01" linkid="txt__default_6oQgNjQzYIN" type="vectortext" xpos="0" ypos="0" width="0" height="0" shadowindex="-1">
              <vectortext left="0" top="0" right="312" bottom="27" pngfb="false">
                <pr l="Lib" i="30" />
              </vectortext>
            </textdata>
          </textlib>
        </vectorshape>
        <vectorshape id="6F4NTxDKdhc" width="125" height="30" resume="true" usehandcursor="true" shapemaskid="" xpos="298" ypos="323" tabindex="4" tabenabled="true" xoffset="0" yoffset="0" rotatexpos="62.5" rotateypos="15" xscale="100" yscale="100" alpha="100" rotation="0" depth="5" scrolling="true" shufflelock="false" acctype="button" cliptobounds="false" defaultaction="onrelease">
          <variables>
            <variable name="_hover" type="boolean" value="false" resume="true" />
            <variable name="_down" type="boolean" value="false" resume="true" />
            <variable name="_disabled" type="boolean" value="false" resume="true" />
            <variable name="_visited" type="boolean" value="false" resume="true" />
            <variable name="_savevisited" type="boolean" value="false" resume="true" />
            <variable name="_state" type="string" value="_default" resume="true" />
            <variable name="_stateName" type="string" value="" resume="true" />
            <variable name="_tempStateName" type="string" value="" resume="false" />
          </variables>
          <actiongroups>
            <actiongroup id="ActGrpSetVisitedState">
              <actions>
                <adjustvar variable="_savevisited" operator="set">
                  <value type="var" value="_visited" />
                </adjustvar>
                <adjustvar variable="_visited" operator="set">
                  <value type="boolean" value="true" />
                </adjustvar>
                <exe_actiongroup id="_player._setstates">
                  <scoperef type="string" value="_this" />
                </exe_actiongroup>
              </actions>
            </actiongroup>
            <actiongroup id="ActGrpSetHoverState">
              <actions>
                <adjustvar variable="_hover" operator="set">
                  <value type="boolean" value="true" />
                </adjustvar>
                <exe_actiongroup id="_player._setstates">
                  <scoperef type="string" value="_this" />
                </exe_actiongroup>
              </actions>
            </actiongroup>
            <actiongroup id="ActGrpClearHoverState">
              <actions>
                <adjustvar variable="_hover" operator="set">
                  <value type="boolean" value="false" />
                </adjustvar>
                <exe_actiongroup id="_player._setstates">
                  <scoperef type="string" value="_this" />
                </exe_actiongroup>
              </actions>
            </actiongroup>
            <actiongroup id="ActGrpSetDisabledState">
              <actions>
                <adjustvar variable="_disabled" operator="set">
                  <value type="boolean" value="true" />
                </adjustvar>
                <exe_actiongroup id="_player._setstates">
                  <scoperef type="string" value="_this" />
                </exe_actiongroup>
              </actions>
            </actiongroup>
            <actiongroup id="ActGrpSetDownState">
              <actions>
                <adjustvar variable="_down" operator="set">
                  <value type="boolean" value="true" />
                </adjustvar>
                <exe_actiongroup id="_player._setstates">
                  <scoperef type="string" value="_this" />
                </exe_actiongroup>
              </actions>
            </actiongroup>
            <actiongroup id="ActGrpClearStateVars">
              <actions>
                <adjustvar variable="_hover" operator="set">
                  <value type="boolean" value="false" />
                </adjustvar>
                <adjustvar variable="_down" operator="set">
                  <value type="boolean" value="false" />
                </adjustvar>
                <adjustvar variable="_disabled" operator="set">
                  <value type="boolean" value="false" />
                </adjustvar>
                <adjustvar variable="_visited" operator="set">
                  <value type="boolean" value="false" />
                </adjustvar>
                <adjustvar variable="_savevisited" operator="set">
                  <value type="boolean" value="false" />
                </adjustvar>
              </actions>
            </actiongroup>
          </actiongroups>
          <events>
            <onrelease>
              <actions>
                <exe_actiongroup id="ActGrpSetVisitedState">
                  <scoperef type="string" value="_this" />
                </exe_actiongroup>
                <adjustvar variable="_hover" operator="set">
                  <value type="boolean" value="false" />
                </adjustvar>
                <adjustvar variable="_down" operator="set">
                  <value type="boolean" value="false" />
                </adjustvar>
                <exe_actiongroup id="_player._setstates">
                  <scoperef type="string" value="_this" />
                </exe_actiongroup>
                <hide_slidelayer transition="appear" duration="0" direction="0">
                  <objref type="string" value="_parent" />
                </hide_slidelayer>
                <gotoplay window="_current" wndtype="normal">
                  <objref type="string" value="_player.6RoriILyZrf.6V2zEVN7wJe" />
                </gotoplay>
              </actions>
            </onrelease>
            <ontransitionin>
              <actions>
                <exe_actiongroup id="_player._setstates">
                  <scoperef type="string" value="_this" />
                </exe_actiongroup>
              </actions>
            </ontransitionin>
            <onrollover>
              <actions>
                <exe_actiongroup id="ActGrpSetHoverState">
                  <scoperef type="string" value="_this" />
                </exe_actiongroup>
              </actions>
            </onrollover>
            <onrollout>
              <actions>
                <exe_actiongroup id="ActGrpClearHoverState">
                  <scoperef type="string" value="_this" />
                </exe_actiongroup>
              </actions>
            </onrollout>
            <onpress>
              <actions>
                <exe_actiongroup id="ActGrpSetDownState">
                  <scoperef type="string" value="_this" />
                </exe_actiongroup>
              </actions>
            </onpress>
            <onreleaseoutside>
              <actions>
                <adjustvar variable="_down" operator="set">
                  <value type="boolean" value="false" />
                </adjustvar>
                <exe_actiongroup id="_player._setstates">
                  <scoperef type="string" value="_this" />
                </exe_actiongroup>
              </actions>
            </onreleaseoutside>
          </events>
          <data hotlinkid="" accstate="0">
            <vectordata left="-2" top="-2" right="126" bottom="31" alttext="Continue" pngfb="false">
              <pr l="Lib" i="23" />
            </vectordata>
            <html5data xpos="-1" ypos="-1" width="126" height="31" strokewidth="1" />
          </data>
          <states>
            <state name="_default_Disabled">
              <data hotlinkid="" accstate="1">
                <vectordata left="-2" top="-2" right="126" bottom="31" alttext="Continue" pngfb="false">
                  <pr l="Lib" i="23" />
                </vectordata>
                <html5data xpos="-2" ypos="-2" width="128" height="33" strokewidth="1" />
              </data>
            </state>
            <state name="_default_Down">
              <data hotlinkid="" accstate="8">
                <vectordata left="-2" top="-2" right="126" bottom="31" alttext="Continue" pngfb="false">
                  <pr l="Lib" i="24" />
                </vectordata>
                <html5data xpos="-2" ypos="-2" width="128" height="33" strokewidth="1" />
              </data>
            </state>
            <state name="_default_Visited">
              <data hotlinkid="" accstate="0">
                <vectordata left="-2" top="-2" right="126" bottom="31" alttext="Continue" pngfb="false">
                  <pr l="Lib" i="23" />
                </vectordata>
                <html5data xpos="-2" ypos="-2" width="128" height="33" strokewidth="1" />
              </data>
            </state>
            <state name="_default_Visited_Disabled">
              <data hotlinkid="" accstate="1">
                <vectordata left="-2" top="-2" right="126" bottom="31" alttext="Continue" pngfb="false">
                  <pr l="Lib" i="23" />
                </vectordata>
                <html5data xpos="-2" ypos="-2" width="128" height="33" strokewidth="1" />
              </data>
            </state>
            <state name="_default_Down_Visited">
              <data hotlinkid="" accstate="8">
                <vectordata left="-2" top="-2" right="126" bottom="31" alttext="Continue" pngfb="false">
                  <pr l="Lib" i="24" />
                </vectordata>
                <html5data xpos="-2" ypos="-2" width="128" height="33" strokewidth="1" />
              </data>
            </state>
            <state name="_default_Hover">
              <data hotlinkid="" accstate="0">
                <vectordata left="-2" top="-2" right="126" bottom="31" alttext="Continue" pngfb="false">
                  <pr l="Lib" i="25" />
                </vectordata>
                <html5data xpos="-2" ypos="-2" width="128" height="33" strokewidth="1" />
              </data>
            </state>
            <state name="_default_Hover_Disabled">
              <data hotlinkid="" accstate="1">
                <vectordata left="-2" top="-2" right="126" bottom="31" alttext="Continue" pngfb="false">
                  <pr l="Lib" i="26" />
                </vectordata>
                <html5data xpos="-2" ypos="-2" width="128" height="33" strokewidth="1" />
              </data>
            </state>
            <state name="_default_Hover_Down">
              <data hotlinkid="" accstate="8">
                <vectordata left="-2" top="-2" right="126" bottom="31" alttext="Continue" pngfb="false">
                  <pr l="Lib" i="27" />
                </vectordata>
                <html5data xpos="-2" ypos="-2" width="128" height="33" strokewidth="1" />
              </data>
            </state>
            <state name="_default_Hover_Visited">
              <data hotlinkid="" accstate="0">
                <vectordata left="-2" top="-2" right="126" bottom="31" alttext="Continue" pngfb="false">
                  <pr l="Lib" i="25" />
                </vectordata>
                <html5data xpos="-2" ypos="-2" width="128" height="33" strokewidth="1" />
              </data>
            </state>
            <state name="_default_Hover_Visited_Disabled">
              <data hotlinkid="" accstate="1">
                <vectordata left="-2" top="-2" right="126" bottom="31" alttext="Continue" pngfb="false">
                  <pr l="Lib" i="25" />
                </vectordata>
                <html5data xpos="-2" ypos="-2" width="128" height="33" strokewidth="1" />
              </data>
            </state>
            <state name="_default_Hover_Down_Visited">
              <data hotlinkid="" accstate="8">
                <vectordata left="-2" top="-2" right="126" bottom="31" alttext="Continue" pngfb="false">
                  <pr l="Lib" i="27" />
                </vectordata>
                <html5data xpos="-2" ypos="-2" width="128" height="33" strokewidth="1" />
              </data>
            </state>
          </states>
          <textlib>
            <textdata uniqueId="6Ctd2sP3a8j_1638753746" id="01" linkid="txt__default_6F4NTxDKdhc" type="vectortext" xpos="0" ypos="0" width="0" height="0" shadowindex="-1">
              <vectortext left="0" top="0" right="97" bottom="26" pngfb="false">
                <pr l="Lib" i="28" />
              </vectortext>
            </textdata>
          </textlib>
        </vectorshape>
      </objects>
    </slidelayer>
  </slidelayers>
</slide>