﻿<?xml version="1.0" encoding="utf-8"?>
<slide xmlns:xsi="http://www.w3.org/2001/XMLSchema-instance" xmlns:xsd="http://www.w3.org/2001/XMLSchema" id="64ru6WmRHWD" width="720" height="540" resume="true" usehandcursor="false" enableseek="true" enablereplay="true" lmsid="Slide21" starttime="-1" elapsedtimemode="normal" title="How Many" trackviews="true" showmenuresulticon="false" viewgroupid="" historygroupid="" videozoom="" scrolling="false" transition="appear" transduration="0" transdir="1" wipetrans="false" slidelock="false" navindex="-1" globalaudioid="" thumbnailid="" showanimationid="">
  <actiongroups>
    <actiongroup id="ActGrpOnSubmitButtonClick">
      <actions>
        <if_action>
          <condition>
            <compare operator="noteq" valuea="6EyOeYcZtzi.Text" typea="property" valueb="" typeb="string" />
          </condition>
          <then_actions>
            <eval_interaction id="_this.5tQeBkRWpTb" />
          </then_actions>
          <else_actions>
            <gotoplay window="MessageWnd" wndtype="normal">
              <objref type="string" value="_player.MsgScene_5Zxg3fY3Nhm.InvalidPromptSlide" />
            </gotoplay>
          </else_actions>
        </if_action>
      </actions>
    </actiongroup>
    <actiongroup id="ReviewInt_65bIwMfDFT5">
      <actions>
        <set_enabled>
          <objref type="string" value="6EyOeYcZtzi" />
          <enabled type="boolean" value="false" />
        </set_enabled>
        <if_action>
          <condition>
            <compare operator="eq" valuea="_player.CurrentQuiz_65bIwMfDFT5" typea="var" valueb="5WfhuQ3hw1Y" typeb="string" />
          </condition>
          <then_actions>
            <exe_actiongroup id="SetLayout_pxabnsnfns00001100101" />
            <if_action>
              <condition>
                <compare operator="eq" valuea="_player.5WfhuQ3hw1Y.Passed" typea="property" valueb="true" typeb="boolean" />
              </condition>
              <then_actions>
                <exe_actiongroup id="ReviewIntCorrectIncorrect_65bIwMfDFT5" />
              </then_actions>
            </if_action>
            <if_action>
              <condition>
                <compare operator="eq" valuea="_player.5WfhuQ3hw1Y.Passed" typea="property" valueb="false" typeb="boolean" />
              </condition>
              <then_actions>
                <exe_actiongroup id="ReviewIntCorrectIncorrect_65bIwMfDFT5" />
              </then_actions>
            </if_action>
          </then_actions>
        </if_action>
      </actions>
    </actiongroup>
    <actiongroup id="ReviewIntCorrectIncorrect_65bIwMfDFT5">
      <actions />
    </actiongroup>
    <actiongroup id="AnsweredInt_65bIwMfDFT5">
      <actions>
        <exe_actiongroup id="DisableChoices_65bIwMfDFT5" />
        <if_action>
          <condition>
            <compare operator="eq" valuea="WindowId" typea="property" valueb="_frame" typeb="string" />
          </condition>
          <then_actions>
            <set_frame_layout name="pxabnsnfns00001100101" />
          </then_actions>
          <else_actions>
            <set_window_control_layout name="pxabnsnfns00001100101" />
          </else_actions>
        </if_action>
      </actions>
    </actiongroup>
    <actiongroup id="DisableChoices_65bIwMfDFT5">
      <actions>
        <set_enabled>
          <objref type="string" value="6EyOeYcZtzi" />
          <enabled type="boolean" value="false" />
        </set_enabled>
      </actions>
    </actiongroup>
    <actiongroup id="65bIwMfDFT5_CheckAnswered">
      <actions>
        <if_action>
          <condition>
            <compare operator="gte" valuea="5tQeBkRWpTb.AttemptCount" typea="property" valueb="1" typeb="number" />
          </condition>
          <then_actions>
            <exe_actiongroup id="AnsweredInt_65bIwMfDFT5" />
          </then_actions>
        </if_action>
      </actions>
    </actiongroup>
    <actiongroup id="SetLayout_pxabnsnfns00001100101">
      <actions>
        <if_action>
          <condition>
            <compare operator="eq" valuea="WindowId" typea="property" valueb="_frame" typeb="string" />
          </condition>
          <then_actions>
            <set_frame_layout name="pxabnsnfns00001100101" />
          </then_actions>
          <else_actions>
            <set_window_control_layout name="pxabnsnfns00001100101" />
          </else_actions>
        </if_action>
      </actions>
    </actiongroup>
    <actiongroup id="NavigationRestrictionNextSlide_64ru6WmRHWD">
      <actions>
        <gotoplay window="_current" wndtype="normal">
          <objref type="string" value="_parent.6QaTyL7IWqY" />
        </gotoplay>
      </actions>
    </actiongroup>
    <actiongroup id="NavigationRestrictionPreviousSlide_64ru6WmRHWD">
      <actions>
        <history_prev />
      </actions>
    </actiongroup>
  </actiongroups>
  <events>
    <onbeforeslidein>
      <actions>
        <if_action>
          <condition>
            <compare operator="eq" valuea="WindowId" typea="property" valueb="_frame" typeb="string" />
          </condition>
          <then_actions>
            <set_frame_layout name="npnxnanbsnfns00001100101" />
          </then_actions>
          <else_actions>
            <set_window_control_layout name="npnxnanbsnfns00001100101" />
          </else_actions>
        </if_action>
      </actions>
    </onbeforeslidein>
    <onsubmitslide>
      <actions>
        <exe_actiongroup id="ActGrpOnSubmitButtonClick" />
      </actions>
    </onsubmitslide>
    <ontransitionin>
      <actions>
        <adjustvar variable="_player.LastSlideViewed_5Zxg3fY3Nhm" operator="set">
          <value type="string" value="_player." />
        </adjustvar>
        <adjustvar variable="_player.LastSlideViewed_5Zxg3fY3Nhm" operator="add">
          <value type="property" value="AbsoluteId" />
        </adjustvar>
        <if_action>
          <condition>
            <compare operator="eq" valuea="_player.ReviewMode_65bIwMfDFT5" typea="var" valueb="true" typeb="boolean" />
          </condition>
          <then_actions>
            <exe_actiongroup id="ReviewInt_65bIwMfDFT5" />
          </then_actions>
          <else_actions>
            <exe_actiongroup id="65bIwMfDFT5_CheckAnswered" />
          </else_actions>
        </if_action>
      </actions>
    </ontransitionin>
    <onnextslide>
      <actions>
        <if_action>
          <condition>
            <compare operator="eq" valuea="_player.ReviewMode_65bIwMfDFT5" typea="var" valueb="true" typeb="boolean" />
          </condition>
          <then_actions>
            <if_action>
              <condition>
                <compare operator="eq" valuea="_player.CurrentQuiz_65bIwMfDFT5" typea="var" valueb="5WfhuQ3hw1Y" typeb="string" />
              </condition>
              <then_actions>
                <nextviewedslide>
                  <quizref type="string" value="_player.5WfhuQ3hw1Y" />
                  <completed_slide_ref type="string" value="_player.6RoriILyZrf.6Am9SBi3ums" />
                </nextviewedslide>
              </then_actions>
              <else_actions>
                <debug_trace message="WARNING: question is in review mode, but not for any quiz that it's a part of" />
              </else_actions>
            </if_action>
          </then_actions>
          <else_actions>
            <exe_actiongroup id="NavigationRestrictionNextSlide_64ru6WmRHWD" />
          </else_actions>
        </if_action>
      </actions>
    </onnextslide>
    <onprevslide>
      <actions>
        <exe_actiongroup id="NavigationRestrictionPreviousSlide_64ru6WmRHWD" />
      </actions>
    </onprevslide>
  </events>
  <background type="fill">
    <fill type="linear" rotation="90">
      <colors>
        <color rgb="0xFFFFFF" alpha="100" stop="0" />
      </colors>
    </fill>
  </background>
  <timeline duration="5000">
    <events>
      <event time="0">
        <actions>
          <show transition="appear" duration="0" direction="0">
            <objref type="string" value="6EyOeYcZtzi" />
          </show>
          <show transition="appear" duration="0" direction="0">
            <objref type="string" value="5ghZxxU5baC" />
          </show>
        </actions>
      </event>
    </events>
  </timeline>
  <objects>
    <textinput id="6EyOeYcZtzi" width="648" height="30" resume="true" usehandcursor="true" shapemaskid="" xpos="36" ypos="82" tabindex="1" tabenabled="true" xoffset="0" yoffset="0" rotatexpos="323.5" rotateypos="14.5" xscale="100" yscale="100" alpha="100" rotation="0" depth="1" scrolling="true" shufflelock="false" bindto="_player.NumericEntry1" align="left" rtl="false" numeric="true" multiline="false" maxchars="256" fontsize="16" textcolor="0x000000" bold="false" font="+minor" marginleft="10" marginright="10" margintop="0" marginbottom="0">
      <events>
        <onlosefocus>
          <actions>
            <adjustvar variable="_player.NumericEntry1" operator="set">
              <value type="property" value="Text" />
            </adjustvar>
          </actions>
        </onlosefocus>
        <onkeypress keycode="13" shift="false" ctrl="false" alt="false">
          <actions>
            <exe_actiongroup id="_parent.ActGrpOnSubmitButtonClick" />
          </actions>
        </onkeypress>
      </events>
      <background type="vector">
        <vectordata left="-1" top="-1" right="649" bottom="31" alttext="type your text here" pngfb="false">
          <pr l="Lib" i="45" />
        </vectordata>
      </background>
      <colors>
        <color name="bg">
          <fill type="linear" rotation="90">
            <colors>
              <color rgb="0xFFFFFF" alpha="0" stop="0" />
            </colors>
          </fill>
        </color>
        <color name="inner">
          <fill type="linear" rotation="90">
            <colors>
              <color rgb="0xFFFFFF" alpha="0" stop="0" />
            </colors>
          </fill>
        </color>
        <color name="stroke">
          <fill type="linear" rotation="90">
            <colors>
              <color rgb="0xFFFFFF" alpha="0" stop="0" />
            </colors>
          </fill>
        </color>
      </colors>
      <data hotlinkid="" accstate="0">
        <textdata uniqueId="6EyOeYcZtzi" linkid="" type="vectortext" xpos="10" ypos="5" width="628" height="30" shadowindex="-1">
          <vectortext left="0" top="0" right="0" bottom="0" pngfb="false">
            <pr l="Lib" i="88" />
          </vectortext>
        </textdata>
        <html5data xpos="-1" ypos="-1" width="649" height="31" strokewidth="1" />
      </data>
    </textinput>
    <vectorshape id="5ghZxxU5baC" width="648" height="44" resume="true" usehandcursor="true" shapemaskid="" xpos="36" ypos="22" tabindex="0" tabenabled="true" xoffset="0" yoffset="0" rotatexpos="324" rotateypos="22" xscale="100" yscale="100" alpha="100" rotation="0" depth="2" scrolling="true" shufflelock="false" acctype="text" cliptobounds="false" defaultaction="">
      <data hotlinkid="" accstate="0">
        <vectordata left="0" top="0" right="648" bottom="44" alttext="How Many" pngfb="false">
          <pr l="Lib" i="11" />
        </vectordata>
        <html5data xpos="-1" ypos="-1" width="649" height="45" strokewidth="0" />
      </data>
      <textlib>
        <textdata uniqueId="5ghZxxU5baC_-296580348" id="01" linkid="txt__default_5ghZxxU5baC" type="vectortext" xpos="0" ypos="0" width="0" height="0" shadowindex="-1">
          <vectortext left="0" top="0" right="133" bottom="39" pngfb="false">
            <pr l="Lib" i="144" />
          </vectortext>
        </textdata>
      </textlib>
    </vectorshape>
    <vectorshape id="65bIwMfDFT5_CorrectReview" width="720" height="40" resume="false" usehandcursor="true" shapemaskid="" xpos="0" ypos="500" tabindex="2" tabenabled="true" xoffset="0" yoffset="0" rotatexpos="360" rotateypos="20" xscale="100" yscale="100" alpha="100" rotation="0" depth="3" scrolling="true" shufflelock="false" acctype="text" cliptobounds="false" defaultaction="">
      <events>
        <onrelease>
          <actions>
            <hide transition="appear" duration="0" direction="0">
              <objref type="string" value="_this" />
            </hide>
          </actions>
        </onrelease>
      </events>
      <data hotlinkid="" accstate="0">
        <vectordata left="-1" top="-1" right="720" bottom="40" alttext="Correct" pngfb="false">
          <pr l="Lib" i="13" />
        </vectordata>
      </data>
      <textlib>
        <textdata uniqueId="65bIwMfDFT5_CorrectReview" id="01" linkid="65bIwMfDFT5_CorrectReview" type="vectortext" xpos="0" ypos="0" width="0" height="0" shadowindex="-1">
          <vectortext left="0" top="0" right="400" bottom="37" pngfb="false">
            <pr l="Lib" i="14" />
          </vectortext>
        </textdata>
      </textlib>
    </vectorshape>
    <vectorshape id="65bIwMfDFT5_IncorrectReview" width="720" height="40" resume="false" usehandcursor="true" shapemaskid="" xpos="0" ypos="500" tabindex="3" tabenabled="true" xoffset="0" yoffset="0" rotatexpos="360" rotateypos="20" xscale="100" yscale="100" alpha="100" rotation="0" depth="4" scrolling="true" shufflelock="false" acctype="text" cliptobounds="false" defaultaction="">
      <events>
        <onrelease>
          <actions>
            <hide transition="appear" duration="0" direction="0">
              <objref type="string" value="_this" />
            </hide>
          </actions>
        </onrelease>
      </events>
      <data hotlinkid="" accstate="0">
        <vectordata left="-1" top="-1" right="720" bottom="40" alttext="Incorrect" pngfb="false">
          <pr l="Lib" i="15" />
        </vectordata>
      </data>
      <textlib>
        <textdata uniqueId="65bIwMfDFT5_IncorrectReview" id="01" linkid="65bIwMfDFT5_IncorrectReview" type="vectortext" xpos="0" ypos="0" width="0" height="0" shadowindex="-1">
          <vectortext left="0" top="0" right="409" bottom="37" pngfb="false">
            <pr l="Lib" i="16" />
          </vectortext>
        </textdata>
      </textlib>
    </vectorshape>
  </objects>
  <presenterref id="none" />
</slide>