﻿<?xml version="1.0" encoding="utf-8"?>
<slide xmlns:xsi="http://www.w3.org/2001/XMLSchema-instance" xmlns:xsd="http://www.w3.org/2001/XMLSchema" id="6Am9SBi3ums" width="720" height="540" resume="true" usehandcursor="false" enableseek="true" enablereplay="true" lmsid="Slide28" starttime="-1" elapsedtimemode="normal" title="Results Slide" trackviews="true" showmenuresulticon="false" viewgroupid="" historygroupid="" videozoom="" scrolling="false" transition="appear" transduration="0" transdir="1" wipetrans="false" slidelock="false" navindex="-1" globalaudioid="" thumbnailid="" showanimationid="">
  <actiongroups>
    <actiongroup id="ActGrpOnNextButtonClick">
      <actions />
    </actiongroup>
    <actiongroup id="ActGrpOnPrevButtonClick">
      <actions>
        <history_prev />
      </actions>
    </actiongroup>
    <actiongroup id="NavigationRestrictionNextSlide_6Am9SBi3ums">
      <actions>
        <exe_actiongroup id="ActGrpOnNextButtonClick" />
      </actions>
    </actiongroup>
    <actiongroup id="NavigationRestrictionPreviousSlide_6Am9SBi3ums">
      <actions>
        <exe_actiongroup id="ActGrpOnPrevButtonClick" />
      </actions>
    </actiongroup>
  </actiongroups>
  <events>
    <onslidestart>
      <actions>
        <if_action>
          <condition>
            <and>
              <and>
                <compare operator="gte" valuea="_player.5WfhuQ3hw1Y.Score" typea="property" valueb="_player.5WfhuQ3hw1Y.PassScore" typeb="property" />
              </and>
            </and>
          </condition>
          <then_actions>
            <show_slidelayer transition="appear" duration="0" direction="1" hideothers="oncomplete">
              <objref type="string" value="6aeyYfw2n9c" />
            </show_slidelayer>
          </then_actions>
        </if_action>
        <if_action>
          <condition>
            <and>
              <and>
                <compare operator="lt" valuea="_player.5WfhuQ3hw1Y.Score" typea="property" valueb="_player.5WfhuQ3hw1Y.PassScore" typeb="property" />
              </and>
            </and>
          </condition>
          <then_actions>
            <show_slidelayer transition="appear" duration="0" direction="1" hideothers="oncomplete">
              <objref type="string" value="5xZDycpRwi8" />
            </show_slidelayer>
          </then_actions>
        </if_action>
        <setquizcomplete>
          <objref type="string" value="_player.5WfhuQ3hw1Y" />
        </setquizcomplete>
      </actions>
    </onslidestart>
    <onbeforeslidein>
      <actions>
        <if_action>
          <condition>
            <compare operator="eq" valuea="WindowId" typea="property" valueb="_frame" typeb="string" />
          </condition>
          <then_actions>
            <set_frame_layout name="pxabnsnfns00001100101" />
          </then_actions>
          <else_actions>
            <set_window_control_layout name="pxabnsnfns00001100101" />
          </else_actions>
        </if_action>
      </actions>
    </onbeforeslidein>
    <onnextslide>
      <actions>
        <exe_actiongroup id="NavigationRestrictionNextSlide_6Am9SBi3ums" />
      </actions>
    </onnextslide>
    <onprevslide>
      <actions>
        <exe_actiongroup id="NavigationRestrictionPreviousSlide_6Am9SBi3ums" />
      </actions>
    </onprevslide>
    <ontransitionin>
      <actions>
        <exe_actiongroup id="_player.5WfhuQ3hw1Y.EvaluateQuiz" />
        <adjustvar variable="_player.LastSlideViewed_5Zxg3fY3Nhm" operator="set">
          <value type="string" value="_player." />
        </adjustvar>
        <adjustvar variable="_player.LastSlideViewed_5Zxg3fY3Nhm" operator="add">
          <value type="property" value="AbsoluteId" />
        </adjustvar>
      </actions>
    </ontransitionin>
  </events>
  <background type="fill">
    <fill type="linear" rotation="90">
      <colors>
        <color rgb="0xFFFFFF" alpha="100" stop="0" />
      </colors>
    </fill>
  </background>
  <timeline duration="5000">
    <events>
      <event time="0">
        <actions>
          <show transition="appear" duration="0" direction="0">
            <objref type="string" value="5wDVhhFJt6L" />
          </show>
          <show transition="appear" duration="0" direction="0">
            <objref type="string" value="6JJMC8EFivG" />
          </show>
          <show transition="appear" duration="0" direction="0">
            <objref type="string" value="6fLXPWJyxug" />
          </show>
          <show transition="appear" duration="0" direction="0">
            <objref type="string" value="5hH2X0usVgZ" />
          </show>
          <show transition="appear" duration="0" direction="0">
            <objref type="string" value="63TCEjbDlhv" />
          </show>
          <show transition="appear" duration="0" direction="0">
            <objref type="string" value="6BY7YmYVa5G" />
          </show>
          <show transition="appear" duration="0" direction="0">
            <objref type="string" value="6Vi7ioSukJF" />
          </show>
          <show transition="appear" duration="0" direction="0">
            <objref type="string" value="5pvWxUGtjMz" />
          </show>
        </actions>
      </event>
    </events>
  </timeline>
  <objects>
    <vectorshape id="5wDVhhFJt6L" width="99" height="43" resume="true" usehandcursor="true" shapemaskid="" xpos="310" ypos="20" tabindex="4" tabenabled="true" xoffset="0" yoffset="0" rotatexpos="49.5" rotateypos="21.5" xscale="100" yscale="100" alpha="100" rotation="0" depth="1" scrolling="true" shufflelock="false" acctype="text" cliptobounds="false" defaultaction="">
      <data hotlinkid="" accstate="0">
        <vectordata left="0" top="0" right="99" bottom="43" alttext="Results" pngfb="false">
          <pr l="Lib" i="173" />
        </vectordata>
        <html5data xpos="-1" ypos="-1" width="100" height="44" strokewidth="0" />
      </data>
      <textlib>
        <textdata uniqueId="5wDVhhFJt6L_-2028907867" id="01" linkid="txt__default_5wDVhhFJt6L" type="vectortext" xpos="0" ypos="0" width="0" height="0" shadowindex="-1">
          <vectortext left="0" top="0" right="89" bottom="38" pngfb="false">
            <pr l="Lib" i="174" />
          </vectortext>
        </textdata>
      </textlib>
    </vectorshape>
    <vectorshape id="6JJMC8EFivG" width="145" height="43" resume="true" usehandcursor="true" shapemaskid="" xpos="175" ypos="144" tabindex="6" tabenabled="true" xoffset="0" yoffset="0" rotatexpos="72.5" rotateypos="21.5" xscale="100" yscale="100" alpha="100" rotation="0" depth="2" scrolling="true" shufflelock="false" acctype="text" cliptobounds="false" defaultaction="">
      <data hotlinkid="" accstate="0">
        <vectordata left="0" top="0" right="145" bottom="43" alttext="Your Score:" pngfb="false">
          <pr l="Lib" i="175" />
        </vectordata>
        <html5data xpos="-1" ypos="-1" width="146" height="44" strokewidth="0" />
      </data>
      <textlib>
        <textdata uniqueId="6JJMC8EFivG_474212735" id="01" linkid="txt__default_6JJMC8EFivG" type="vectortext" xpos="0" ypos="0" width="0" height="0" shadowindex="-1">
          <vectortext left="0" top="0" right="135" bottom="38" pngfb="false">
            <pr l="Lib" i="176" />
          </vectortext>
        </textdata>
      </textlib>
    </vectorshape>
    <vectorshape id="6fLXPWJyxug" width="280" height="43" resume="true" usehandcursor="true" shapemaskid="" xpos="400" ypos="144" tabindex="7" tabenabled="true" xoffset="0" yoffset="0" rotatexpos="140" rotateypos="21.5" xscale="100" yscale="100" alpha="100" rotation="0" depth="3" scrolling="true" shufflelock="false" acctype="text" cliptobounds="false" defaultaction="">
      <data hotlinkid="" accstate="0">
        <vectordata left="0" top="0" right="280" bottom="43" alttext="&amp;_player.5WfhuQ3hw1Y.$PercentScore;% (&amp;_player.5WfhuQ3hw1Y.$Score; points)" pngfb="false">
          <pr l="Lib" i="177" />
        </vectordata>
        <html5data xpos="-1" ypos="-1" width="281" height="44" strokewidth="0" />
      </data>
      <textlib>
        <textdata id="01" linkid="txt__default_6fLXPWJyxug" type="vartext" xpos="0" ypos="0" width="264" height="37" device="false" valign="top" shadowindex="-1">
          <vartext>&lt;html&gt;&lt;p align='left'&gt;&lt;textformat leading='0' tabstops='[0, 48, 96, 144, 192, 240]' blockindent='0' indent='0'&gt;&lt;font face='Open Sans' size='24.5pt' style='font-size:24.5pt' color='#000000'&gt;&amp;_player.5WfhuQ3hw1Y.$PercentScore;% (&amp;_player.5WfhuQ3hw1Y.$Score; points)&lt;/font&gt;&lt;/textformat&gt;&lt;/p&gt;&lt;/html&gt;</vartext>
        </textdata>
      </textlib>
    </vectorshape>
    <vectorshape id="5hH2X0usVgZ" width="176" height="43" resume="true" usehandcursor="true" shapemaskid="" xpos="144" ypos="207" tabindex="8" tabenabled="true" xoffset="0" yoffset="0" rotatexpos="88" rotateypos="21.5" xscale="100" yscale="100" alpha="100" rotation="0" depth="4" scrolling="true" shufflelock="false" acctype="text" cliptobounds="false" defaultaction="">
      <data hotlinkid="" accstate="0">
        <vectordata left="0" top="0" right="176" bottom="43" alttext="Passing Score:" pngfb="false">
          <pr l="Lib" i="178" />
        </vectordata>
        <html5data xpos="-1" ypos="-1" width="177" height="44" strokewidth="0" />
      </data>
      <textlib>
        <textdata uniqueId="5hH2X0usVgZ_2017110515" id="01" linkid="txt__default_5hH2X0usVgZ" type="vectortext" xpos="0" ypos="0" width="0" height="0" shadowindex="-1">
          <vectortext left="0" top="0" right="166" bottom="38" pngfb="false">
            <pr l="Lib" i="179" />
          </vectortext>
        </textdata>
      </textlib>
    </vectorshape>
    <vectorshape id="63TCEjbDlhv" width="280" height="43" resume="true" usehandcursor="true" shapemaskid="" xpos="400" ypos="207" tabindex="9" tabenabled="true" xoffset="0" yoffset="0" rotatexpos="140" rotateypos="21.5" xscale="100" yscale="100" alpha="100" rotation="0" depth="5" scrolling="true" shufflelock="false" acctype="text" cliptobounds="false" defaultaction="">
      <data hotlinkid="" accstate="0">
        <vectordata left="0" top="0" right="280" bottom="43" alttext="&amp;_player.5WfhuQ3hw1Y.$PassPercent;% (&amp;_player.5WfhuQ3hw1Y.$PassScore; points)" pngfb="false">
          <pr l="Lib" i="177" />
        </vectordata>
        <html5data xpos="-1" ypos="-1" width="281" height="44" strokewidth="0" />
      </data>
      <textlib>
        <textdata id="01" linkid="txt__default_63TCEjbDlhv" type="vartext" xpos="0" ypos="0" width="264" height="37" device="false" valign="top" shadowindex="-1">
          <vartext>&lt;html&gt;&lt;p align='left'&gt;&lt;textformat leading='0' tabstops='[0, 48, 96, 144, 192, 240]' blockindent='0' indent='0'&gt;&lt;font face='Open Sans' size='24.5pt' style='font-size:24.5pt' color='#000000'&gt;&amp;_player.5WfhuQ3hw1Y.$PassPercent;% (&amp;_player.5WfhuQ3hw1Y.$PassScore; points)&lt;/font&gt;&lt;/textformat&gt;&lt;/p&gt;&lt;/html&gt;</vartext>
        </textdata>
      </textlib>
    </vectorshape>
    <vectorshape id="6BY7YmYVa5G" width="640" height="0" resume="true" usehandcursor="true" shapemaskid="" xpos="40" ypos="270" tabindex="10" tabenabled="true" xoffset="0" yoffset="0" rotatexpos="320" rotateypos="0" xscale="100" yscale="100" alpha="100" rotation="0" depth="6" scrolling="true" shufflelock="false" acctype="text" cliptobounds="false" defaultaction="">
      <data hotlinkid="" accstate="0">
        <vectordata left="-2" top="-2" right="642" bottom="2" alttext="Line 1" pngfb="false">
          <pr l="Lib" i="180" />
        </vectordata>
        <html5data xpos="-1" ypos="-1" width="641" height="1" strokewidth="1" />
      </data>
    </vectorshape>
    <vectorshape id="6Vi7ioSukJF" width="94" height="43" resume="true" usehandcursor="true" shapemaskid="" xpos="313" ypos="290" tabindex="11" tabenabled="true" xoffset="0" yoffset="0" rotatexpos="47" rotateypos="21.5" xscale="100" yscale="100" alpha="100" rotation="0" depth="7" scrolling="true" shufflelock="false" acctype="text" cliptobounds="false" defaultaction="">
      <data hotlinkid="" accstate="0">
        <vectordata left="0" top="0" right="94" bottom="43" alttext="Result:" pngfb="false">
          <pr l="Lib" i="181" />
        </vectordata>
        <html5data xpos="-1" ypos="-1" width="95" height="44" strokewidth="0" />
      </data>
      <textlib>
        <textdata uniqueId="6Vi7ioSukJF_533948186" id="01" linkid="txt__default_6Vi7ioSukJF" type="vectortext" xpos="0" ypos="0" width="0" height="0" shadowindex="-1">
          <vectortext left="0" top="0" right="84" bottom="38" pngfb="false">
            <pr l="Lib" i="182" />
          </vectortext>
        </textdata>
      </textlib>
    </vectorshape>
    <vectorshape id="5pvWxUGtjMz" width="150" height="40" resume="true" usehandcursor="true" shapemaskid="" xpos="285" ypos="480" tabindex="12" tabenabled="true" xoffset="0" yoffset="0" rotatexpos="75" rotateypos="20" xscale="100" yscale="100" alpha="100" rotation="0" depth="8" scrolling="true" shufflelock="false" acctype="button" cliptobounds="false" defaultaction="onrelease">
      <variables>
        <variable name="_hover" type="boolean" value="false" resume="true" />
        <variable name="_down" type="boolean" value="false" resume="true" />
        <variable name="_disabled" type="boolean" value="false" resume="true" />
        <variable name="_state" type="string" value="_default" resume="true" />
        <variable name="_stateName" type="string" value="" resume="true" />
        <variable name="_tempStateName" type="string" value="" resume="false" />
      </variables>
      <actiongroups>
        <actiongroup id="ActGrpSetHoverState">
          <actions>
            <adjustvar variable="_hover" operator="set">
              <value type="boolean" value="true" />
            </adjustvar>
            <exe_actiongroup id="_player._setstates">
              <scoperef type="string" value="_this" />
            </exe_actiongroup>
          </actions>
        </actiongroup>
        <actiongroup id="ActGrpClearHoverState">
          <actions>
            <adjustvar variable="_hover" operator="set">
              <value type="boolean" value="false" />
            </adjustvar>
            <exe_actiongroup id="_player._setstates">
              <scoperef type="string" value="_this" />
            </exe_actiongroup>
          </actions>
        </actiongroup>
        <actiongroup id="ActGrpSetDisabledState">
          <actions>
            <adjustvar variable="_disabled" operator="set">
              <value type="boolean" value="true" />
            </adjustvar>
            <exe_actiongroup id="_player._setstates">
              <scoperef type="string" value="_this" />
            </exe_actiongroup>
          </actions>
        </actiongroup>
        <actiongroup id="ActGrpSetDownState">
          <actions>
            <adjustvar variable="_down" operator="set">
              <value type="boolean" value="true" />
            </adjustvar>
            <exe_actiongroup id="_player._setstates">
              <scoperef type="string" value="_this" />
            </exe_actiongroup>
          </actions>
        </actiongroup>
        <actiongroup id="ActGrpClearStateVars">
          <actions>
            <adjustvar variable="_hover" operator="set">
              <value type="boolean" value="false" />
            </adjustvar>
            <adjustvar variable="_down" operator="set">
              <value type="boolean" value="false" />
            </adjustvar>
            <adjustvar variable="_disabled" operator="set">
              <value type="boolean" value="false" />
            </adjustvar>
          </actions>
        </actiongroup>
      </actiongroups>
      <events>
        <onrelease>
          <actions>
            <adjustvar variable="_down" operator="set">
              <value type="boolean" value="false" />
            </adjustvar>
            <exe_actiongroup id="_player._setstates">
              <scoperef type="string" value="_this" />
            </exe_actiongroup>
            <adjustvar variable="_player.ReviewMode_6GNXZZrL4pz" operator="set">
              <value type="boolean" value="true" />
            </adjustvar>
            <adjustvar variable="_player.CurrentQuiz_6GNXZZrL4pz" operator="set">
              <value type="string" value="5WfhuQ3hw1Y" />
            </adjustvar>
            <adjustvar variable="_player.ReviewMode_5dcMfZk2ixp" operator="set">
              <value type="boolean" value="true" />
            </adjustvar>
            <adjustvar variable="_player.CurrentQuiz_5dcMfZk2ixp" operator="set">
              <value type="string" value="5WfhuQ3hw1Y" />
            </adjustvar>
            <adjustvar variable="_player.ReviewMode_6S8BTkr758H" operator="set">
              <value type="boolean" value="true" />
            </adjustvar>
            <adjustvar variable="_player.CurrentQuiz_6S8BTkr758H" operator="set">
              <value type="string" value="5WfhuQ3hw1Y" />
            </adjustvar>
            <adjustvar variable="_player.ReviewMode_68fSeM7kKHg" operator="set">
              <value type="boolean" value="true" />
            </adjustvar>
            <adjustvar variable="_player.CurrentQuiz_68fSeM7kKHg" operator="set">
              <value type="string" value="5WfhuQ3hw1Y" />
            </adjustvar>
            <adjustvar variable="_player.ReviewMode_65yVp3q0c1V" operator="set">
              <value type="boolean" value="true" />
            </adjustvar>
            <adjustvar variable="_player.CurrentQuiz_65yVp3q0c1V" operator="set">
              <value type="string" value="5WfhuQ3hw1Y" />
            </adjustvar>
            <adjustvar variable="_player.ReviewMode_6Cxux1oRjtt" operator="set">
              <value type="boolean" value="true" />
            </adjustvar>
            <adjustvar variable="_player.CurrentQuiz_6Cxux1oRjtt" operator="set">
              <value type="string" value="5WfhuQ3hw1Y" />
            </adjustvar>
            <adjustvar variable="_player.ReviewMode_6MYMYgvct3N" operator="set">
              <value type="boolean" value="true" />
            </adjustvar>
            <adjustvar variable="_player.CurrentQuiz_6MYMYgvct3N" operator="set">
              <value type="string" value="5WfhuQ3hw1Y" />
            </adjustvar>
            <adjustvar variable="_player.ReviewMode_5mDo5ggkdF9" operator="set">
              <value type="boolean" value="true" />
            </adjustvar>
            <adjustvar variable="_player.CurrentQuiz_5mDo5ggkdF9" operator="set">
              <value type="string" value="5WfhuQ3hw1Y" />
            </adjustvar>
            <adjustvar variable="_player.ReviewMode_5XO7HMXqVFq" operator="set">
              <value type="boolean" value="true" />
            </adjustvar>
            <adjustvar variable="_player.CurrentQuiz_5XO7HMXqVFq" operator="set">
              <value type="string" value="5WfhuQ3hw1Y" />
            </adjustvar>
            <adjustvar variable="_player.ReviewMode_6da97NuedX2" operator="set">
              <value type="boolean" value="true" />
            </adjustvar>
            <adjustvar variable="_player.CurrentQuiz_6da97NuedX2" operator="set">
              <value type="string" value="5WfhuQ3hw1Y" />
            </adjustvar>
            <adjustvar variable="_player.ReviewMode_5vEXxqdqOdD" operator="set">
              <value type="boolean" value="true" />
            </adjustvar>
            <adjustvar variable="_player.CurrentQuiz_5vEXxqdqOdD" operator="set">
              <value type="string" value="5WfhuQ3hw1Y" />
            </adjustvar>
            <adjustvar variable="_player.ReviewMode_5vhC2TxNspt" operator="set">
              <value type="boolean" value="true" />
            </adjustvar>
            <adjustvar variable="_player.CurrentQuiz_5vhC2TxNspt" operator="set">
              <value type="string" value="5WfhuQ3hw1Y" />
            </adjustvar>
            <adjustvar variable="_player.ReviewMode_5mFwhrlXirM" operator="set">
              <value type="boolean" value="true" />
            </adjustvar>
            <adjustvar variable="_player.CurrentQuiz_5mFwhrlXirM" operator="set">
              <value type="string" value="5WfhuQ3hw1Y" />
            </adjustvar>
            <adjustvar variable="_player.ReviewMode_6l7HKxAmbl2" operator="set">
              <value type="boolean" value="true" />
            </adjustvar>
            <adjustvar variable="_player.CurrentQuiz_6l7HKxAmbl2" operator="set">
              <value type="string" value="5WfhuQ3hw1Y" />
            </adjustvar>
            <adjustvar variable="_player.ReviewMode_6mUrFn5nDtL" operator="set">
              <value type="boolean" value="true" />
            </adjustvar>
            <adjustvar variable="_player.CurrentQuiz_6mUrFn5nDtL" operator="set">
              <value type="string" value="5WfhuQ3hw1Y" />
            </adjustvar>
            <adjustvar variable="_player.ReviewMode_5sDzGj4S5Di" operator="set">
              <value type="boolean" value="true" />
            </adjustvar>
            <adjustvar variable="_player.CurrentQuiz_5sDzGj4S5Di" operator="set">
              <value type="string" value="5WfhuQ3hw1Y" />
            </adjustvar>
            <adjustvar variable="_player.ReviewMode_6ovjoM6s95s" operator="set">
              <value type="boolean" value="true" />
            </adjustvar>
            <adjustvar variable="_player.CurrentQuiz_6ovjoM6s95s" operator="set">
              <value type="string" value="5WfhuQ3hw1Y" />
            </adjustvar>
            <adjustvar variable="_player.ReviewMode_6FjVVz3TyKq" operator="set">
              <value type="boolean" value="true" />
            </adjustvar>
            <adjustvar variable="_player.CurrentQuiz_6FjVVz3TyKq" operator="set">
              <value type="string" value="5WfhuQ3hw1Y" />
            </adjustvar>
            <adjustvar variable="_player.ReviewMode_6YUTD1dTrqP" operator="set">
              <value type="boolean" value="true" />
            </adjustvar>
            <adjustvar variable="_player.CurrentQuiz_6YUTD1dTrqP" operator="set">
              <value type="string" value="5WfhuQ3hw1Y" />
            </adjustvar>
            <adjustvar variable="_player.ReviewMode_65bIwMfDFT5" operator="set">
              <value type="boolean" value="true" />
            </adjustvar>
            <adjustvar variable="_player.CurrentQuiz_65bIwMfDFT5" operator="set">
              <value type="string" value="5WfhuQ3hw1Y" />
            </adjustvar>
            <adjustvar variable="_player.ReviewMode_5dKZ4nUkiCO" operator="set">
              <value type="boolean" value="true" />
            </adjustvar>
            <adjustvar variable="_player.CurrentQuiz_5dKZ4nUkiCO" operator="set">
              <value type="string" value="5WfhuQ3hw1Y" />
            </adjustvar>
            <adjustvar variable="_player.ReviewMode_6Y2fSiA8hqF" operator="set">
              <value type="boolean" value="true" />
            </adjustvar>
            <adjustvar variable="_player.CurrentQuiz_6Y2fSiA8hqF" operator="set">
              <value type="string" value="5WfhuQ3hw1Y" />
            </adjustvar>
            <adjustvar variable="_player.ReviewMode_5dpe7UQ7wv1" operator="set">
              <value type="boolean" value="true" />
            </adjustvar>
            <adjustvar variable="_player.CurrentQuiz_5dpe7UQ7wv1" operator="set">
              <value type="string" value="5WfhuQ3hw1Y" />
            </adjustvar>
            <adjustvar variable="_player.ReviewMode_60iHtrP0SKH" operator="set">
              <value type="boolean" value="true" />
            </adjustvar>
            <adjustvar variable="_player.CurrentQuiz_60iHtrP0SKH" operator="set">
              <value type="string" value="5WfhuQ3hw1Y" />
            </adjustvar>
            <adjustvar variable="_player.ReviewMode_6Zg2QVbxh3s" operator="set">
              <value type="boolean" value="true" />
            </adjustvar>
            <adjustvar variable="_player.CurrentQuiz_6Zg2QVbxh3s" operator="set">
              <value type="string" value="5WfhuQ3hw1Y" />
            </adjustvar>
            <adjustvar variable="_player.ReviewMode_6IB2Z0Di8CB" operator="set">
              <value type="boolean" value="true" />
            </adjustvar>
            <adjustvar variable="_player.CurrentQuiz_6IB2Z0Di8CB" operator="set">
              <value type="string" value="5WfhuQ3hw1Y" />
            </adjustvar>
            <nextviewedslide>
              <quizref type="string" value="_player.5WfhuQ3hw1Y" />
              <completed_slide_ref type="string" value="_player.6RoriILyZrf.6Am9SBi3ums" />
            </nextviewedslide>
          </actions>
        </onrelease>
        <ontransitionin>
          <actions>
            <exe_actiongroup id="_player._setstates">
              <scoperef type="string" value="_this" />
            </exe_actiongroup>
          </actions>
        </ontransitionin>
        <onrollover>
          <actions>
            <exe_actiongroup id="ActGrpSetHoverState">
              <scoperef type="string" value="_this" />
            </exe_actiongroup>
          </actions>
        </onrollover>
        <onrollout>
          <actions>
            <exe_actiongroup id="ActGrpClearHoverState">
              <scoperef type="string" value="_this" />
            </exe_actiongroup>
          </actions>
        </onrollout>
        <onpress>
          <actions>
            <exe_actiongroup id="ActGrpSetDownState">
              <scoperef type="string" value="_this" />
            </exe_actiongroup>
          </actions>
        </onpress>
        <onreleaseoutside>
          <actions>
            <adjustvar variable="_down" operator="set">
              <value type="boolean" value="false" />
            </adjustvar>
            <exe_actiongroup id="_player._setstates">
              <scoperef type="string" value="_this" />
            </exe_actiongroup>
          </actions>
        </onreleaseoutside>
      </events>
      <data hotlinkid="" accstate="0">
        <vectordata left="-2" top="-2" right="151" bottom="41" alttext="Review Quiz" pngfb="false">
          <pr l="Lib" i="183" />
        </vectordata>
        <html5data xpos="-1" ypos="-1" width="151" height="41" strokewidth="1" />
      </data>
      <states>
        <state name="_default_Disabled">
          <data hotlinkid="" accstate="1">
            <vectordata left="-2" top="-2" right="151" bottom="41" alttext="Review Quiz" pngfb="false">
              <pr l="Lib" i="183" />
            </vectordata>
            <html5data xpos="-2" ypos="-2" width="153" height="43" strokewidth="1" />
          </data>
        </state>
        <state name="_default_Down">
          <data hotlinkid="" accstate="8">
            <vectordata left="-2" top="-2" right="151" bottom="41" alttext="Review Quiz" pngfb="false">
              <pr l="Lib" i="184" />
            </vectordata>
            <html5data xpos="-2" ypos="-2" width="153" height="43" strokewidth="1" />
          </data>
        </state>
        <state name="_default_Hover">
          <data hotlinkid="" accstate="0">
            <vectordata left="-2" top="-2" right="151" bottom="41" alttext="Review Quiz" pngfb="false">
              <pr l="Lib" i="185" />
            </vectordata>
            <html5data xpos="-2" ypos="-2" width="153" height="43" strokewidth="1" />
          </data>
        </state>
        <state name="_default_Hover_Disabled">
          <data hotlinkid="" accstate="1">
            <vectordata left="-2" top="-2" right="151" bottom="41" alttext="Review Quiz" pngfb="false">
              <pr l="Lib" i="186" />
            </vectordata>
            <html5data xpos="-2" ypos="-2" width="153" height="43" strokewidth="1" />
          </data>
        </state>
        <state name="_default_Hover_Down">
          <data hotlinkid="" accstate="8">
            <vectordata left="-2" top="-2" right="151" bottom="41" alttext="Review Quiz" pngfb="false">
              <pr l="Lib" i="187" />
            </vectordata>
            <html5data xpos="-2" ypos="-2" width="153" height="43" strokewidth="1" />
          </data>
        </state>
      </states>
      <textlib>
        <textdata uniqueId="6kbb9WhdUsR_-441287058" id="01" linkid="txt__default_5pvWxUGtjMz" type="vectortext" xpos="0" ypos="0" width="0" height="0" shadowindex="-1">
          <vectortext left="0" top="0" right="130" bottom="33" pngfb="false">
            <pr l="Lib" i="188" />
          </vectortext>
        </textdata>
      </textlib>
    </vectorshape>
  </objects>
  <presenterref id="none" />
  <slidelayers>
    <slidelayer id="6aeyYfw2n9c" width="720" height="540" resume="false" usehandcursor="false" enableseek="true" enablereplay="true" lmsid="" starttime="-1" elapsedtimemode="normal" depth="0" modal="false" pauseparent="false" rotatexpos="360" rotateypos="270" tabindex="-1">
      <timeline duration="5000">
        <events>
          <event time="0">
            <actions>
              <show transition="appear" duration="0" direction="0">
                <objref type="string" value="6b0PaMpDw6W" />
              </show>
              <show transition="appear" duration="0" direction="0">
                <objref type="string" value="640ronRW723" />
              </show>
            </actions>
          </event>
        </events>
      </timeline>
      <objects>
        <vectorshape id="6b0PaMpDw6W" width="240" height="32" resume="false" usehandcursor="true" shapemaskid="" xpos="240" ypos="353" tabindex="2" tabenabled="true" xoffset="0" yoffset="0" rotatexpos="120" rotateypos="16" xscale="100" yscale="100" alpha="100" rotation="0" depth="1" scrolling="true" shufflelock="false" acctype="text" cliptobounds="false" defaultaction="">
          <data hotlinkid="" accstate="0">
            <vectordata left="0" top="0" right="240" bottom="32" alttext="Congratulations, you passed." pngfb="false">
              <pr l="Lib" i="189" />
            </vectordata>
            <html5data xpos="-1" ypos="-1" width="241" height="33" strokewidth="0" />
          </data>
          <textlib>
            <textdata uniqueId="6b0PaMpDw6W_899261918" id="01" linkid="txt__default_6b0PaMpDw6W" type="vectortext" xpos="0" ypos="0" width="0" height="0" shadowindex="-1">
              <vectortext left="0" top="0" right="230" bottom="27" pngfb="false">
                <pr l="Lib" i="190" />
              </vectortext>
            </textdata>
          </textlib>
        </vectorshape>
        <vectorshape id="640ronRW723" width="31" height="26" resume="false" usehandcursor="true" shapemaskid="" xpos="199" ypos="356" tabindex="3" tabenabled="true" xoffset="0" yoffset="0" rotatexpos="15" rotateypos="12.5" xscale="100" yscale="100" alpha="100" rotation="0" depth="2" scrolling="true" shufflelock="false" acctype="text" cliptobounds="false" defaultaction="">
          <data hotlinkid="" accstate="0">
            <vectordata left="-1" top="-1" right="32" bottom="27" alttext="Checkmark 1" pngfb="false">
              <pr l="Lib" i="191" />
            </vectordata>
            <html5data xpos="-1" ypos="-1" width="32" height="27" strokewidth="1" />
          </data>
        </vectorshape>
      </objects>
    </slidelayer>
    <slidelayer id="5xZDycpRwi8" width="720" height="540" resume="false" usehandcursor="false" enableseek="true" enablereplay="true" lmsid="" starttime="-1" elapsedtimemode="normal" depth="0" modal="false" pauseparent="false" rotatexpos="360" rotateypos="270" tabindex="-1">
      <timeline duration="5000">
        <events>
          <event time="0">
            <actions>
              <show transition="appear" duration="0" direction="0">
                <objref type="string" value="5uSnHPhId9G" />
              </show>
              <show transition="appear" duration="0" direction="0">
                <objref type="string" value="5cGYA4nkWKN" />
              </show>
            </actions>
          </event>
        </events>
      </timeline>
      <objects>
        <vectorshape id="5uSnHPhId9G" width="150" height="32" resume="false" usehandcursor="true" shapemaskid="" xpos="285" ypos="353" tabindex="0" tabenabled="true" xoffset="0" yoffset="0" rotatexpos="75" rotateypos="16" xscale="100" yscale="100" alpha="100" rotation="0" depth="1" scrolling="true" shufflelock="false" acctype="text" cliptobounds="false" defaultaction="">
          <data hotlinkid="" accstate="0">
            <vectordata left="0" top="0" right="150" bottom="32" alttext="You did not pass." pngfb="false">
              <pr l="Lib" i="192" />
            </vectordata>
            <html5data xpos="-1" ypos="-1" width="151" height="33" strokewidth="0" />
          </data>
          <textlib>
            <textdata uniqueId="5uSnHPhId9G_-1464036763" id="01" linkid="txt__default_5uSnHPhId9G" type="vectortext" xpos="0" ypos="0" width="0" height="0" shadowindex="-1">
              <vectortext left="0" top="0" right="140" bottom="27" pngfb="false">
                <pr l="Lib" i="193" />
              </vectortext>
            </textdata>
          </textlib>
        </vectorshape>
        <vectorshape id="5cGYA4nkWKN" width="26" height="26" resume="false" usehandcursor="true" shapemaskid="" xpos="249" ypos="356" tabindex="1" tabenabled="true" xoffset="0" yoffset="0" rotatexpos="12.5" rotateypos="12.5" xscale="100" yscale="100" alpha="100" rotation="0" depth="2" scrolling="true" shufflelock="false" acctype="text" cliptobounds="false" defaultaction="">
          <data hotlinkid="" accstate="0">
            <vectordata left="-1" top="-1" right="27" bottom="27" alttext="Multiply 1" pngfb="false">
              <pr l="Lib" i="194" />
            </vectordata>
            <html5data xpos="-1" ypos="-1" width="27" height="27" strokewidth="1" />
          </data>
        </vectorshape>
      </objects>
    </slidelayer>
  </slidelayers>
</slide>