﻿<?xml version="1.0" encoding="utf-8"?>
<slide xmlns:xsi="http://www.w3.org/2001/XMLSchema-instance" xmlns:xsd="http://www.w3.org/2001/XMLSchema" id="6fkTeSGmNDO" width="720" height="540" resume="true" usehandcursor="false" enableseek="true" enablereplay="true" lmsid="Slide8" starttime="-1" elapsedtimemode="normal" title="Matching Drop Down – Correct = One, Two, Three in order" trackviews="true" showmenuresulticon="false" viewgroupid="" historygroupid="" videozoom="" scrolling="false" transition="appear" transduration="0" transdir="1" wipetrans="false" slidelock="false" navindex="-1" globalaudioid="" thumbnailid="" showanimationid="">
  <actiongroups>
    <actiongroup id="ActGrpOnSubmitButtonClick">
      <actions>
        <if_action>
          <condition>
            <and>
              <compare operator="noteq" valuea="6MYMYgvct3N.6PHhNxsSGp4.SelectedItemData" typea="property" valueb="" typeb="string" />
              <compare operator="noteq" valuea="6MYMYgvct3N.5a5xwvRZy10.SelectedItemData" typea="property" valueb="" typeb="string" />
              <compare operator="noteq" valuea="6MYMYgvct3N.6Bylrkl4UqB.SelectedItemData" typea="property" valueb="" typeb="string" />
            </and>
          </condition>
          <then_actions>
            <eval_interaction id="_this.5oC4QhtizKF" />
          </then_actions>
          <else_actions>
            <gotoplay window="MessageWnd" wndtype="normal">
              <objref type="string" value="_player.MsgScene_5Zxg3fY3Nhm.InvalidPromptSlide" />
            </gotoplay>
          </else_actions>
        </if_action>
      </actions>
    </actiongroup>
    <actiongroup id="ReviewInt_6MYMYgvct3N">
      <actions>
        <set_enabled>
          <objref type="string" value="6MYMYgvct3N.613bcnpHwRC" />
          <enabled type="boolean" value="false" />
        </set_enabled>
        <set_enabled>
          <objref type="string" value="6MYMYgvct3N.6gHoLDtRUDE" />
          <enabled type="boolean" value="false" />
        </set_enabled>
        <set_enabled>
          <objref type="string" value="6MYMYgvct3N.5XuMQo4wpoU" />
          <enabled type="boolean" value="false" />
        </set_enabled>
        <set_enabled>
          <objref type="string" value="6MYMYgvct3N.6PHhNxsSGp4" />
          <enabled type="boolean" value="false" />
        </set_enabled>
        <set_enabled>
          <objref type="string" value="6MYMYgvct3N.5a5xwvRZy10" />
          <enabled type="boolean" value="false" />
        </set_enabled>
        <set_enabled>
          <objref type="string" value="6MYMYgvct3N.6Bylrkl4UqB" />
          <enabled type="boolean" value="false" />
        </set_enabled>
        <if_action>
          <condition>
            <compare operator="eq" valuea="5oC4QhtizKF.Status" typea="property" valueb="correct" typeb="string" />
          </condition>
          <then_actions>
            <show transition="appear" duration="0" direction="0">
              <objref type="string" value="6MYMYgvct3N_CorrectReview" />
            </show>
          </then_actions>
          <else_actions>
            <show transition="appear" duration="0" direction="0">
              <objref type="string" value="6MYMYgvct3N_IncorrectReview" />
            </show>
          </else_actions>
        </if_action>
        <if_action>
          <condition>
            <compare operator="eq" valuea="_player.CurrentQuiz_6MYMYgvct3N" typea="var" valueb="5WfhuQ3hw1Y" typeb="string" />
          </condition>
          <then_actions>
            <exe_actiongroup id="SetLayout_pxabnsnfns00001100101" />
            <if_action>
              <condition>
                <compare operator="eq" valuea="_player.5WfhuQ3hw1Y.Passed" typea="property" valueb="true" typeb="boolean" />
              </condition>
              <then_actions>
                <exe_actiongroup id="ReviewIntCorrectIncorrect_6MYMYgvct3N" />
              </then_actions>
            </if_action>
            <if_action>
              <condition>
                <compare operator="eq" valuea="_player.5WfhuQ3hw1Y.Passed" typea="property" valueb="false" typeb="boolean" />
              </condition>
              <then_actions>
                <exe_actiongroup id="ReviewIntCorrectIncorrect_6MYMYgvct3N" />
              </then_actions>
            </if_action>
          </then_actions>
        </if_action>
      </actions>
    </actiongroup>
    <actiongroup id="ReviewIntCorrectIncorrect_6MYMYgvct3N">
      <actions>
        <set_review>
          <objref type="string" value="6MYMYgvct3N.613bcnpHwRC" />
          <enabled type="boolean" value="true" />
        </set_review>
        <set_review>
          <objref type="string" value="6MYMYgvct3N.6gHoLDtRUDE" />
          <enabled type="boolean" value="true" />
        </set_review>
        <set_review>
          <objref type="string" value="6MYMYgvct3N.5XuMQo4wpoU" />
          <enabled type="boolean" value="true" />
        </set_review>
        <set_review>
          <objref type="string" value="6MYMYgvct3N.6PHhNxsSGp4" />
          <enabled type="boolean" value="true" />
        </set_review>
        <set_review>
          <objref type="string" value="6MYMYgvct3N.5a5xwvRZy10" />
          <enabled type="boolean" value="true" />
        </set_review>
        <set_review>
          <objref type="string" value="6MYMYgvct3N.6Bylrkl4UqB" />
          <enabled type="boolean" value="true" />
        </set_review>
        <if_action>
          <condition>
            <compare operator="noteq" valuea="choices.choice_6PHhNxsSGp4" typea="string" valueb="6MYMYgvct3N.6PHhNxsSGp4.SelectedItemData" typeb="property" />
          </condition>
          <then_actions>
            <show transition="appear" duration="0" direction="0">
              <objref type="string" value="6MYMYgvct3N.6PHhNxsSGp4_ReviewShape" />
            </show>
          </then_actions>
        </if_action>
        <if_action>
          <condition>
            <compare operator="noteq" valuea="choices.choice_5a5xwvRZy10" typea="string" valueb="6MYMYgvct3N.5a5xwvRZy10.SelectedItemData" typeb="property" />
          </condition>
          <then_actions>
            <show transition="appear" duration="0" direction="0">
              <objref type="string" value="6MYMYgvct3N.5a5xwvRZy10_ReviewShape" />
            </show>
          </then_actions>
        </if_action>
        <if_action>
          <condition>
            <compare operator="noteq" valuea="choices.choice_6Bylrkl4UqB" typea="string" valueb="6MYMYgvct3N.6Bylrkl4UqB.SelectedItemData" typeb="property" />
          </condition>
          <then_actions>
            <show transition="appear" duration="0" direction="0">
              <objref type="string" value="6MYMYgvct3N.6Bylrkl4UqB_ReviewShape" />
            </show>
          </then_actions>
        </if_action>
      </actions>
    </actiongroup>
    <actiongroup id="AnsweredInt_6MYMYgvct3N">
      <actions>
        <exe_actiongroup id="DisableChoices_6MYMYgvct3N" />
        <if_action>
          <condition>
            <compare operator="eq" valuea="WindowId" typea="property" valueb="_frame" typeb="string" />
          </condition>
          <then_actions>
            <set_frame_layout name="pxabnsnfns00001100101" />
          </then_actions>
          <else_actions>
            <set_window_control_layout name="pxabnsnfns00001100101" />
          </else_actions>
        </if_action>
      </actions>
    </actiongroup>
    <actiongroup id="DisableChoices_6MYMYgvct3N">
      <actions>
        <set_enabled>
          <objref type="string" value="6MYMYgvct3N.613bcnpHwRC" />
          <enabled type="boolean" value="false" />
        </set_enabled>
        <set_enabled>
          <objref type="string" value="6MYMYgvct3N.6gHoLDtRUDE" />
          <enabled type="boolean" value="false" />
        </set_enabled>
        <set_enabled>
          <objref type="string" value="6MYMYgvct3N.5XuMQo4wpoU" />
          <enabled type="boolean" value="false" />
        </set_enabled>
        <set_enabled>
          <objref type="string" value="6MYMYgvct3N.6PHhNxsSGp4" />
          <enabled type="boolean" value="false" />
        </set_enabled>
        <set_enabled>
          <objref type="string" value="6MYMYgvct3N.5a5xwvRZy10" />
          <enabled type="boolean" value="false" />
        </set_enabled>
        <set_enabled>
          <objref type="string" value="6MYMYgvct3N.6Bylrkl4UqB" />
          <enabled type="boolean" value="false" />
        </set_enabled>
      </actions>
    </actiongroup>
    <actiongroup id="6MYMYgvct3N_CheckAnswered">
      <actions>
        <if_action>
          <condition>
            <or>
              <compare operator="eq" valuea="5oC4QhtizKF.Status" typea="property" valueb="correct" typeb="string" />
              <compare operator="eq" valuea="_player.5WfhuQ3hw1Y.QuizComplete" typea="property" valueb="true" typeb="boolean" />
            </or>
          </condition>
          <then_actions>
            <exe_actiongroup id="AnsweredInt_6MYMYgvct3N" />
          </then_actions>
          <else_actions>
            <if_action>
              <condition>
                <compare operator="eq" valuea="5oC4QhtizKF.Status" typea="property" valueb="incorrect" typeb="string" />
              </condition>
              <then_actions>
                <if_action>
                  <condition>
                    <compare operator="gte" valuea="5oC4QhtizKF.AttemptCount" typea="property" valueb="1" typeb="number" />
                  </condition>
                  <then_actions>
                    <exe_actiongroup id="AnsweredInt_6MYMYgvct3N" />
                  </then_actions>
                </if_action>
              </then_actions>
            </if_action>
          </else_actions>
        </if_action>
      </actions>
    </actiongroup>
    <actiongroup id="SetLayout_pxabnsnfns00001100101">
      <actions>
        <if_action>
          <condition>
            <compare operator="eq" valuea="WindowId" typea="property" valueb="_frame" typeb="string" />
          </condition>
          <then_actions>
            <set_frame_layout name="pxabnsnfns00001100101" />
          </then_actions>
          <else_actions>
            <set_window_control_layout name="pxabnsnfns00001100101" />
          </else_actions>
        </if_action>
      </actions>
    </actiongroup>
    <actiongroup id="CloseFeedback">
      <actions>
        <if_action>
          <condition>
            <compare operator="eq" valuea="_player.5WfhuQ3hw1Y.QuizComplete" typea="property" valueb="true" typeb="boolean" />
          </condition>
          <then_actions>
            <hide_slidelayer transition="appear" duration="0" direction="0">
              <objref type="string" value="5jBePcNdzHZ" />
            </hide_slidelayer>
            <hide_slidelayer transition="appear" duration="0" direction="0">
              <objref type="string" value="6FhnSje8nSM" />
            </hide_slidelayer>
          </then_actions>
        </if_action>
      </actions>
    </actiongroup>
    <actiongroup id="NavigationRestrictionNextSlide_6fkTeSGmNDO">
      <actions>
        <gotoplay window="_current" wndtype="normal">
          <objref type="string" value="_parent.5nZ64RoIqZx" />
        </gotoplay>
      </actions>
    </actiongroup>
    <actiongroup id="NavigationRestrictionPreviousSlide_6fkTeSGmNDO">
      <actions>
        <history_prev />
      </actions>
    </actiongroup>
  </actiongroups>
  <events>
    <onbeforeslidein>
      <actions>
        <if_action>
          <condition>
            <compare operator="eq" valuea="WindowId" typea="property" valueb="_frame" typeb="string" />
          </condition>
          <then_actions>
            <set_frame_layout name="npnxnanbsnfns00001100101" />
          </then_actions>
          <else_actions>
            <set_window_control_layout name="npnxnanbsnfns00001100101" />
          </else_actions>
        </if_action>
      </actions>
    </onbeforeslidein>
    <onsubmitslide>
      <actions>
        <exe_actiongroup id="ActGrpOnSubmitButtonClick" />
      </actions>
    </onsubmitslide>
    <ontransitionin>
      <actions>
        <adjustvar variable="_player.LastSlideViewed_5Zxg3fY3Nhm" operator="set">
          <value type="string" value="_player." />
        </adjustvar>
        <adjustvar variable="_player.LastSlideViewed_5Zxg3fY3Nhm" operator="add">
          <value type="property" value="AbsoluteId" />
        </adjustvar>
        <if_action>
          <condition>
            <compare operator="eq" valuea="_player.ReviewMode_6MYMYgvct3N" typea="var" valueb="true" typeb="boolean" />
          </condition>
          <then_actions>
            <exe_actiongroup id="ReviewInt_6MYMYgvct3N" />
          </then_actions>
          <else_actions>
            <exe_actiongroup id="6MYMYgvct3N_CheckAnswered" />
          </else_actions>
        </if_action>
        <exe_actiongroup id="CloseFeedback" />
      </actions>
    </ontransitionin>
    <onnextslide>
      <actions>
        <if_action>
          <condition>
            <compare operator="eq" valuea="_player.ReviewMode_6MYMYgvct3N" typea="var" valueb="true" typeb="boolean" />
          </condition>
          <then_actions>
            <if_action>
              <condition>
                <compare operator="eq" valuea="_player.CurrentQuiz_6MYMYgvct3N" typea="var" valueb="5WfhuQ3hw1Y" typeb="string" />
              </condition>
              <then_actions>
                <nextviewedslide>
                  <quizref type="string" value="_player.5WfhuQ3hw1Y" />
                  <completed_slide_ref type="string" value="_player.6RoriILyZrf.6Am9SBi3ums" />
                </nextviewedslide>
              </then_actions>
              <else_actions>
                <debug_trace message="WARNING: question is in review mode, but not for any quiz that it's a part of" />
              </else_actions>
            </if_action>
          </then_actions>
          <else_actions>
            <exe_actiongroup id="NavigationRestrictionNextSlide_6fkTeSGmNDO" />
          </else_actions>
        </if_action>
      </actions>
    </onnextslide>
    <onprevslide>
      <actions>
        <exe_actiongroup id="NavigationRestrictionPreviousSlide_6fkTeSGmNDO" />
      </actions>
    </onprevslide>
  </events>
  <background type="fill">
    <fill type="linear" rotation="90">
      <colors>
        <color rgb="0xFFFFFF" alpha="100" stop="0" />
      </colors>
    </fill>
  </background>
  <timeline duration="5000">
    <events>
      <event time="0">
        <actions>
          <show transition="appear" duration="0" direction="0">
            <objref type="string" value="6MYMYgvct3N" />
          </show>
          <show transition="appear" duration="0" direction="0">
            <objref type="string" value="6MYMYgvct3N.5XuMQo4wpoU" />
          </show>
          <show transition="appear" duration="0" direction="0">
            <objref type="string" value="6MYMYgvct3N.6Bylrkl4UqB" />
          </show>
          <show transition="appear" duration="0" direction="0">
            <objref type="string" value="6MYMYgvct3N.6gHoLDtRUDE" />
          </show>
          <show transition="appear" duration="0" direction="0">
            <objref type="string" value="6MYMYgvct3N.5a5xwvRZy10" />
          </show>
          <show transition="appear" duration="0" direction="0">
            <objref type="string" value="6MYMYgvct3N.613bcnpHwRC" />
          </show>
          <show transition="appear" duration="0" direction="0">
            <objref type="string" value="6MYMYgvct3N.6PHhNxsSGp4" />
          </show>
          <show transition="appear" duration="0" direction="0">
            <objref type="string" value="6HHSFL3NwYC" />
          </show>
        </actions>
      </event>
    </events>
  </timeline>
  <objects>
    <scrollarea id="6MYMYgvct3N" width="648" height="392" resume="true" usehandcursor="true" shapemaskid="" xpos="36" ypos="110" tabindex="11" tabenabled="false" xoffset="0" yoffset="0" rotatexpos="324" rotateypos="196" xscale="100" yscale="100" alpha="100" rotation="0" depth="1" scrolling="true" shufflelock="false" contentwidth="648" contentheight="150">
      <background type="vector">
        <vectordata left="0" top="0" right="648" bottom="392" alttext="Matching Drop-down" pngfb="false">
          <pr l="Lib" i="64" />
        </vectordata>
      </background>
      <data hotlinkid="" accstate="0">
        <html5data url="" xpos="36" ypos="110" width="648" height="392" strokewidth="0" />
      </data>
      <objects>
        <shufflegroup id="" width="0" height="0" resume="false" usehandcursor="true" shapemaskid="" xpos="0" ypos="0" tabindex="-1" tabenabled="true" xoffset="0" yoffset="0" rotatexpos="0" rotateypos="0" xscale="100" yscale="100" alpha="100" rotation="0" depth="1" scrolling="true" shufflelock="false" shuffle="false">
          <objects>
            <vectorshape id="5XuMQo4wpoU" width="648" height="50" resume="true" usehandcursor="true" shapemaskid="" xpos="0" ypos="100" tabindex="16" tabenabled="true" xoffset="0" yoffset="0" rotatexpos="324" rotateypos="25" xscale="100" yscale="100" alpha="100" rotation="0" depth="1" scrolling="true" shufflelock="false" acctype="text" cliptobounds="false" defaultaction="onrelease">
              <data hotlinkid="" accstate="0">
                <vectordata left="0" top="0" right="648" bottom="50" alttext="Drop Down 3" pngfb="false">
                  <pr l="Lib" i="65" />
                </vectordata>
                <html5data xpos="-1" ypos="-1" width="649" height="51" strokewidth="0" />
              </data>
              <textlib>
                <textdata uniqueId="5XuMQo4wpoU_-1046597827" id="01" linkid="txt__default_5XuMQo4wpoU" type="vectortext" xpos="0" ypos="0" width="0" height="0" shadowindex="-1">
                  <vectortext left="0" top="0" right="110" bottom="36" pngfb="false">
                    <pr l="Lib" i="66" />
                  </vectortext>
                </textdata>
              </textlib>
            </vectorshape>
            <droplist id="6Bylrkl4UqB" width="230" height="22" resume="true" usehandcursor="true" shapemaskid="" xpos="398" ypos="114" tabindex="17" tabenabled="true" xoffset="0" yoffset="0" rotatexpos="115" rotateypos="11" xscale="100" yscale="100" alpha="100" rotation="0" depth="2" scrolling="true" shufflelock="false" shuffle="true" reviewwidth="115" reviewindex="2">
              <colors>
                <color name="item_hover">
                  <fill type="linear" rotation="90">
                    <colors>
                      <color rgb="0xADFFFF" alpha="100" stop="0" />
                    </colors>
                  </fill>
                </color>
                <color name="button_hover">
                  <fill type="linear" rotation="90">
                    <colors>
                      <color rgb="0xD5FFFF" alpha="100" stop="0" />
                    </colors>
                  </fill>
                </color>
                <color name="review_text">
                  <fill type="linear" rotation="0">
                    <colors>
                      <color rgb="0x000000" alpha="100" stop="0" />
                    </colors>
                  </fill>
                </color>
              </colors>
              <data hotlinkid="" accstate="0">
                <textdata uniqueId="txt2_6Bylrkl4UqB" type="vectortext" alttext="--Select--" xpos="0" ypos="0" width="0" height="0" shadowindex="-1">
                  <vectortext left="0" top="0" right="69" bottom="22" pngfb="false">
                    <pr l="Lib" i="67" />
                  </vectortext>
                </textdata>
                <itemlist>
                  <item hotlinkid="" accstate="0" itemdata="choices.choice_613bcnpHwRC">
                    <textdata uniqueId="txt_6PHhNxsSGp4_1716091492" type="vectortext" alttext="One" xpos="0" ypos="0" width="0" height="0" shadowindex="-1">
                      <vectortext left="0" top="0" right="41" bottom="22" pngfb="false">
                        <pr l="Lib" i="68" />
                      </vectortext>
                    </textdata>
                  </item>
                  <item hotlinkid="" accstate="0" itemdata="choices.choice_6gHoLDtRUDE">
                    <textdata uniqueId="txt_5a5xwvRZy10_1931529980" type="vectortext" alttext="Two" xpos="0" ypos="0" width="0" height="0" shadowindex="-1">
                      <vectortext left="0" top="0" right="41" bottom="22" pngfb="false">
                        <pr l="Lib" i="69" />
                      </vectortext>
                    </textdata>
                  </item>
                  <item hotlinkid="" accstate="0" itemdata="choices.choice_5XuMQo4wpoU">
                    <textdata uniqueId="txt_6Bylrkl4UqB_-63659025" type="vectortext" alttext="Three" xpos="0" ypos="0" width="0" height="0" shadowindex="-1">
                      <vectortext left="0" top="0" right="54" bottom="22" pngfb="false">
                        <pr l="Lib" i="70" />
                      </vectortext>
                    </textdata>
                  </item>
                </itemlist>
              </data>
            </droplist>
            <vectorshape id="6gHoLDtRUDE" width="648" height="50" resume="true" usehandcursor="true" shapemaskid="" xpos="0" ypos="50" tabindex="14" tabenabled="true" xoffset="0" yoffset="0" rotatexpos="324" rotateypos="25" xscale="100" yscale="100" alpha="100" rotation="0" depth="3" scrolling="true" shufflelock="false" acctype="text" cliptobounds="false" defaultaction="onrelease">
              <data hotlinkid="" accstate="0">
                <vectordata left="0" top="0" right="648" bottom="50" alttext="Drop Down 2" pngfb="false">
                  <pr l="Lib" i="65" />
                </vectordata>
                <html5data xpos="-1" ypos="-1" width="649" height="51" strokewidth="0" />
              </data>
              <textlib>
                <textdata uniqueId="6gHoLDtRUDE_1093381620" id="01" linkid="txt__default_6gHoLDtRUDE" type="vectortext" xpos="0" ypos="0" width="0" height="0" shadowindex="-1">
                  <vectortext left="0" top="0" right="110" bottom="36" pngfb="false">
                    <pr l="Lib" i="71" />
                  </vectortext>
                </textdata>
              </textlib>
            </vectorshape>
            <droplist id="5a5xwvRZy10" width="230" height="22" resume="true" usehandcursor="true" shapemaskid="" xpos="398" ypos="64" tabindex="15" tabenabled="true" xoffset="0" yoffset="0" rotatexpos="115" rotateypos="11" xscale="100" yscale="100" alpha="100" rotation="0" depth="4" scrolling="true" shufflelock="false" shuffle="true" reviewwidth="115" reviewindex="1">
              <colors>
                <color name="item_hover">
                  <fill type="linear" rotation="90">
                    <colors>
                      <color rgb="0xADFFFF" alpha="100" stop="0" />
                    </colors>
                  </fill>
                </color>
                <color name="button_hover">
                  <fill type="linear" rotation="90">
                    <colors>
                      <color rgb="0xD5FFFF" alpha="100" stop="0" />
                    </colors>
                  </fill>
                </color>
                <color name="review_text">
                  <fill type="linear" rotation="0">
                    <colors>
                      <color rgb="0x000000" alpha="100" stop="0" />
                    </colors>
                  </fill>
                </color>
              </colors>
              <data hotlinkid="" accstate="0">
                <textdata uniqueId="txt2_6Bylrkl4UqB" type="vectortext" alttext="--Select--" xpos="0" ypos="0" width="0" height="0" shadowindex="-1">
                  <vectortext left="0" top="0" right="69" bottom="22" pngfb="false">
                    <pr l="Lib" i="67" />
                  </vectortext>
                </textdata>
                <itemlist>
                  <item hotlinkid="" accstate="0" itemdata="choices.choice_613bcnpHwRC">
                    <textdata uniqueId="txt_6PHhNxsSGp4_1716091492" type="vectortext" alttext="One" xpos="0" ypos="0" width="0" height="0" shadowindex="-1">
                      <vectortext left="0" top="0" right="41" bottom="22" pngfb="false">
                        <pr l="Lib" i="68" />
                      </vectortext>
                    </textdata>
                  </item>
                  <item hotlinkid="" accstate="0" itemdata="choices.choice_6gHoLDtRUDE">
                    <textdata uniqueId="txt_5a5xwvRZy10_1931529980" type="vectortext" alttext="Two" xpos="0" ypos="0" width="0" height="0" shadowindex="-1">
                      <vectortext left="0" top="0" right="41" bottom="22" pngfb="false">
                        <pr l="Lib" i="69" />
                      </vectortext>
                    </textdata>
                  </item>
                  <item hotlinkid="" accstate="0" itemdata="choices.choice_5XuMQo4wpoU">
                    <textdata uniqueId="txt_6Bylrkl4UqB_-63659025" type="vectortext" alttext="Three" xpos="0" ypos="0" width="0" height="0" shadowindex="-1">
                      <vectortext left="0" top="0" right="54" bottom="22" pngfb="false">
                        <pr l="Lib" i="70" />
                      </vectortext>
                    </textdata>
                  </item>
                </itemlist>
              </data>
            </droplist>
            <vectorshape id="613bcnpHwRC" width="648" height="50" resume="true" usehandcursor="true" shapemaskid="" xpos="0" ypos="0" tabindex="12" tabenabled="true" xoffset="0" yoffset="0" rotatexpos="324" rotateypos="25" xscale="100" yscale="100" alpha="100" rotation="0" depth="5" scrolling="true" shufflelock="false" acctype="text" cliptobounds="false" defaultaction="onrelease">
              <data hotlinkid="" accstate="0">
                <vectordata left="0" top="0" right="648" bottom="50" alttext="Drop Down 1" pngfb="false">
                  <pr l="Lib" i="65" />
                </vectordata>
                <html5data xpos="-1" ypos="-1" width="649" height="51" strokewidth="0" />
              </data>
              <textlib>
                <textdata uniqueId="613bcnpHwRC_-1576777265" id="01" linkid="txt__default_613bcnpHwRC" type="vectortext" xpos="0" ypos="0" width="0" height="0" shadowindex="-1">
                  <vectortext left="0" top="0" right="110" bottom="36" pngfb="false">
                    <pr l="Lib" i="72" />
                  </vectortext>
                </textdata>
              </textlib>
            </vectorshape>
            <droplist id="6PHhNxsSGp4" width="230" height="22" resume="true" usehandcursor="true" shapemaskid="" xpos="398" ypos="14" tabindex="13" tabenabled="true" xoffset="0" yoffset="0" rotatexpos="115" rotateypos="11" xscale="100" yscale="100" alpha="100" rotation="0" depth="6" scrolling="true" shufflelock="false" shuffle="true" reviewwidth="115" reviewindex="0">
              <colors>
                <color name="item_hover">
                  <fill type="linear" rotation="90">
                    <colors>
                      <color rgb="0xADFFFF" alpha="100" stop="0" />
                    </colors>
                  </fill>
                </color>
                <color name="button_hover">
                  <fill type="linear" rotation="90">
                    <colors>
                      <color rgb="0xD5FFFF" alpha="100" stop="0" />
                    </colors>
                  </fill>
                </color>
                <color name="review_text">
                  <fill type="linear" rotation="0">
                    <colors>
                      <color rgb="0x000000" alpha="100" stop="0" />
                    </colors>
                  </fill>
                </color>
              </colors>
              <data hotlinkid="" accstate="0">
                <textdata uniqueId="txt2_6Bylrkl4UqB" type="vectortext" alttext="--Select--" xpos="0" ypos="0" width="0" height="0" shadowindex="-1">
                  <vectortext left="0" top="0" right="69" bottom="22" pngfb="false">
                    <pr l="Lib" i="67" />
                  </vectortext>
                </textdata>
                <itemlist>
                  <item hotlinkid="" accstate="0" itemdata="choices.choice_613bcnpHwRC">
                    <textdata uniqueId="txt_6PHhNxsSGp4_1716091492" type="vectortext" alttext="One" xpos="0" ypos="0" width="0" height="0" shadowindex="-1">
                      <vectortext left="0" top="0" right="41" bottom="22" pngfb="false">
                        <pr l="Lib" i="68" />
                      </vectortext>
                    </textdata>
                  </item>
                  <item hotlinkid="" accstate="0" itemdata="choices.choice_6gHoLDtRUDE">
                    <textdata uniqueId="txt_5a5xwvRZy10_1931529980" type="vectortext" alttext="Two" xpos="0" ypos="0" width="0" height="0" shadowindex="-1">
                      <vectortext left="0" top="0" right="41" bottom="22" pngfb="false">
                        <pr l="Lib" i="69" />
                      </vectortext>
                    </textdata>
                  </item>
                  <item hotlinkid="" accstate="0" itemdata="choices.choice_5XuMQo4wpoU">
                    <textdata uniqueId="txt_6Bylrkl4UqB_-63659025" type="vectortext" alttext="Three" xpos="0" ypos="0" width="0" height="0" shadowindex="-1">
                      <vectortext left="0" top="0" right="54" bottom="22" pngfb="false">
                        <pr l="Lib" i="70" />
                      </vectortext>
                    </textdata>
                  </item>
                </itemlist>
              </data>
            </droplist>
          </objects>
        </shufflegroup>
        <vectorshape id="6PHhNxsSGp4_ReviewShape" width="115" height="22" resume="false" usehandcursor="true" shapemaskid="" xpos="523" ypos="14" tabindex="-1" tabenabled="true" xoffset="0" yoffset="0" rotatexpos="57.5" rotateypos="11" xscale="100" yscale="100" alpha="100" rotation="0" depth="2" scrolling="true" shufflelock="false" acctype="text" cliptobounds="false" defaultaction="">
          <data hotlinkid="" accstate="0">
            <vectordata left="0" top="0" right="31" bottom="22" alttext="One" pngfb="false">
              <pr l="Lib" i="73" />
            </vectordata>
          </data>
          <textlib>
            <textdata uniqueId="6PHhNxsSGp4_ReviewShape" id="01" linkid="6PHhNxsSGp4_ReviewShape" type="vectortext" xpos="0" ypos="0" width="0" height="0" shadowindex="-1">
              <vectortext left="0" top="0" right="31" bottom="22" pngfb="false">
                <pr l="Lib" i="74" />
              </vectortext>
            </textdata>
          </textlib>
        </vectorshape>
        <vectorshape id="5a5xwvRZy10_ReviewShape" width="115" height="22" resume="false" usehandcursor="true" shapemaskid="" xpos="523" ypos="64" tabindex="-1" tabenabled="true" xoffset="0" yoffset="0" rotatexpos="57.5" rotateypos="11" xscale="100" yscale="100" alpha="100" rotation="0" depth="3" scrolling="true" shufflelock="false" acctype="text" cliptobounds="false" defaultaction="">
          <data hotlinkid="" accstate="0">
            <vectordata left="0" top="0" right="31" bottom="22" alttext="Two" pngfb="false">
              <pr l="Lib" i="73" />
            </vectordata>
          </data>
          <textlib>
            <textdata uniqueId="5a5xwvRZy10_ReviewShape" id="01" linkid="5a5xwvRZy10_ReviewShape" type="vectortext" xpos="0" ypos="0" width="0" height="0" shadowindex="-1">
              <vectortext left="0" top="0" right="31" bottom="22" pngfb="false">
                <pr l="Lib" i="75" />
              </vectortext>
            </textdata>
          </textlib>
        </vectorshape>
        <vectorshape id="6Bylrkl4UqB_ReviewShape" width="115" height="22" resume="false" usehandcursor="true" shapemaskid="" xpos="523" ypos="114" tabindex="-1" tabenabled="true" xoffset="0" yoffset="0" rotatexpos="57.5" rotateypos="11" xscale="100" yscale="100" alpha="100" rotation="0" depth="4" scrolling="true" shufflelock="false" acctype="text" cliptobounds="false" defaultaction="">
          <data hotlinkid="" accstate="0">
            <vectordata left="0" top="0" right="44" bottom="22" alttext="Three" pngfb="false">
              <pr l="Lib" i="73" />
            </vectordata>
          </data>
          <textlib>
            <textdata uniqueId="6Bylrkl4UqB_ReviewShape" id="01" linkid="6Bylrkl4UqB_ReviewShape" type="vectortext" xpos="0" ypos="0" width="0" height="0" shadowindex="-1">
              <vectortext left="0" top="0" right="44" bottom="22" pngfb="false">
                <pr l="Lib" i="76" />
              </vectortext>
            </textdata>
          </textlib>
        </vectorshape>
      </objects>
    </scrollarea>
    <vectorshape id="6HHSFL3NwYC" width="684" height="43" resume="true" usehandcursor="true" shapemaskid="" xpos="20" ypos="22" tabindex="10" tabenabled="true" xoffset="0" yoffset="0" rotatexpos="342" rotateypos="21.5" xscale="100" yscale="100" alpha="100" rotation="0" depth="2" scrolling="true" shufflelock="false" acctype="text" cliptobounds="false" defaultaction="">
      <data hotlinkid="" accstate="0">
        <vectordata left="0" top="0" right="684" bottom="43" alttext="Matching Drop Down – Correct = One, Two, Three in order" pngfb="false">
          <pr l="Lib" i="77" />
        </vectordata>
        <html5data xpos="-1" ypos="-1" width="685" height="44" strokewidth="0" />
      </data>
      <textlib>
        <textdata uniqueId="6HHSFL3NwYC_-2126068306" id="01" linkid="txt__default_6HHSFL3NwYC" type="vectortext" xpos="0" ypos="0" width="0" height="0" shadowindex="-1">
          <vectortext left="0" top="0" right="653" bottom="38" pngfb="false">
            <pr l="Lib" i="78" />
          </vectortext>
        </textdata>
      </textlib>
    </vectorshape>
    <vectorshape id="6MYMYgvct3N_CorrectReview" width="720" height="40" resume="false" usehandcursor="true" shapemaskid="" xpos="0" ypos="500" tabindex="18" tabenabled="true" xoffset="0" yoffset="0" rotatexpos="360" rotateypos="20" xscale="100" yscale="100" alpha="100" rotation="0" depth="3" scrolling="true" shufflelock="false" acctype="text" cliptobounds="false" defaultaction="">
      <events>
        <onrelease>
          <actions>
            <hide transition="appear" duration="0" direction="0">
              <objref type="string" value="_this" />
            </hide>
          </actions>
        </onrelease>
      </events>
      <data hotlinkid="" accstate="0">
        <vectordata left="-1" top="-1" right="720" bottom="40" alttext="Correct" pngfb="false">
          <pr l="Lib" i="13" />
        </vectordata>
      </data>
      <textlib>
        <textdata uniqueId="6MYMYgvct3N_CorrectReview" id="01" linkid="6MYMYgvct3N_CorrectReview" type="vectortext" xpos="0" ypos="0" width="0" height="0" shadowindex="-1">
          <vectortext left="0" top="0" right="400" bottom="37" pngfb="false">
            <pr l="Lib" i="14" />
          </vectortext>
        </textdata>
      </textlib>
    </vectorshape>
    <vectorshape id="6MYMYgvct3N_IncorrectReview" width="720" height="40" resume="false" usehandcursor="true" shapemaskid="" xpos="0" ypos="500" tabindex="19" tabenabled="true" xoffset="0" yoffset="0" rotatexpos="360" rotateypos="20" xscale="100" yscale="100" alpha="100" rotation="0" depth="4" scrolling="true" shufflelock="false" acctype="text" cliptobounds="false" defaultaction="">
      <events>
        <onrelease>
          <actions>
            <hide transition="appear" duration="0" direction="0">
              <objref type="string" value="_this" />
            </hide>
          </actions>
        </onrelease>
      </events>
      <data hotlinkid="" accstate="0">
        <vectordata left="-1" top="-1" right="720" bottom="40" alttext="Incorrect" pngfb="false">
          <pr l="Lib" i="15" />
        </vectordata>
      </data>
      <textlib>
        <textdata uniqueId="6MYMYgvct3N_IncorrectReview" id="01" linkid="6MYMYgvct3N_IncorrectReview" type="vectortext" xpos="0" ypos="0" width="0" height="0" shadowindex="-1">
          <vectortext left="0" top="0" right="409" bottom="37" pngfb="false">
            <pr l="Lib" i="16" />
          </vectortext>
        </textdata>
      </textlib>
    </vectorshape>
  </objects>
  <presenterref id="none" />
  <slidelayers>
    <slidelayer id="5jBePcNdzHZ" width="720" height="540" resume="true" usehandcursor="false" enableseek="true" enablereplay="true" lmsid="" starttime="-1" elapsedtimemode="normal" depth="0" modal="true" pauseparent="true" rotatexpos="360" rotateypos="270" tabindex="-1">
      <events>
        <ontopmostlayer>
          <actions>
            <setactivetimeline>
              <objref type="string" value="_this" />
            </setactivetimeline>
          </actions>
        </ontopmostlayer>
        <ontransitionin>
          <actions>
            <enable_frame_control name="submit" enable="false" />
          </actions>
        </ontransitionin>
        <ontransitionout>
          <actions>
            <enable_frame_control name="submit" enable="true" />
          </actions>
        </ontransitionout>
        <ontransitionincomplete>
          <actions>
            <setfocus showrect="false">
              <value type="string" value="6SUpa3tQm2y" />
            </setfocus>
          </actions>
        </ontransitionincomplete>
      </events>
      <timeline duration="5000">
        <events>
          <event time="0">
            <actions>
              <show transition="appear" duration="0" direction="0">
                <objref type="string" value="6SUpa3tQm2y" />
              </show>
              <show transition="appear" duration="0" direction="0">
                <objref type="string" value="5pKkJ8NA0FT" />
              </show>
              <show transition="appear" duration="0" direction="0">
                <objref type="string" value="5YuR6Peo7N5" />
              </show>
              <show transition="appear" duration="0" direction="0">
                <objref type="string" value="67F1PIeokp7" />
              </show>
              <show transition="appear" duration="0" direction="0">
                <objref type="string" value="5zn4ncnxwIt" />
              </show>
            </actions>
          </event>
        </events>
      </timeline>
      <objects>
        <vectorshape id="67F1PIeokp7" width="436" height="190" resume="true" usehandcursor="false" shapemaskid="" xpos="142" ypos="175" tabindex="5" tabenabled="false" xoffset="0" yoffset="0" rotatexpos="218" rotateypos="95" xscale="100" yscale="100" alpha="100" rotation="0" depth="1" scrolling="false" shufflelock="false" acctype="text" cliptobounds="false" defaultaction="">
          <data hotlinkid="" accstate="0">
            <vectordata left="-2" top="-2" right="438" bottom="192" alttext="" pngfb="false">
              <pr l="Lib" i="17" />
            </vectordata>
            <html5data xpos="-1" ypos="-1" width="437" height="191" strokewidth="1" />
          </data>
        </vectorshape>
        <vectorshape id="5zn4ncnxwIt" width="400" height="0" resume="true" usehandcursor="false" shapemaskid="" xpos="160" ypos="228" tabindex="7" tabenabled="false" xoffset="0" yoffset="0" rotatexpos="199.5" rotateypos="-0.5" xscale="100" yscale="100" alpha="100" rotation="0" depth="2" scrolling="false" shufflelock="false" acctype="text" cliptobounds="false" defaultaction="">
          <data hotlinkid="" accstate="0">
            <vectordata left="-2" top="-2" right="402" bottom="2" alttext="" pngfb="false">
              <pr l="Lib" i="18" />
            </vectordata>
            <html5data xpos="-1" ypos="-1" width="401" height="1" strokewidth="1" />
          </data>
        </vectorshape>
        <vectorshape id="6SUpa3tQm2y" width="400" height="38" resume="true" usehandcursor="true" shapemaskid="" xpos="160" ypos="187" tabindex="6" tabenabled="true" xoffset="0" yoffset="0" rotatexpos="200" rotateypos="19" xscale="100" yscale="100" alpha="100" rotation="0" depth="3" scrolling="true" shufflelock="false" acctype="text" cliptobounds="false" defaultaction="">
          <data hotlinkid="" accstate="0">
            <vectordata left="0" top="0" right="400" bottom="38" alttext="Correct" pngfb="false">
              <pr l="Lib" i="19" />
            </vectordata>
            <html5data xpos="-1" ypos="-1" width="401" height="39" strokewidth="0" />
          </data>
          <textlib>
            <textdata uniqueId="6SUpa3tQm2y_-1199766956" id="01" linkid="txt__default_6SUpa3tQm2y" type="vectortext" xpos="0" ypos="0" width="0" height="0" shadowindex="-1">
              <vectortext left="0" top="0" right="81" bottom="32" pngfb="false">
                <pr l="Lib" i="20" />
              </vectortext>
            </textdata>
          </textlib>
        </vectorshape>
        <vectorshape id="5pKkJ8NA0FT" width="400" height="77" resume="true" usehandcursor="true" shapemaskid="" xpos="160" ypos="234" tabindex="8" tabenabled="true" xoffset="0" yoffset="0" rotatexpos="200" rotateypos="38.5" xscale="100" yscale="100" alpha="100" rotation="0" depth="4" scrolling="true" shufflelock="false" acctype="text" cliptobounds="false" defaultaction="">
          <data hotlinkid="" accstate="0">
            <vectordata left="0" top="0" right="400" bottom="77" alttext="That's right!  You selected the correct response." pngfb="false">
              <pr l="Lib" i="21" />
            </vectordata>
            <html5data xpos="-1" ypos="-1" width="401" height="78" strokewidth="0" />
          </data>
          <textlib>
            <textdata uniqueId="5pKkJ8NA0FT_657499142" id="01" linkid="txt__default_5pKkJ8NA0FT" type="vectortext" xpos="0" ypos="0" width="0" height="0" shadowindex="-1">
              <vectortext left="0" top="0" right="371" bottom="27" pngfb="false">
                <pr l="Lib" i="22" />
              </vectortext>
            </textdata>
          </textlib>
        </vectorshape>
        <vectorshape id="5YuR6Peo7N5" width="125" height="30" resume="true" usehandcursor="true" shapemaskid="" xpos="298" ypos="323" tabindex="9" tabenabled="true" xoffset="0" yoffset="0" rotatexpos="62.5" rotateypos="15" xscale="100" yscale="100" alpha="100" rotation="0" depth="5" scrolling="true" shufflelock="false" acctype="button" cliptobounds="false" defaultaction="onrelease">
          <variables>
            <variable name="_hover" type="boolean" value="false" resume="true" />
            <variable name="_down" type="boolean" value="false" resume="true" />
            <variable name="_disabled" type="boolean" value="false" resume="true" />
            <variable name="_visited" type="boolean" value="false" resume="true" />
            <variable name="_savevisited" type="boolean" value="false" resume="true" />
            <variable name="_state" type="string" value="_default" resume="true" />
            <variable name="_stateName" type="string" value="" resume="true" />
            <variable name="_tempStateName" type="string" value="" resume="false" />
          </variables>
          <actiongroups>
            <actiongroup id="ActGrpSetVisitedState">
              <actions>
                <adjustvar variable="_savevisited" operator="set">
                  <value type="var" value="_visited" />
                </adjustvar>
                <adjustvar variable="_visited" operator="set">
                  <value type="boolean" value="true" />
                </adjustvar>
                <exe_actiongroup id="_player._setstates">
                  <scoperef type="string" value="_this" />
                </exe_actiongroup>
              </actions>
            </actiongroup>
            <actiongroup id="ActGrpSetHoverState">
              <actions>
                <adjustvar variable="_hover" operator="set">
                  <value type="boolean" value="true" />
                </adjustvar>
                <exe_actiongroup id="_player._setstates">
                  <scoperef type="string" value="_this" />
                </exe_actiongroup>
              </actions>
            </actiongroup>
            <actiongroup id="ActGrpClearHoverState">
              <actions>
                <adjustvar variable="_hover" operator="set">
                  <value type="boolean" value="false" />
                </adjustvar>
                <exe_actiongroup id="_player._setstates">
                  <scoperef type="string" value="_this" />
                </exe_actiongroup>
              </actions>
            </actiongroup>
            <actiongroup id="ActGrpSetDisabledState">
              <actions>
                <adjustvar variable="_disabled" operator="set">
                  <value type="boolean" value="true" />
                </adjustvar>
                <exe_actiongroup id="_player._setstates">
                  <scoperef type="string" value="_this" />
                </exe_actiongroup>
              </actions>
            </actiongroup>
            <actiongroup id="ActGrpSetDownState">
              <actions>
                <adjustvar variable="_down" operator="set">
                  <value type="boolean" value="true" />
                </adjustvar>
                <exe_actiongroup id="_player._setstates">
                  <scoperef type="string" value="_this" />
                </exe_actiongroup>
              </actions>
            </actiongroup>
            <actiongroup id="ActGrpClearStateVars">
              <actions>
                <adjustvar variable="_hover" operator="set">
                  <value type="boolean" value="false" />
                </adjustvar>
                <adjustvar variable="_down" operator="set">
                  <value type="boolean" value="false" />
                </adjustvar>
                <adjustvar variable="_disabled" operator="set">
                  <value type="boolean" value="false" />
                </adjustvar>
                <adjustvar variable="_visited" operator="set">
                  <value type="boolean" value="false" />
                </adjustvar>
                <adjustvar variable="_savevisited" operator="set">
                  <value type="boolean" value="false" />
                </adjustvar>
              </actions>
            </actiongroup>
          </actiongroups>
          <events>
            <onrelease>
              <actions>
                <exe_actiongroup id="ActGrpSetVisitedState">
                  <scoperef type="string" value="_this" />
                </exe_actiongroup>
                <adjustvar variable="_hover" operator="set">
                  <value type="boolean" value="false" />
                </adjustvar>
                <adjustvar variable="_down" operator="set">
                  <value type="boolean" value="false" />
                </adjustvar>
                <exe_actiongroup id="_player._setstates">
                  <scoperef type="string" value="_this" />
                </exe_actiongroup>
                <hide_slidelayer transition="appear" duration="0" direction="0">
                  <objref type="string" value="_parent" />
                </hide_slidelayer>
                <gotoplay window="_current" wndtype="normal">
                  <objref type="string" value="_player.6RoriILyZrf.5nZ64RoIqZx" />
                </gotoplay>
              </actions>
            </onrelease>
            <ontransitionin>
              <actions>
                <exe_actiongroup id="_player._setstates">
                  <scoperef type="string" value="_this" />
                </exe_actiongroup>
              </actions>
            </ontransitionin>
            <onrollover>
              <actions>
                <exe_actiongroup id="ActGrpSetHoverState">
                  <scoperef type="string" value="_this" />
                </exe_actiongroup>
              </actions>
            </onrollover>
            <onrollout>
              <actions>
                <exe_actiongroup id="ActGrpClearHoverState">
                  <scoperef type="string" value="_this" />
                </exe_actiongroup>
              </actions>
            </onrollout>
            <onpress>
              <actions>
                <exe_actiongroup id="ActGrpSetDownState">
                  <scoperef type="string" value="_this" />
                </exe_actiongroup>
              </actions>
            </onpress>
            <onreleaseoutside>
              <actions>
                <adjustvar variable="_down" operator="set">
                  <value type="boolean" value="false" />
                </adjustvar>
                <exe_actiongroup id="_player._setstates">
                  <scoperef type="string" value="_this" />
                </exe_actiongroup>
              </actions>
            </onreleaseoutside>
          </events>
          <data hotlinkid="" accstate="0">
            <vectordata left="-2" top="-2" right="126" bottom="31" alttext="Continue" pngfb="false">
              <pr l="Lib" i="23" />
            </vectordata>
            <html5data xpos="-1" ypos="-1" width="126" height="31" strokewidth="1" />
          </data>
          <states>
            <state name="_default_Disabled">
              <data hotlinkid="" accstate="1">
                <vectordata left="-2" top="-2" right="126" bottom="31" alttext="Continue" pngfb="false">
                  <pr l="Lib" i="23" />
                </vectordata>
                <html5data xpos="-2" ypos="-2" width="128" height="33" strokewidth="1" />
              </data>
            </state>
            <state name="_default_Down">
              <data hotlinkid="" accstate="8">
                <vectordata left="-2" top="-2" right="126" bottom="31" alttext="Continue" pngfb="false">
                  <pr l="Lib" i="24" />
                </vectordata>
                <html5data xpos="-2" ypos="-2" width="128" height="33" strokewidth="1" />
              </data>
            </state>
            <state name="_default_Visited">
              <data hotlinkid="" accstate="0">
                <vectordata left="-2" top="-2" right="126" bottom="31" alttext="Continue" pngfb="false">
                  <pr l="Lib" i="23" />
                </vectordata>
                <html5data xpos="-2" ypos="-2" width="128" height="33" strokewidth="1" />
              </data>
            </state>
            <state name="_default_Visited_Disabled">
              <data hotlinkid="" accstate="1">
                <vectordata left="-2" top="-2" right="126" bottom="31" alttext="Continue" pngfb="false">
                  <pr l="Lib" i="23" />
                </vectordata>
                <html5data xpos="-2" ypos="-2" width="128" height="33" strokewidth="1" />
              </data>
            </state>
            <state name="_default_Down_Visited">
              <data hotlinkid="" accstate="8">
                <vectordata left="-2" top="-2" right="126" bottom="31" alttext="Continue" pngfb="false">
                  <pr l="Lib" i="24" />
                </vectordata>
                <html5data xpos="-2" ypos="-2" width="128" height="33" strokewidth="1" />
              </data>
            </state>
            <state name="_default_Hover">
              <data hotlinkid="" accstate="0">
                <vectordata left="-2" top="-2" right="126" bottom="31" alttext="Continue" pngfb="false">
                  <pr l="Lib" i="25" />
                </vectordata>
                <html5data xpos="-2" ypos="-2" width="128" height="33" strokewidth="1" />
              </data>
            </state>
            <state name="_default_Hover_Disabled">
              <data hotlinkid="" accstate="1">
                <vectordata left="-2" top="-2" right="126" bottom="31" alttext="Continue" pngfb="false">
                  <pr l="Lib" i="26" />
                </vectordata>
                <html5data xpos="-2" ypos="-2" width="128" height="33" strokewidth="1" />
              </data>
            </state>
            <state name="_default_Hover_Down">
              <data hotlinkid="" accstate="8">
                <vectordata left="-2" top="-2" right="126" bottom="31" alttext="Continue" pngfb="false">
                  <pr l="Lib" i="27" />
                </vectordata>
                <html5data xpos="-2" ypos="-2" width="128" height="33" strokewidth="1" />
              </data>
            </state>
            <state name="_default_Hover_Visited">
              <data hotlinkid="" accstate="0">
                <vectordata left="-2" top="-2" right="126" bottom="31" alttext="Continue" pngfb="false">
                  <pr l="Lib" i="25" />
                </vectordata>
                <html5data xpos="-2" ypos="-2" width="128" height="33" strokewidth="1" />
              </data>
            </state>
            <state name="_default_Hover_Visited_Disabled">
              <data hotlinkid="" accstate="1">
                <vectordata left="-2" top="-2" right="126" bottom="31" alttext="Continue" pngfb="false">
                  <pr l="Lib" i="25" />
                </vectordata>
                <html5data xpos="-2" ypos="-2" width="128" height="33" strokewidth="1" />
              </data>
            </state>
            <state name="_default_Hover_Down_Visited">
              <data hotlinkid="" accstate="8">
                <vectordata left="-2" top="-2" right="126" bottom="31" alttext="Continue" pngfb="false">
                  <pr l="Lib" i="27" />
                </vectordata>
                <html5data xpos="-2" ypos="-2" width="128" height="33" strokewidth="1" />
              </data>
            </state>
          </states>
          <textlib>
            <textdata uniqueId="6rQnmwFXsCp_244222842" id="01" linkid="txt__default_5YuR6Peo7N5" type="vectortext" xpos="0" ypos="0" width="0" height="0" shadowindex="-1">
              <vectortext left="0" top="0" right="97" bottom="26" pngfb="false">
                <pr l="Lib" i="28" />
              </vectortext>
            </textdata>
          </textlib>
        </vectorshape>
      </objects>
    </slidelayer>
    <slidelayer id="6FhnSje8nSM" width="720" height="540" resume="true" usehandcursor="false" enableseek="true" enablereplay="true" lmsid="" starttime="-1" elapsedtimemode="normal" depth="0" modal="true" pauseparent="true" rotatexpos="360" rotateypos="270" tabindex="-1">
      <events>
        <ontopmostlayer>
          <actions>
            <setactivetimeline>
              <objref type="string" value="_this" />
            </setactivetimeline>
          </actions>
        </ontopmostlayer>
        <ontransitionin>
          <actions>
            <enable_frame_control name="submit" enable="false" />
          </actions>
        </ontransitionin>
        <ontransitionout>
          <actions>
            <enable_frame_control name="submit" enable="true" />
          </actions>
        </ontransitionout>
        <ontransitionincomplete>
          <actions>
            <setfocus showrect="false">
              <value type="string" value="5aiTUEsMqy9" />
            </setfocus>
          </actions>
        </ontransitionincomplete>
      </events>
      <timeline duration="5000">
        <events>
          <event time="0">
            <actions>
              <show transition="appear" duration="0" direction="0">
                <objref type="string" value="5aiTUEsMqy9" />
              </show>
              <show transition="appear" duration="0" direction="0">
                <objref type="string" value="6UfMXFd2gCb" />
              </show>
              <show transition="appear" duration="0" direction="0">
                <objref type="string" value="6rXE2cRmtz9" />
              </show>
              <show transition="appear" duration="0" direction="0">
                <objref type="string" value="67F1PIeokp7" />
              </show>
              <show transition="appear" duration="0" direction="0">
                <objref type="string" value="5zn4ncnxwIt" />
              </show>
            </actions>
          </event>
        </events>
      </timeline>
      <objects>
        <vectorshape id="67F1PIeokp7" width="436" height="190" resume="true" usehandcursor="false" shapemaskid="" xpos="142" ypos="175" tabindex="0" tabenabled="false" xoffset="0" yoffset="0" rotatexpos="218" rotateypos="95" xscale="100" yscale="100" alpha="100" rotation="0" depth="1" scrolling="false" shufflelock="false" acctype="text" cliptobounds="false" defaultaction="">
          <data hotlinkid="" accstate="0">
            <vectordata left="-2" top="-2" right="438" bottom="192" alttext="" pngfb="false">
              <pr l="Lib" i="17" />
            </vectordata>
            <html5data xpos="-1" ypos="-1" width="437" height="191" strokewidth="1" />
          </data>
        </vectorshape>
        <vectorshape id="5zn4ncnxwIt" width="400" height="0" resume="true" usehandcursor="false" shapemaskid="" xpos="160" ypos="228" tabindex="2" tabenabled="false" xoffset="0" yoffset="0" rotatexpos="199.5" rotateypos="-0.5" xscale="100" yscale="100" alpha="100" rotation="0" depth="2" scrolling="false" shufflelock="false" acctype="text" cliptobounds="false" defaultaction="">
          <data hotlinkid="" accstate="0">
            <vectordata left="-2" top="-2" right="402" bottom="2" alttext="" pngfb="false">
              <pr l="Lib" i="18" />
            </vectordata>
            <html5data xpos="-1" ypos="-1" width="401" height="1" strokewidth="1" />
          </data>
        </vectorshape>
        <vectorshape id="5aiTUEsMqy9" width="400" height="38" resume="true" usehandcursor="true" shapemaskid="" xpos="160" ypos="187" tabindex="1" tabenabled="true" xoffset="0" yoffset="0" rotatexpos="200" rotateypos="19" xscale="100" yscale="100" alpha="100" rotation="0" depth="3" scrolling="true" shufflelock="false" acctype="text" cliptobounds="false" defaultaction="">
          <data hotlinkid="" accstate="0">
            <vectordata left="0" top="0" right="400" bottom="38" alttext="Incorrect" pngfb="false">
              <pr l="Lib" i="19" />
            </vectordata>
            <html5data xpos="-1" ypos="-1" width="401" height="39" strokewidth="0" />
          </data>
          <textlib>
            <textdata uniqueId="5aiTUEsMqy9_1029164720" id="01" linkid="txt__default_5aiTUEsMqy9" type="vectortext" xpos="0" ypos="0" width="0" height="0" shadowindex="-1">
              <vectortext left="0" top="0" right="97" bottom="32" pngfb="false">
                <pr l="Lib" i="29" />
              </vectortext>
            </textdata>
          </textlib>
        </vectorshape>
        <vectorshape id="6UfMXFd2gCb" width="400" height="77" resume="true" usehandcursor="true" shapemaskid="" xpos="160" ypos="234" tabindex="3" tabenabled="true" xoffset="0" yoffset="0" rotatexpos="200" rotateypos="38.5" xscale="100" yscale="100" alpha="100" rotation="0" depth="4" scrolling="true" shufflelock="false" acctype="text" cliptobounds="false" defaultaction="">
          <data hotlinkid="" accstate="0">
            <vectordata left="0" top="0" right="400" bottom="77" alttext="You did not select the correct response." pngfb="false">
              <pr l="Lib" i="21" />
            </vectordata>
            <html5data xpos="-1" ypos="-1" width="401" height="78" strokewidth="0" />
          </data>
          <textlib>
            <textdata uniqueId="6UfMXFd2gCb_846340257" id="01" linkid="txt__default_6UfMXFd2gCb" type="vectortext" xpos="0" ypos="0" width="0" height="0" shadowindex="-1">
              <vectortext left="0" top="0" right="312" bottom="27" pngfb="false">
                <pr l="Lib" i="30" />
              </vectortext>
            </textdata>
          </textlib>
        </vectorshape>
        <vectorshape id="6rXE2cRmtz9" width="125" height="30" resume="true" usehandcursor="true" shapemaskid="" xpos="298" ypos="323" tabindex="4" tabenabled="true" xoffset="0" yoffset="0" rotatexpos="62.5" rotateypos="15" xscale="100" yscale="100" alpha="100" rotation="0" depth="5" scrolling="true" shufflelock="false" acctype="button" cliptobounds="false" defaultaction="onrelease">
          <variables>
            <variable name="_hover" type="boolean" value="false" resume="true" />
            <variable name="_down" type="boolean" value="false" resume="true" />
            <variable name="_disabled" type="boolean" value="false" resume="true" />
            <variable name="_visited" type="boolean" value="false" resume="true" />
            <variable name="_savevisited" type="boolean" value="false" resume="true" />
            <variable name="_state" type="string" value="_default" resume="true" />
            <variable name="_stateName" type="string" value="" resume="true" />
            <variable name="_tempStateName" type="string" value="" resume="false" />
          </variables>
          <actiongroups>
            <actiongroup id="ActGrpSetVisitedState">
              <actions>
                <adjustvar variable="_savevisited" operator="set">
                  <value type="var" value="_visited" />
                </adjustvar>
                <adjustvar variable="_visited" operator="set">
                  <value type="boolean" value="true" />
                </adjustvar>
                <exe_actiongroup id="_player._setstates">
                  <scoperef type="string" value="_this" />
                </exe_actiongroup>
              </actions>
            </actiongroup>
            <actiongroup id="ActGrpSetHoverState">
              <actions>
                <adjustvar variable="_hover" operator="set">
                  <value type="boolean" value="true" />
                </adjustvar>
                <exe_actiongroup id="_player._setstates">
                  <scoperef type="string" value="_this" />
                </exe_actiongroup>
              </actions>
            </actiongroup>
            <actiongroup id="ActGrpClearHoverState">
              <actions>
                <adjustvar variable="_hover" operator="set">
                  <value type="boolean" value="false" />
                </adjustvar>
                <exe_actiongroup id="_player._setstates">
                  <scoperef type="string" value="_this" />
                </exe_actiongroup>
              </actions>
            </actiongroup>
            <actiongroup id="ActGrpSetDisabledState">
              <actions>
                <adjustvar variable="_disabled" operator="set">
                  <value type="boolean" value="true" />
                </adjustvar>
                <exe_actiongroup id="_player._setstates">
                  <scoperef type="string" value="_this" />
                </exe_actiongroup>
              </actions>
            </actiongroup>
            <actiongroup id="ActGrpSetDownState">
              <actions>
                <adjustvar variable="_down" operator="set">
                  <value type="boolean" value="true" />
                </adjustvar>
                <exe_actiongroup id="_player._setstates">
                  <scoperef type="string" value="_this" />
                </exe_actiongroup>
              </actions>
            </actiongroup>
            <actiongroup id="ActGrpClearStateVars">
              <actions>
                <adjustvar variable="_hover" operator="set">
                  <value type="boolean" value="false" />
                </adjustvar>
                <adjustvar variable="_down" operator="set">
                  <value type="boolean" value="false" />
                </adjustvar>
                <adjustvar variable="_disabled" operator="set">
                  <value type="boolean" value="false" />
                </adjustvar>
                <adjustvar variable="_visited" operator="set">
                  <value type="boolean" value="false" />
                </adjustvar>
                <adjustvar variable="_savevisited" operator="set">
                  <value type="boolean" value="false" />
                </adjustvar>
              </actions>
            </actiongroup>
          </actiongroups>
          <events>
            <onrelease>
              <actions>
                <exe_actiongroup id="ActGrpSetVisitedState">
                  <scoperef type="string" value="_this" />
                </exe_actiongroup>
                <adjustvar variable="_hover" operator="set">
                  <value type="boolean" value="false" />
                </adjustvar>
                <adjustvar variable="_down" operator="set">
                  <value type="boolean" value="false" />
                </adjustvar>
                <exe_actiongroup id="_player._setstates">
                  <scoperef type="string" value="_this" />
                </exe_actiongroup>
                <hide_slidelayer transition="appear" duration="0" direction="0">
                  <objref type="string" value="_parent" />
                </hide_slidelayer>
                <gotoplay window="_current" wndtype="normal">
                  <objref type="string" value="_player.6RoriILyZrf.5nZ64RoIqZx" />
                </gotoplay>
              </actions>
            </onrelease>
            <ontransitionin>
              <actions>
                <exe_actiongroup id="_player._setstates">
                  <scoperef type="string" value="_this" />
                </exe_actiongroup>
              </actions>
            </ontransitionin>
            <onrollover>
              <actions>
                <exe_actiongroup id="ActGrpSetHoverState">
                  <scoperef type="string" value="_this" />
                </exe_actiongroup>
              </actions>
            </onrollover>
            <onrollout>
              <actions>
                <exe_actiongroup id="ActGrpClearHoverState">
                  <scoperef type="string" value="_this" />
                </exe_actiongroup>
              </actions>
            </onrollout>
            <onpress>
              <actions>
                <exe_actiongroup id="ActGrpSetDownState">
                  <scoperef type="string" value="_this" />
                </exe_actiongroup>
              </actions>
            </onpress>
            <onreleaseoutside>
              <actions>
                <adjustvar variable="_down" operator="set">
                  <value type="boolean" value="false" />
                </adjustvar>
                <exe_actiongroup id="_player._setstates">
                  <scoperef type="string" value="_this" />
                </exe_actiongroup>
              </actions>
            </onreleaseoutside>
          </events>
          <data hotlinkid="" accstate="0">
            <vectordata left="-2" top="-2" right="126" bottom="31" alttext="Continue" pngfb="false">
              <pr l="Lib" i="23" />
            </vectordata>
            <html5data xpos="-1" ypos="-1" width="126" height="31" strokewidth="1" />
          </data>
          <states>
            <state name="_default_Disabled">
              <data hotlinkid="" accstate="1">
                <vectordata left="-2" top="-2" right="126" bottom="31" alttext="Continue" pngfb="false">
                  <pr l="Lib" i="23" />
                </vectordata>
                <html5data xpos="-2" ypos="-2" width="128" height="33" strokewidth="1" />
              </data>
            </state>
            <state name="_default_Down">
              <data hotlinkid="" accstate="8">
                <vectordata left="-2" top="-2" right="126" bottom="31" alttext="Continue" pngfb="false">
                  <pr l="Lib" i="24" />
                </vectordata>
                <html5data xpos="-2" ypos="-2" width="128" height="33" strokewidth="1" />
              </data>
            </state>
            <state name="_default_Visited">
              <data hotlinkid="" accstate="0">
                <vectordata left="-2" top="-2" right="126" bottom="31" alttext="Continue" pngfb="false">
                  <pr l="Lib" i="23" />
                </vectordata>
                <html5data xpos="-2" ypos="-2" width="128" height="33" strokewidth="1" />
              </data>
            </state>
            <state name="_default_Visited_Disabled">
              <data hotlinkid="" accstate="1">
                <vectordata left="-2" top="-2" right="126" bottom="31" alttext="Continue" pngfb="false">
                  <pr l="Lib" i="23" />
                </vectordata>
                <html5data xpos="-2" ypos="-2" width="128" height="33" strokewidth="1" />
              </data>
            </state>
            <state name="_default_Down_Visited">
              <data hotlinkid="" accstate="8">
                <vectordata left="-2" top="-2" right="126" bottom="31" alttext="Continue" pngfb="false">
                  <pr l="Lib" i="24" />
                </vectordata>
                <html5data xpos="-2" ypos="-2" width="128" height="33" strokewidth="1" />
              </data>
            </state>
            <state name="_default_Hover">
              <data hotlinkid="" accstate="0">
                <vectordata left="-2" top="-2" right="126" bottom="31" alttext="Continue" pngfb="false">
                  <pr l="Lib" i="25" />
                </vectordata>
                <html5data xpos="-2" ypos="-2" width="128" height="33" strokewidth="1" />
              </data>
            </state>
            <state name="_default_Hover_Disabled">
              <data hotlinkid="" accstate="1">
                <vectordata left="-2" top="-2" right="126" bottom="31" alttext="Continue" pngfb="false">
                  <pr l="Lib" i="26" />
                </vectordata>
                <html5data xpos="-2" ypos="-2" width="128" height="33" strokewidth="1" />
              </data>
            </state>
            <state name="_default_Hover_Down">
              <data hotlinkid="" accstate="8">
                <vectordata left="-2" top="-2" right="126" bottom="31" alttext="Continue" pngfb="false">
                  <pr l="Lib" i="27" />
                </vectordata>
                <html5data xpos="-2" ypos="-2" width="128" height="33" strokewidth="1" />
              </data>
            </state>
            <state name="_default_Hover_Visited">
              <data hotlinkid="" accstate="0">
                <vectordata left="-2" top="-2" right="126" bottom="31" alttext="Continue" pngfb="false">
                  <pr l="Lib" i="25" />
                </vectordata>
                <html5data xpos="-2" ypos="-2" width="128" height="33" strokewidth="1" />
              </data>
            </state>
            <state name="_default_Hover_Visited_Disabled">
              <data hotlinkid="" accstate="1">
                <vectordata left="-2" top="-2" right="126" bottom="31" alttext="Continue" pngfb="false">
                  <pr l="Lib" i="25" />
                </vectordata>
                <html5data xpos="-2" ypos="-2" width="128" height="33" strokewidth="1" />
              </data>
            </state>
            <state name="_default_Hover_Down_Visited">
              <data hotlinkid="" accstate="8">
                <vectordata left="-2" top="-2" right="126" bottom="31" alttext="Continue" pngfb="false">
                  <pr l="Lib" i="27" />
                </vectordata>
                <html5data xpos="-2" ypos="-2" width="128" height="33" strokewidth="1" />
              </data>
            </state>
          </states>
          <textlib>
            <textdata uniqueId="5vr2iE5OkXC_1455829077" id="01" linkid="txt__default_6rXE2cRmtz9" type="vectortext" xpos="0" ypos="0" width="0" height="0" shadowindex="-1">
              <vectortext left="0" top="0" right="97" bottom="26" pngfb="false">
                <pr l="Lib" i="28" />
              </vectortext>
            </textdata>
          </textlib>
        </vectorshape>
      </objects>
    </slidelayer>
  </slidelayers>
</slide>