﻿<?xml version="1.0" encoding="utf-8"?>
<slide xmlns:xsi="http://www.w3.org/2001/XMLSchema-instance" xmlns:xsd="http://www.w3.org/2001/XMLSchema" id="6HQ6ddQOM0u" width="720" height="540" resume="true" usehandcursor="false" enableseek="true" enablereplay="true" lmsid="Slide19" starttime="-1" elapsedtimemode="normal" title="Rank Drag and Drop" trackviews="true" showmenuresulticon="false" viewgroupid="" historygroupid="" videozoom="" scrolling="false" transition="appear" transduration="0" transdir="1" wipetrans="false" slidelock="false" navindex="-1" globalaudioid="" thumbnailid="" showanimationid="">
  <actiongroups>
    <actiongroup id="ActGrpOnSubmitButtonClick">
      <actions>
        <eval_interaction id="_this.6kdwfV9MIBI" />
      </actions>
    </actiongroup>
    <actiongroup id="ReviewInt_6FjVVz3TyKq">
      <actions>
        <if_action>
          <condition>
            <compare operator="eq" valuea="_player.CurrentQuiz_6FjVVz3TyKq" typea="var" valueb="5WfhuQ3hw1Y" typeb="string" />
          </condition>
          <then_actions>
            <exe_actiongroup id="SetLayout_pxabnsnfns00001100101" />
            <if_action>
              <condition>
                <compare operator="eq" valuea="_player.5WfhuQ3hw1Y.Passed" typea="property" valueb="true" typeb="boolean" />
              </condition>
              <then_actions>
                <exe_actiongroup id="ReviewIntCorrectIncorrect_6FjVVz3TyKq" />
              </then_actions>
            </if_action>
            <if_action>
              <condition>
                <compare operator="eq" valuea="_player.5WfhuQ3hw1Y.Passed" typea="property" valueb="false" typeb="boolean" />
              </condition>
              <then_actions>
                <exe_actiongroup id="ReviewIntCorrectIncorrect_6FjVVz3TyKq" />
              </then_actions>
            </if_action>
          </then_actions>
        </if_action>
        <set_enabled>
          <objref type="string" value="list_6FjVVz3TyKq" />
          <enabled type="boolean" value="false" />
        </set_enabled>
      </actions>
    </actiongroup>
    <actiongroup id="ReviewIntCorrectIncorrect_6FjVVz3TyKq">
      <actions />
    </actiongroup>
    <actiongroup id="AnsweredInt_6FjVVz3TyKq">
      <actions>
        <exe_actiongroup id="DisableChoices_6FjVVz3TyKq" />
        <if_action>
          <condition>
            <compare operator="eq" valuea="WindowId" typea="property" valueb="_frame" typeb="string" />
          </condition>
          <then_actions>
            <set_frame_layout name="pxabnsnfns00001100101" />
          </then_actions>
          <else_actions>
            <set_window_control_layout name="pxabnsnfns00001100101" />
          </else_actions>
        </if_action>
        <set_enabled>
          <objref type="string" value="list_6FjVVz3TyKq" />
          <enabled type="boolean" value="false" />
        </set_enabled>
      </actions>
    </actiongroup>
    <actiongroup id="DisableChoices_6FjVVz3TyKq">
      <actions>
        <set_enabled>
          <objref type="string" value="list_6FjVVz3TyKq" />
          <enabled type="boolean" value="false" />
        </set_enabled>
      </actions>
    </actiongroup>
    <actiongroup id="6FjVVz3TyKq_CheckAnswered">
      <actions>
        <if_action>
          <condition>
            <compare operator="gte" valuea="6kdwfV9MIBI.AttemptCount" typea="property" valueb="1" typeb="number" />
          </condition>
          <then_actions>
            <exe_actiongroup id="AnsweredInt_6FjVVz3TyKq" />
          </then_actions>
        </if_action>
      </actions>
    </actiongroup>
    <actiongroup id="SetLayout_pxabnsnfns00001100101">
      <actions>
        <if_action>
          <condition>
            <compare operator="eq" valuea="WindowId" typea="property" valueb="_frame" typeb="string" />
          </condition>
          <then_actions>
            <set_frame_layout name="pxabnsnfns00001100101" />
          </then_actions>
          <else_actions>
            <set_window_control_layout name="pxabnsnfns00001100101" />
          </else_actions>
        </if_action>
      </actions>
    </actiongroup>
    <actiongroup id="NavigationRestrictionNextSlide_6HQ6ddQOM0u">
      <actions>
        <gotoplay window="_current" wndtype="normal">
          <objref type="string" value="_parent.6QHKwdfXGsg" />
        </gotoplay>
      </actions>
    </actiongroup>
    <actiongroup id="NavigationRestrictionPreviousSlide_6HQ6ddQOM0u">
      <actions>
        <history_prev />
      </actions>
    </actiongroup>
  </actiongroups>
  <events>
    <onbeforeslidein>
      <actions>
        <if_action>
          <condition>
            <compare operator="eq" valuea="WindowId" typea="property" valueb="_frame" typeb="string" />
          </condition>
          <then_actions>
            <set_frame_layout name="npnxnanbsnfns00001100101" />
          </then_actions>
          <else_actions>
            <set_window_control_layout name="npnxnanbsnfns00001100101" />
          </else_actions>
        </if_action>
      </actions>
    </onbeforeslidein>
    <onsubmitslide>
      <actions>
        <exe_actiongroup id="ActGrpOnSubmitButtonClick" />
      </actions>
    </onsubmitslide>
    <ontransitionin>
      <actions>
        <adjustvar variable="_player.LastSlideViewed_5Zxg3fY3Nhm" operator="set">
          <value type="string" value="_player." />
        </adjustvar>
        <adjustvar variable="_player.LastSlideViewed_5Zxg3fY3Nhm" operator="add">
          <value type="property" value="AbsoluteId" />
        </adjustvar>
        <if_action>
          <condition>
            <compare operator="eq" valuea="_player.ReviewMode_6FjVVz3TyKq" typea="var" valueb="true" typeb="boolean" />
          </condition>
          <then_actions>
            <exe_actiongroup id="ReviewInt_6FjVVz3TyKq" />
          </then_actions>
          <else_actions>
            <exe_actiongroup id="6FjVVz3TyKq_CheckAnswered" />
          </else_actions>
        </if_action>
      </actions>
    </ontransitionin>
    <onnextslide>
      <actions>
        <if_action>
          <condition>
            <compare operator="eq" valuea="_player.ReviewMode_6FjVVz3TyKq" typea="var" valueb="true" typeb="boolean" />
          </condition>
          <then_actions>
            <if_action>
              <condition>
                <compare operator="eq" valuea="_player.CurrentQuiz_6FjVVz3TyKq" typea="var" valueb="5WfhuQ3hw1Y" typeb="string" />
              </condition>
              <then_actions>
                <nextviewedslide>
                  <quizref type="string" value="_player.5WfhuQ3hw1Y" />
                  <completed_slide_ref type="string" value="_player.6RoriILyZrf.6Am9SBi3ums" />
                </nextviewedslide>
              </then_actions>
              <else_actions>
                <debug_trace message="WARNING: question is in review mode, but not for any quiz that it's a part of" />
              </else_actions>
            </if_action>
          </then_actions>
          <else_actions>
            <exe_actiongroup id="NavigationRestrictionNextSlide_6HQ6ddQOM0u" />
          </else_actions>
        </if_action>
      </actions>
    </onnextslide>
    <onprevslide>
      <actions>
        <exe_actiongroup id="NavigationRestrictionPreviousSlide_6HQ6ddQOM0u" />
      </actions>
    </onprevslide>
  </events>
  <background type="fill">
    <fill type="linear" rotation="90">
      <colors>
        <color rgb="0xFFFFFF" alpha="100" stop="0" />
      </colors>
    </fill>
  </background>
  <timeline duration="5000">
    <events>
      <event time="0">
        <actions>
          <show transition="appear" duration="0" direction="0">
            <objref type="string" value="list_6FjVVz3TyKq" />
          </show>
          <show transition="appear" duration="0" direction="0">
            <objref type="string" value="5VGfEgRAZtj" />
          </show>
        </actions>
      </event>
    </events>
  </timeline>
  <objects>
    <sequencectrl id="list_6FjVVz3TyKq" width="648" height="422" resume="true" usehandcursor="true" shapemaskid="" xpos="36" ypos="80" tabindex="1" tabenabled="true" xoffset="0" yoffset="0" rotatexpos="324" rotateypos="211" xscale="100" yscale="100" alpha="100" rotation="0" depth="1" scrolling="true" shufflelock="false" rtl="false">
      <colors>
        <color name="number_text">
          <fill type="linear" rotation="90">
            <colors>
              <color rgb="0x000000" alpha="100" stop="0" />
            </colors>
          </fill>
        </color>
        <color name="hover">
          <fill type="linear" rotation="90">
            <colors>
              <color rgb="0xB7FDFF" alpha="100" stop="0" />
              <color rgb="0xA1EDEF" alpha="100" stop="100" />
            </colors>
          </fill>
        </color>
      </colors>
      <data hotlinkid="" accstate="0">
        <itemlist>
          <item hotlinkid="" accstate="0" itemdata="choices.choice_5iywvnQVkqy">
            <textdata uniqueId="txt_5iywvnQVkqy" type="vectortext" alttext="Drop 1" lmstext="Drop 1" xpos="10" ypos="3" width="594" height="28" shadowindex="-1">
              <vectortext left="0" top="0" right="52" bottom="22" alttext="Drop 1" lmstext="Drop 1" pngfb="false">
                <pr l="Lib" i="79" />
              </vectortext>
            </textdata>
          </item>
          <item hotlinkid="" accstate="0" itemdata="choices.choice_5l06TSScskj">
            <textdata uniqueId="txt_5l06TSScskj" type="vectortext" alttext="Drop 2" lmstext="Drop 2" xpos="10" ypos="3" width="594" height="28" shadowindex="-1">
              <vectortext left="0" top="0" right="52" bottom="22" alttext="Drop 2" lmstext="Drop 2" pngfb="false">
                <pr l="Lib" i="80" />
              </vectortext>
            </textdata>
          </item>
          <item hotlinkid="" accstate="0" itemdata="choices.choice_6B6nYMQ6upg">
            <textdata uniqueId="txt_6B6nYMQ6upg" type="vectortext" alttext="Drop 3" lmstext="Drop 3" xpos="10" ypos="3" width="594" height="28" shadowindex="-1">
              <vectortext left="0" top="0" right="52" bottom="22" alttext="Drop 3" lmstext="Drop 3" pngfb="false">
                <pr l="Lib" i="81" />
              </vectortext>
            </textdata>
          </item>
        </itemlist>
      </data>
    </sequencectrl>
    <vectorshape id="5VGfEgRAZtj" width="648" height="44" resume="true" usehandcursor="true" shapemaskid="" xpos="36" ypos="22" tabindex="0" tabenabled="true" xoffset="0" yoffset="0" rotatexpos="324" rotateypos="22" xscale="100" yscale="100" alpha="100" rotation="0" depth="2" scrolling="true" shufflelock="false" acctype="text" cliptobounds="false" defaultaction="">
      <data hotlinkid="" accstate="0">
        <vectordata left="0" top="0" right="648" bottom="44" alttext="Rank Drag and Drop" pngfb="false">
          <pr l="Lib" i="11" />
        </vectordata>
        <html5data xpos="-1" ypos="-1" width="649" height="45" strokewidth="0" />
      </data>
      <textlib>
        <textdata uniqueId="5VGfEgRAZtj_1080797635" id="01" linkid="txt__default_5VGfEgRAZtj" type="vectortext" xpos="0" ypos="0" width="0" height="0" shadowindex="-1">
          <vectortext left="0" top="0" right="243" bottom="39" pngfb="false">
            <pr l="Lib" i="139" />
          </vectortext>
        </textdata>
      </textlib>
    </vectorshape>
    <vectorshape id="6FjVVz3TyKq_CorrectReview" width="720" height="40" resume="false" usehandcursor="true" shapemaskid="" xpos="0" ypos="500" tabindex="2" tabenabled="true" xoffset="0" yoffset="0" rotatexpos="360" rotateypos="20" xscale="100" yscale="100" alpha="100" rotation="0" depth="3" scrolling="true" shufflelock="false" acctype="text" cliptobounds="false" defaultaction="">
      <events>
        <onrelease>
          <actions>
            <hide transition="appear" duration="0" direction="0">
              <objref type="string" value="_this" />
            </hide>
          </actions>
        </onrelease>
      </events>
      <data hotlinkid="" accstate="0">
        <vectordata left="-1" top="-1" right="720" bottom="40" alttext="Correct" pngfb="false">
          <pr l="Lib" i="13" />
        </vectordata>
      </data>
      <textlib>
        <textdata uniqueId="6FjVVz3TyKq_CorrectReview" id="01" linkid="6FjVVz3TyKq_CorrectReview" type="vectortext" xpos="0" ypos="0" width="0" height="0" shadowindex="-1">
          <vectortext left="0" top="0" right="400" bottom="37" pngfb="false">
            <pr l="Lib" i="14" />
          </vectortext>
        </textdata>
      </textlib>
    </vectorshape>
    <vectorshape id="6FjVVz3TyKq_IncorrectReview" width="720" height="40" resume="false" usehandcursor="true" shapemaskid="" xpos="0" ypos="500" tabindex="3" tabenabled="true" xoffset="0" yoffset="0" rotatexpos="360" rotateypos="20" xscale="100" yscale="100" alpha="100" rotation="0" depth="4" scrolling="true" shufflelock="false" acctype="text" cliptobounds="false" defaultaction="">
      <events>
        <onrelease>
          <actions>
            <hide transition="appear" duration="0" direction="0">
              <objref type="string" value="_this" />
            </hide>
          </actions>
        </onrelease>
      </events>
      <data hotlinkid="" accstate="0">
        <vectordata left="-1" top="-1" right="720" bottom="40" alttext="Incorrect" pngfb="false">
          <pr l="Lib" i="15" />
        </vectordata>
      </data>
      <textlib>
        <textdata uniqueId="6FjVVz3TyKq_IncorrectReview" id="01" linkid="6FjVVz3TyKq_IncorrectReview" type="vectortext" xpos="0" ypos="0" width="0" height="0" shadowindex="-1">
          <vectortext left="0" top="0" right="409" bottom="37" pngfb="false">
            <pr l="Lib" i="16" />
          </vectortext>
        </textdata>
      </textlib>
    </vectorshape>
  </objects>
  <presenterref id="none" />
</slide>