﻿<?xml version="1.0" encoding="utf-8"?>
<slide xmlns:xsi="http://www.w3.org/2001/XMLSchema-instance" xmlns:xsd="http://www.w3.org/2001/XMLSchema" id="6Ok1Uv4iFkh" width="720" height="540" resume="false" usehandcursor="false" enableseek="true" enablereplay="true" lmsid="Slide1" starttime="-1" elapsedtimemode="normal" title="Untitled Slide" trackviews="true" showmenuresulticon="false" viewgroupid="" historygroupid="" videozoom="" scrolling="false" transition="appear" transduration="0" transdir="1" wipetrans="false" slidelock="false" navindex="-1" globalaudioid="" thumbnailid="" showanimationid="">
  <actiongroups>
    <actiongroup id="ActGrpOnNextButtonClick">
      <actions>
        <gotoplay window="_current" wndtype="normal">
          <objref type="string" value="_player.6RoriILyZrf.5rv2GAmKi6e" />
        </gotoplay>
      </actions>
    </actiongroup>
    <actiongroup id="ActGrpOnPrevButtonClick">
      <actions>
        <history_prev />
      </actions>
    </actiongroup>
    <actiongroup id="NavigationRestrictionNextSlide_6Ok1Uv4iFkh">
      <actions>
        <exe_actiongroup id="ActGrpOnNextButtonClick" />
      </actions>
    </actiongroup>
    <actiongroup id="NavigationRestrictionPreviousSlide_6Ok1Uv4iFkh">
      <actions>
        <exe_actiongroup id="ActGrpOnPrevButtonClick" />
      </actions>
    </actiongroup>
  </actiongroups>
  <events>
    <onbeforeslidein>
      <actions>
        <if_action>
          <condition>
            <compare operator="eq" valuea="WindowId" typea="property" valueb="_frame" typeb="string" />
          </condition>
          <then_actions>
            <set_frame_layout name="pxabnsnfns00001100101" />
          </then_actions>
          <else_actions>
            <set_window_control_layout name="pxabnsnfns00001100101" />
          </else_actions>
        </if_action>
      </actions>
    </onbeforeslidein>
    <onnextslide>
      <actions>
        <exe_actiongroup id="NavigationRestrictionNextSlide_6Ok1Uv4iFkh" />
      </actions>
    </onnextslide>
    <onprevslide>
      <actions>
        <exe_actiongroup id="NavigationRestrictionPreviousSlide_6Ok1Uv4iFkh" />
      </actions>
    </onprevslide>
    <ontransitionin>
      <actions>
        <adjustvar variable="_player.LastSlideViewed_5Zxg3fY3Nhm" operator="set">
          <value type="string" value="_player." />
        </adjustvar>
        <adjustvar variable="_player.LastSlideViewed_5Zxg3fY3Nhm" operator="add">
          <value type="property" value="AbsoluteId" />
        </adjustvar>
      </actions>
    </ontransitionin>
  </events>
  <background type="fill">
    <fill type="linear" rotation="90">
      <colors>
        <color rgb="0xFFFFFF" alpha="100" stop="0" />
      </colors>
    </fill>
  </background>
  <timeline duration="5000">
    <events>
      <event time="0">
        <actions>
          <show transition="appear" duration="0" direction="0">
            <objref type="string" value="5pfQTZY2GCY" />
          </show>
        </actions>
      </event>
    </events>
  </timeline>
  <objects>
    <vectorshape id="5pfQTZY2GCY" width="552" height="96" resume="false" usehandcursor="true" shapemaskid="" xpos="88" ypos="54" tabindex="0" tabenabled="true" xoffset="0" yoffset="0" rotatexpos="276" rotateypos="48" xscale="100" yscale="100" alpha="100" rotation="0" depth="1" scrolling="true" shufflelock="false" acctype="text" cliptobounds="false" defaultaction="">
      <data hotlinkid="" accstate="0">
        <vectordata left="-2" top="-2" right="554" bottom="98" alttext="Project with all question types" pngfb="false">
          <pr l="Lib" i="0" />
        </vectordata>
        <html5data xpos="-1" ypos="-1" width="553" height="97" strokewidth="1" />
      </data>
      <textlib>
        <textdata uniqueId="5pfQTZY2GCY_87383242" id="01" linkid="txt__default_5pfQTZY2GCY" type="vectortext" xpos="0" ypos="0" width="0" height="0" shadowindex="-1">
          <vectortext left="0" top="0" right="389" bottom="59" pngfb="false">
            <pr l="Lib" i="1" />
          </vectortext>
        </textdata>
      </textlib>
    </vectorshape>
  </objects>
  <presenterref id="none" />
</slide>