﻿<?xml version="1.0" encoding="utf-8"?>
<slide xmlns:xsi="http://www.w3.org/2001/XMLSchema-instance" xmlns:xsd="http://www.w3.org/2001/XMLSchema" id="6oVbhtIAafs" width="720" height="540" resume="true" usehandcursor="false" enableseek="true" enablereplay="true" lmsid="Slide27" starttime="-1" elapsedtimemode="normal" title="Shortcut Key" trackviews="true" showmenuresulticon="false" viewgroupid="" historygroupid="" videozoom="" scrolling="false" transition="appear" transduration="0" transdir="1" wipetrans="false" slidelock="false" navindex="-1" globalaudioid="" thumbnailid="" showanimationid="">
  <variables>
    <variable name="6IB2Z0Di8CB_keyvalue" type="string" value="" resume="true" />
  </variables>
  <actiongroups>
    <actiongroup id="ActGrpOnSubmitButtonClick">
      <actions>
        <eval_interaction id="_this.6bcvOXMO7go" />
      </actions>
    </actiongroup>
    <actiongroup id="ReviewInt_6IB2Z0Di8CB">
      <actions>
        <if_action>
          <condition>
            <compare operator="eq" valuea="6bcvOXMO7go.Status" typea="property" valueb="correct" typeb="string" />
          </condition>
          <then_actions>
            <show transition="appear" duration="0" direction="0">
              <objref type="string" value="6IB2Z0Di8CB_CorrectReview" />
            </show>
          </then_actions>
          <else_actions>
            <show transition="appear" duration="0" direction="0">
              <objref type="string" value="6IB2Z0Di8CB_IncorrectReview" />
            </show>
          </else_actions>
        </if_action>
        <if_action>
          <condition>
            <compare operator="eq" valuea="_player.CurrentQuiz_6IB2Z0Di8CB" typea="var" valueb="5WfhuQ3hw1Y" typeb="string" />
          </condition>
          <then_actions>
            <exe_actiongroup id="SetLayout_pxabnsnfns00001100101" />
            <if_action>
              <condition>
                <compare operator="eq" valuea="_player.5WfhuQ3hw1Y.Passed" typea="property" valueb="true" typeb="boolean" />
              </condition>
              <then_actions>
                <exe_actiongroup id="ReviewIntCorrectIncorrect_6IB2Z0Di8CB" />
              </then_actions>
            </if_action>
            <if_action>
              <condition>
                <compare operator="eq" valuea="_player.5WfhuQ3hw1Y.Passed" typea="property" valueb="false" typeb="boolean" />
              </condition>
              <then_actions>
                <exe_actiongroup id="ReviewIntCorrectIncorrect_6IB2Z0Di8CB" />
              </then_actions>
            </if_action>
          </then_actions>
        </if_action>
      </actions>
    </actiongroup>
    <actiongroup id="ReviewIntCorrectIncorrect_6IB2Z0Di8CB">
      <actions />
    </actiongroup>
    <actiongroup id="AnsweredInt_6IB2Z0Di8CB">
      <actions>
        <exe_actiongroup id="DisableChoices_6IB2Z0Di8CB" />
        <if_action>
          <condition>
            <compare operator="eq" valuea="WindowId" typea="property" valueb="_frame" typeb="string" />
          </condition>
          <then_actions>
            <set_frame_layout name="pxabnsnfns00001100101" />
          </then_actions>
          <else_actions>
            <set_window_control_layout name="pxabnsnfns00001100101" />
          </else_actions>
        </if_action>
      </actions>
    </actiongroup>
    <actiongroup id="DisableChoices_6IB2Z0Di8CB">
      <actions />
    </actiongroup>
    <actiongroup id="6IB2Z0Di8CB_CheckAnswered">
      <actions>
        <if_action>
          <condition>
            <or>
              <compare operator="eq" valuea="6bcvOXMO7go.Status" typea="property" valueb="correct" typeb="string" />
              <compare operator="eq" valuea="_player.5WfhuQ3hw1Y.QuizComplete" typea="property" valueb="true" typeb="boolean" />
            </or>
          </condition>
          <then_actions>
            <exe_actiongroup id="AnsweredInt_6IB2Z0Di8CB" />
          </then_actions>
          <else_actions>
            <if_action>
              <condition>
                <compare operator="eq" valuea="6bcvOXMO7go.Status" typea="property" valueb="incorrect" typeb="string" />
              </condition>
              <then_actions>
                <if_action>
                  <condition>
                    <compare operator="gte" valuea="6bcvOXMO7go.AttemptCount" typea="property" valueb="1" typeb="number" />
                  </condition>
                  <then_actions>
                    <exe_actiongroup id="AnsweredInt_6IB2Z0Di8CB" />
                  </then_actions>
                </if_action>
              </then_actions>
            </if_action>
          </else_actions>
        </if_action>
      </actions>
    </actiongroup>
    <actiongroup id="SetLayout_pxabnsnfns00001100101">
      <actions>
        <if_action>
          <condition>
            <compare operator="eq" valuea="WindowId" typea="property" valueb="_frame" typeb="string" />
          </condition>
          <then_actions>
            <set_frame_layout name="pxabnsnfns00001100101" />
          </then_actions>
          <else_actions>
            <set_window_control_layout name="pxabnsnfns00001100101" />
          </else_actions>
        </if_action>
      </actions>
    </actiongroup>
    <actiongroup id="CloseFeedback">
      <actions>
        <if_action>
          <condition>
            <compare operator="eq" valuea="_player.5WfhuQ3hw1Y.QuizComplete" typea="property" valueb="true" typeb="boolean" />
          </condition>
          <then_actions>
            <hide_slidelayer transition="appear" duration="0" direction="0">
              <objref type="string" value="6csGd806LGF" />
            </hide_slidelayer>
            <hide_slidelayer transition="appear" duration="0" direction="0">
              <objref type="string" value="5gNsuugKgyp" />
            </hide_slidelayer>
          </then_actions>
        </if_action>
      </actions>
    </actiongroup>
    <actiongroup id="NavigationRestrictionNextSlide_6oVbhtIAafs">
      <actions>
        <gotoplay window="_current" wndtype="normal">
          <objref type="string" value="_parent.6Am9SBi3ums" />
        </gotoplay>
      </actions>
    </actiongroup>
    <actiongroup id="NavigationRestrictionPreviousSlide_6oVbhtIAafs">
      <actions>
        <history_prev />
      </actions>
    </actiongroup>
  </actiongroups>
  <events>
    <onbeforeslidein>
      <actions>
        <if_action>
          <condition>
            <compare operator="eq" valuea="WindowId" typea="property" valueb="_frame" typeb="string" />
          </condition>
          <then_actions>
            <set_frame_layout name="npnxnanbsnfns00001100101" />
          </then_actions>
          <else_actions>
            <set_window_control_layout name="npnxnanbsnfns00001100101" />
          </else_actions>
        </if_action>
      </actions>
    </onbeforeslidein>
    <onsubmitslide>
      <actions>
        <exe_actiongroup id="ActGrpOnSubmitButtonClick" />
      </actions>
    </onsubmitslide>
    <ontransitionin>
      <actions>
        <adjustvar variable="_player.LastSlideViewed_5Zxg3fY3Nhm" operator="set">
          <value type="string" value="_player." />
        </adjustvar>
        <adjustvar variable="_player.LastSlideViewed_5Zxg3fY3Nhm" operator="add">
          <value type="property" value="AbsoluteId" />
        </adjustvar>
        <if_action>
          <condition>
            <compare operator="eq" valuea="_player.ReviewMode_6IB2Z0Di8CB" typea="var" valueb="true" typeb="boolean" />
          </condition>
          <then_actions>
            <exe_actiongroup id="ReviewInt_6IB2Z0Di8CB" />
          </then_actions>
          <else_actions>
            <exe_actiongroup id="6IB2Z0Di8CB_CheckAnswered" />
          </else_actions>
        </if_action>
        <exe_actiongroup id="CloseFeedback" />
      </actions>
    </ontransitionin>
    <onnextslide>
      <actions>
        <if_action>
          <condition>
            <compare operator="eq" valuea="_player.ReviewMode_6IB2Z0Di8CB" typea="var" valueb="true" typeb="boolean" />
          </condition>
          <then_actions>
            <if_action>
              <condition>
                <compare operator="eq" valuea="_player.CurrentQuiz_6IB2Z0Di8CB" typea="var" valueb="5WfhuQ3hw1Y" typeb="string" />
              </condition>
              <then_actions>
                <nextviewedslide>
                  <quizref type="string" value="_player.5WfhuQ3hw1Y" />
                  <completed_slide_ref type="string" value="_player.6RoriILyZrf.6Am9SBi3ums" />
                </nextviewedslide>
              </then_actions>
              <else_actions>
                <debug_trace message="WARNING: question is in review mode, but not for any quiz that it's a part of" />
              </else_actions>
            </if_action>
          </then_actions>
          <else_actions>
            <exe_actiongroup id="NavigationRestrictionNextSlide_6oVbhtIAafs" />
          </else_actions>
        </if_action>
      </actions>
    </onnextslide>
    <onprevslide>
      <actions>
        <exe_actiongroup id="NavigationRestrictionPreviousSlide_6oVbhtIAafs" />
      </actions>
    </onprevslide>
    <onanykeypress>
      <actions>
        <if_action>
          <condition>
            <and>
              <compare operator="noteq" valuea="LastKeyCode" typea="property" valueb="-1" typeb="number" />
            </and>
          </condition>
          <then_actions>
            <adjustvar variable="6IB2Z0Di8CB_keyvalue" operator="set">
              <value type="property" value="LastKeyCodeString" />
            </adjustvar>
            <eval_interaction id="6bcvOXMO7go" />
          </then_actions>
        </if_action>
      </actions>
    </onanykeypress>
  </events>
  <background type="fill">
    <fill type="linear" rotation="90">
      <colors>
        <color rgb="0xFFFFFF" alpha="100" stop="0" />
      </colors>
    </fill>
  </background>
  <timeline duration="5000">
    <events>
      <event time="0">
        <actions>
          <show transition="appear" duration="0" direction="0">
            <objref type="string" value="5orm9RtzFuh" />
          </show>
        </actions>
      </event>
    </events>
  </timeline>
  <objects>
    <vectorshape id="5orm9RtzFuh" width="352" height="80" resume="true" usehandcursor="true" shapemaskid="" xpos="184" ypos="38" tabindex="11" tabenabled="true" xoffset="0" yoffset="0" rotatexpos="175.5" rotateypos="39.5" xscale="100" yscale="100" alpha="100" rotation="0" depth="1" scrolling="true" shufflelock="false" acctype="text" cliptobounds="false" defaultaction="">
      <data hotlinkid="" accstate="0">
        <vectordata left="-1" top="-1" right="353" bottom="81" alttext="Shortcut Key = Shift+Ctrl+L" pngfb="false">
          <pr l="Lib" i="171" />
        </vectordata>
        <html5data xpos="-1" ypos="-1" width="353" height="81" strokewidth="1" />
      </data>
      <textlib>
        <textdata uniqueId="5orm9RtzFuh_541697478" id="01" linkid="txt__default_5orm9RtzFuh" type="vectortext" xpos="0" ypos="0" width="0" height="0" shadowindex="-1">
          <vectortext left="0" top="0" right="276" bottom="51" pngfb="false">
            <pr l="Lib" i="172" />
          </vectortext>
        </textdata>
      </textlib>
    </vectorshape>
    <vectorshape id="6IB2Z0Di8CB_IncorrectReview" width="720" height="40" resume="false" usehandcursor="true" shapemaskid="" xpos="0" ypos="500" tabindex="12" tabenabled="true" xoffset="0" yoffset="0" rotatexpos="360" rotateypos="20" xscale="100" yscale="100" alpha="100" rotation="0" depth="2" scrolling="true" shufflelock="false" acctype="text" cliptobounds="false" defaultaction="">
      <events>
        <onrelease>
          <actions>
            <hide transition="appear" duration="0" direction="0">
              <objref type="string" value="_this" />
            </hide>
          </actions>
        </onrelease>
      </events>
      <data hotlinkid="" accstate="0">
        <vectordata left="-1" top="-1" right="720" bottom="40" alttext="Incorrect" pngfb="false">
          <pr l="Lib" i="15" />
        </vectordata>
      </data>
      <textlib>
        <textdata uniqueId="6IB2Z0Di8CB_IncorrectReview" id="01" linkid="6IB2Z0Di8CB_IncorrectReview" type="vectortext" xpos="0" ypos="0" width="0" height="0" shadowindex="-1">
          <vectortext left="0" top="0" right="409" bottom="37" pngfb="false">
            <pr l="Lib" i="16" />
          </vectortext>
        </textdata>
      </textlib>
    </vectorshape>
    <vectorshape id="6IB2Z0Di8CB_CorrectReview" width="720" height="40" resume="false" usehandcursor="true" shapemaskid="" xpos="0" ypos="500" tabindex="13" tabenabled="true" xoffset="0" yoffset="0" rotatexpos="360" rotateypos="20" xscale="100" yscale="100" alpha="100" rotation="0" depth="3" scrolling="true" shufflelock="false" acctype="text" cliptobounds="false" defaultaction="">
      <events>
        <onrelease>
          <actions>
            <hide transition="appear" duration="0" direction="0">
              <objref type="string" value="_this" />
            </hide>
          </actions>
        </onrelease>
      </events>
      <data hotlinkid="" accstate="0">
        <vectordata left="-1" top="-1" right="720" bottom="40" alttext="Correct" pngfb="false">
          <pr l="Lib" i="13" />
        </vectordata>
      </data>
      <textlib>
        <textdata uniqueId="6IB2Z0Di8CB_CorrectReview" id="01" linkid="6IB2Z0Di8CB_CorrectReview" type="vectortext" xpos="0" ypos="0" width="0" height="0" shadowindex="-1">
          <vectortext left="0" top="0" right="400" bottom="37" pngfb="false">
            <pr l="Lib" i="14" />
          </vectortext>
        </textdata>
      </textlib>
    </vectorshape>
  </objects>
  <presenterref id="none" />
  <slidelayers>
    <slidelayer id="6csGd806LGF" width="720" height="540" resume="true" usehandcursor="false" enableseek="true" enablereplay="true" lmsid="" starttime="-1" elapsedtimemode="normal" depth="0" modal="true" pauseparent="true" rotatexpos="360" rotateypos="270" tabindex="-1">
      <events>
        <ontopmostlayer>
          <actions>
            <setactivetimeline>
              <objref type="string" value="_this" />
            </setactivetimeline>
          </actions>
        </ontopmostlayer>
        <ontransitionin>
          <actions>
            <enable_frame_control name="submit" enable="false" />
          </actions>
        </ontransitionin>
        <ontransitionout>
          <actions>
            <enable_frame_control name="submit" enable="true" />
          </actions>
        </ontransitionout>
        <ontransitionincomplete>
          <actions>
            <setfocus showrect="false">
              <value type="string" value="6gM93z1LJrp" />
            </setfocus>
          </actions>
        </ontransitionincomplete>
      </events>
      <timeline duration="5000">
        <events>
          <event time="0">
            <actions>
              <show transition="appear" duration="0" direction="0">
                <objref type="string" value="6gM93z1LJrp" />
              </show>
              <show transition="appear" duration="0" direction="0">
                <objref type="string" value="5W3GTFsdRRC" />
              </show>
              <show transition="appear" duration="0" direction="0">
                <objref type="string" value="6W6tHRWbIY8" />
              </show>
              <show transition="appear" duration="0" direction="0">
                <objref type="string" value="67F1PIeokp7" />
              </show>
              <show transition="appear" duration="0" direction="0">
                <objref type="string" value="5zn4ncnxwIt" />
              </show>
            </actions>
          </event>
        </events>
      </timeline>
      <objects>
        <vectorshape id="67F1PIeokp7" width="436" height="190" resume="true" usehandcursor="false" shapemaskid="" xpos="142" ypos="175" tabindex="5" tabenabled="false" xoffset="0" yoffset="0" rotatexpos="218" rotateypos="95" xscale="100" yscale="100" alpha="100" rotation="0" depth="1" scrolling="false" shufflelock="false" acctype="text" cliptobounds="false" defaultaction="">
          <data hotlinkid="" accstate="0">
            <vectordata left="-2" top="-2" right="438" bottom="192" alttext="" pngfb="false">
              <pr l="Lib" i="17" />
            </vectordata>
            <html5data xpos="-1" ypos="-1" width="437" height="191" strokewidth="1" />
          </data>
        </vectorshape>
        <vectorshape id="5zn4ncnxwIt" width="400" height="0" resume="true" usehandcursor="false" shapemaskid="" xpos="160" ypos="228" tabindex="7" tabenabled="false" xoffset="0" yoffset="0" rotatexpos="199.5" rotateypos="-0.5" xscale="100" yscale="100" alpha="100" rotation="0" depth="2" scrolling="false" shufflelock="false" acctype="text" cliptobounds="false" defaultaction="">
          <data hotlinkid="" accstate="0">
            <vectordata left="-2" top="-2" right="402" bottom="2" alttext="" pngfb="false">
              <pr l="Lib" i="18" />
            </vectordata>
            <html5data xpos="-1" ypos="-1" width="401" height="1" strokewidth="1" />
          </data>
        </vectorshape>
        <vectorshape id="6gM93z1LJrp" width="400" height="38" resume="true" usehandcursor="true" shapemaskid="" xpos="160" ypos="187" tabindex="6" tabenabled="true" xoffset="0" yoffset="0" rotatexpos="200" rotateypos="19" xscale="100" yscale="100" alpha="100" rotation="0" depth="3" scrolling="true" shufflelock="false" acctype="text" cliptobounds="false" defaultaction="">
          <data hotlinkid="" accstate="0">
            <vectordata left="0" top="0" right="400" bottom="38" alttext="Correct" pngfb="false">
              <pr l="Lib" i="19" />
            </vectordata>
            <html5data xpos="-1" ypos="-1" width="401" height="39" strokewidth="0" />
          </data>
          <textlib>
            <textdata uniqueId="6gM93z1LJrp_-1234799675" id="01" linkid="txt__default_6gM93z1LJrp" type="vectortext" xpos="0" ypos="0" width="0" height="0" shadowindex="-1">
              <vectortext left="0" top="0" right="81" bottom="32" pngfb="false">
                <pr l="Lib" i="20" />
              </vectortext>
            </textdata>
          </textlib>
        </vectorshape>
        <vectorshape id="5W3GTFsdRRC" width="400" height="77" resume="true" usehandcursor="true" shapemaskid="" xpos="160" ypos="234" tabindex="8" tabenabled="true" xoffset="0" yoffset="0" rotatexpos="200" rotateypos="38.5" xscale="100" yscale="100" alpha="100" rotation="0" depth="4" scrolling="true" shufflelock="false" acctype="text" cliptobounds="false" defaultaction="">
          <data hotlinkid="" accstate="0">
            <vectordata left="0" top="0" right="400" bottom="77" alttext="That's right!  You selected the correct response." pngfb="false">
              <pr l="Lib" i="21" />
            </vectordata>
            <html5data xpos="-1" ypos="-1" width="401" height="78" strokewidth="0" />
          </data>
          <textlib>
            <textdata uniqueId="5W3GTFsdRRC_1671270445" id="01" linkid="txt__default_5W3GTFsdRRC" type="vectortext" xpos="0" ypos="0" width="0" height="0" shadowindex="-1">
              <vectortext left="0" top="0" right="371" bottom="27" pngfb="false">
                <pr l="Lib" i="22" />
              </vectortext>
            </textdata>
          </textlib>
        </vectorshape>
        <vectorshape id="6W6tHRWbIY8" width="125" height="30" resume="true" usehandcursor="true" shapemaskid="" xpos="298" ypos="323" tabindex="9" tabenabled="true" xoffset="0" yoffset="0" rotatexpos="62.5" rotateypos="15" xscale="100" yscale="100" alpha="100" rotation="0" depth="5" scrolling="true" shufflelock="false" acctype="button" cliptobounds="false" defaultaction="onrelease">
          <variables>
            <variable name="_hover" type="boolean" value="false" resume="true" />
            <variable name="_down" type="boolean" value="false" resume="true" />
            <variable name="_disabled" type="boolean" value="false" resume="true" />
            <variable name="_visited" type="boolean" value="false" resume="true" />
            <variable name="_savevisited" type="boolean" value="false" resume="true" />
            <variable name="_state" type="string" value="_default" resume="true" />
            <variable name="_stateName" type="string" value="" resume="true" />
            <variable name="_tempStateName" type="string" value="" resume="false" />
          </variables>
          <actiongroups>
            <actiongroup id="ActGrpSetVisitedState">
              <actions>
                <adjustvar variable="_savevisited" operator="set">
                  <value type="var" value="_visited" />
                </adjustvar>
                <adjustvar variable="_visited" operator="set">
                  <value type="boolean" value="true" />
                </adjustvar>
                <exe_actiongroup id="_player._setstates">
                  <scoperef type="string" value="_this" />
                </exe_actiongroup>
              </actions>
            </actiongroup>
            <actiongroup id="ActGrpSetHoverState">
              <actions>
                <adjustvar variable="_hover" operator="set">
                  <value type="boolean" value="true" />
                </adjustvar>
                <exe_actiongroup id="_player._setstates">
                  <scoperef type="string" value="_this" />
                </exe_actiongroup>
              </actions>
            </actiongroup>
            <actiongroup id="ActGrpClearHoverState">
              <actions>
                <adjustvar variable="_hover" operator="set">
                  <value type="boolean" value="false" />
                </adjustvar>
                <exe_actiongroup id="_player._setstates">
                  <scoperef type="string" value="_this" />
                </exe_actiongroup>
              </actions>
            </actiongroup>
            <actiongroup id="ActGrpSetDisabledState">
              <actions>
                <adjustvar variable="_disabled" operator="set">
                  <value type="boolean" value="true" />
                </adjustvar>
                <exe_actiongroup id="_player._setstates">
                  <scoperef type="string" value="_this" />
                </exe_actiongroup>
              </actions>
            </actiongroup>
            <actiongroup id="ActGrpSetDownState">
              <actions>
                <adjustvar variable="_down" operator="set">
                  <value type="boolean" value="true" />
                </adjustvar>
                <exe_actiongroup id="_player._setstates">
                  <scoperef type="string" value="_this" />
                </exe_actiongroup>
              </actions>
            </actiongroup>
            <actiongroup id="ActGrpClearStateVars">
              <actions>
                <adjustvar variable="_hover" operator="set">
                  <value type="boolean" value="false" />
                </adjustvar>
                <adjustvar variable="_down" operator="set">
                  <value type="boolean" value="false" />
                </adjustvar>
                <adjustvar variable="_disabled" operator="set">
                  <value type="boolean" value="false" />
                </adjustvar>
                <adjustvar variable="_visited" operator="set">
                  <value type="boolean" value="false" />
                </adjustvar>
                <adjustvar variable="_savevisited" operator="set">
                  <value type="boolean" value="false" />
                </adjustvar>
              </actions>
            </actiongroup>
          </actiongroups>
          <events>
            <onrelease>
              <actions>
                <exe_actiongroup id="ActGrpSetVisitedState">
                  <scoperef type="string" value="_this" />
                </exe_actiongroup>
                <adjustvar variable="_hover" operator="set">
                  <value type="boolean" value="false" />
                </adjustvar>
                <adjustvar variable="_down" operator="set">
                  <value type="boolean" value="false" />
                </adjustvar>
                <exe_actiongroup id="_player._setstates">
                  <scoperef type="string" value="_this" />
                </exe_actiongroup>
                <hide_slidelayer transition="appear" duration="0" direction="0">
                  <objref type="string" value="_parent" />
                </hide_slidelayer>
                <gotoplay window="_current" wndtype="normal">
                  <objref type="string" value="_player.6RoriILyZrf.6Am9SBi3ums" />
                </gotoplay>
              </actions>
            </onrelease>
            <ontransitionin>
              <actions>
                <exe_actiongroup id="_player._setstates">
                  <scoperef type="string" value="_this" />
                </exe_actiongroup>
              </actions>
            </ontransitionin>
            <onrollover>
              <actions>
                <exe_actiongroup id="ActGrpSetHoverState">
                  <scoperef type="string" value="_this" />
                </exe_actiongroup>
              </actions>
            </onrollover>
            <onrollout>
              <actions>
                <exe_actiongroup id="ActGrpClearHoverState">
                  <scoperef type="string" value="_this" />
                </exe_actiongroup>
              </actions>
            </onrollout>
            <onpress>
              <actions>
                <exe_actiongroup id="ActGrpSetDownState">
                  <scoperef type="string" value="_this" />
                </exe_actiongroup>
              </actions>
            </onpress>
            <onreleaseoutside>
              <actions>
                <adjustvar variable="_down" operator="set">
                  <value type="boolean" value="false" />
                </adjustvar>
                <exe_actiongroup id="_player._setstates">
                  <scoperef type="string" value="_this" />
                </exe_actiongroup>
              </actions>
            </onreleaseoutside>
          </events>
          <data hotlinkid="" accstate="0">
            <vectordata left="-2" top="-2" right="126" bottom="31" alttext="Continue" pngfb="false">
              <pr l="Lib" i="23" />
            </vectordata>
            <html5data xpos="-1" ypos="-1" width="126" height="31" strokewidth="1" />
          </data>
          <states>
            <state name="_default_Disabled">
              <data hotlinkid="" accstate="1">
                <vectordata left="-2" top="-2" right="126" bottom="31" alttext="Continue" pngfb="false">
                  <pr l="Lib" i="23" />
                </vectordata>
                <html5data xpos="-2" ypos="-2" width="128" height="33" strokewidth="1" />
              </data>
            </state>
            <state name="_default_Down">
              <data hotlinkid="" accstate="8">
                <vectordata left="-2" top="-2" right="126" bottom="31" alttext="Continue" pngfb="false">
                  <pr l="Lib" i="24" />
                </vectordata>
                <html5data xpos="-2" ypos="-2" width="128" height="33" strokewidth="1" />
              </data>
            </state>
            <state name="_default_Visited">
              <data hotlinkid="" accstate="0">
                <vectordata left="-2" top="-2" right="126" bottom="31" alttext="Continue" pngfb="false">
                  <pr l="Lib" i="23" />
                </vectordata>
                <html5data xpos="-2" ypos="-2" width="128" height="33" strokewidth="1" />
              </data>
            </state>
            <state name="_default_Visited_Disabled">
              <data hotlinkid="" accstate="1">
                <vectordata left="-2" top="-2" right="126" bottom="31" alttext="Continue" pngfb="false">
                  <pr l="Lib" i="23" />
                </vectordata>
                <html5data xpos="-2" ypos="-2" width="128" height="33" strokewidth="1" />
              </data>
            </state>
            <state name="_default_Down_Visited">
              <data hotlinkid="" accstate="8">
                <vectordata left="-2" top="-2" right="126" bottom="31" alttext="Continue" pngfb="false">
                  <pr l="Lib" i="24" />
                </vectordata>
                <html5data xpos="-2" ypos="-2" width="128" height="33" strokewidth="1" />
              </data>
            </state>
            <state name="_default_Hover">
              <data hotlinkid="" accstate="0">
                <vectordata left="-2" top="-2" right="126" bottom="31" alttext="Continue" pngfb="false">
                  <pr l="Lib" i="25" />
                </vectordata>
                <html5data xpos="-2" ypos="-2" width="128" height="33" strokewidth="1" />
              </data>
            </state>
            <state name="_default_Hover_Disabled">
              <data hotlinkid="" accstate="1">
                <vectordata left="-2" top="-2" right="126" bottom="31" alttext="Continue" pngfb="false">
                  <pr l="Lib" i="26" />
                </vectordata>
                <html5data xpos="-2" ypos="-2" width="128" height="33" strokewidth="1" />
              </data>
            </state>
            <state name="_default_Hover_Down">
              <data hotlinkid="" accstate="8">
                <vectordata left="-2" top="-2" right="126" bottom="31" alttext="Continue" pngfb="false">
                  <pr l="Lib" i="27" />
                </vectordata>
                <html5data xpos="-2" ypos="-2" width="128" height="33" strokewidth="1" />
              </data>
            </state>
            <state name="_default_Hover_Visited">
              <data hotlinkid="" accstate="0">
                <vectordata left="-2" top="-2" right="126" bottom="31" alttext="Continue" pngfb="false">
                  <pr l="Lib" i="25" />
                </vectordata>
                <html5data xpos="-2" ypos="-2" width="128" height="33" strokewidth="1" />
              </data>
            </state>
            <state name="_default_Hover_Visited_Disabled">
              <data hotlinkid="" accstate="1">
                <vectordata left="-2" top="-2" right="126" bottom="31" alttext="Continue" pngfb="false">
                  <pr l="Lib" i="25" />
                </vectordata>
                <html5data xpos="-2" ypos="-2" width="128" height="33" strokewidth="1" />
              </data>
            </state>
            <state name="_default_Hover_Down_Visited">
              <data hotlinkid="" accstate="8">
                <vectordata left="-2" top="-2" right="126" bottom="31" alttext="Continue" pngfb="false">
                  <pr l="Lib" i="27" />
                </vectordata>
                <html5data xpos="-2" ypos="-2" width="128" height="33" strokewidth="1" />
              </data>
            </state>
          </states>
          <textlib>
            <textdata uniqueId="65Xt8XJlmHF_1360904143" id="01" linkid="txt__default_6W6tHRWbIY8" type="vectortext" xpos="0" ypos="0" width="0" height="0" shadowindex="-1">
              <vectortext left="0" top="0" right="97" bottom="26" pngfb="false">
                <pr l="Lib" i="28" />
              </vectortext>
            </textdata>
          </textlib>
        </vectorshape>
      </objects>
    </slidelayer>
    <slidelayer id="5gNsuugKgyp" width="720" height="540" resume="true" usehandcursor="false" enableseek="true" enablereplay="true" lmsid="" starttime="-1" elapsedtimemode="normal" depth="0" modal="true" pauseparent="true" rotatexpos="360" rotateypos="270" tabindex="-1">
      <events>
        <ontopmostlayer>
          <actions>
            <setactivetimeline>
              <objref type="string" value="_this" />
            </setactivetimeline>
          </actions>
        </ontopmostlayer>
        <ontransitionin>
          <actions>
            <enable_frame_control name="submit" enable="false" />
          </actions>
        </ontransitionin>
        <ontransitionout>
          <actions>
            <enable_frame_control name="submit" enable="true" />
          </actions>
        </ontransitionout>
        <ontransitionincomplete>
          <actions>
            <setfocus showrect="false">
              <value type="string" value="6T77IaxM3mt" />
            </setfocus>
          </actions>
        </ontransitionincomplete>
      </events>
      <timeline duration="5000">
        <events>
          <event time="0">
            <actions>
              <show transition="appear" duration="0" direction="0">
                <objref type="string" value="6T77IaxM3mt" />
              </show>
              <show transition="appear" duration="0" direction="0">
                <objref type="string" value="6fIIVvT4YN6" />
              </show>
              <show transition="appear" duration="0" direction="0">
                <objref type="string" value="5XJj0dBpDhT" />
              </show>
              <show transition="appear" duration="0" direction="0">
                <objref type="string" value="67F1PIeokp7" />
              </show>
              <show transition="appear" duration="0" direction="0">
                <objref type="string" value="5zn4ncnxwIt" />
              </show>
            </actions>
          </event>
        </events>
      </timeline>
      <objects>
        <vectorshape id="67F1PIeokp7" width="436" height="190" resume="true" usehandcursor="false" shapemaskid="" xpos="142" ypos="175" tabindex="0" tabenabled="false" xoffset="0" yoffset="0" rotatexpos="218" rotateypos="95" xscale="100" yscale="100" alpha="100" rotation="0" depth="1" scrolling="false" shufflelock="false" acctype="text" cliptobounds="false" defaultaction="">
          <data hotlinkid="" accstate="0">
            <vectordata left="-2" top="-2" right="438" bottom="192" alttext="" pngfb="false">
              <pr l="Lib" i="17" />
            </vectordata>
            <html5data xpos="-1" ypos="-1" width="437" height="191" strokewidth="1" />
          </data>
        </vectorshape>
        <vectorshape id="5zn4ncnxwIt" width="400" height="0" resume="true" usehandcursor="false" shapemaskid="" xpos="160" ypos="228" tabindex="2" tabenabled="false" xoffset="0" yoffset="0" rotatexpos="199.5" rotateypos="-0.5" xscale="100" yscale="100" alpha="100" rotation="0" depth="2" scrolling="false" shufflelock="false" acctype="text" cliptobounds="false" defaultaction="">
          <data hotlinkid="" accstate="0">
            <vectordata left="-2" top="-2" right="402" bottom="2" alttext="" pngfb="false">
              <pr l="Lib" i="18" />
            </vectordata>
            <html5data xpos="-1" ypos="-1" width="401" height="1" strokewidth="1" />
          </data>
        </vectorshape>
        <vectorshape id="6T77IaxM3mt" width="400" height="38" resume="true" usehandcursor="true" shapemaskid="" xpos="160" ypos="187" tabindex="1" tabenabled="true" xoffset="0" yoffset="0" rotatexpos="200" rotateypos="19" xscale="100" yscale="100" alpha="100" rotation="0" depth="3" scrolling="true" shufflelock="false" acctype="text" cliptobounds="false" defaultaction="">
          <data hotlinkid="" accstate="0">
            <vectordata left="0" top="0" right="400" bottom="38" alttext="Incorrect" pngfb="false">
              <pr l="Lib" i="19" />
            </vectordata>
            <html5data xpos="-1" ypos="-1" width="401" height="39" strokewidth="0" />
          </data>
          <textlib>
            <textdata uniqueId="6T77IaxM3mt_-713436583" id="01" linkid="txt__default_6T77IaxM3mt" type="vectortext" xpos="0" ypos="0" width="0" height="0" shadowindex="-1">
              <vectortext left="0" top="0" right="97" bottom="32" pngfb="false">
                <pr l="Lib" i="29" />
              </vectortext>
            </textdata>
          </textlib>
        </vectorshape>
        <vectorshape id="6fIIVvT4YN6" width="400" height="77" resume="true" usehandcursor="true" shapemaskid="" xpos="160" ypos="234" tabindex="3" tabenabled="true" xoffset="0" yoffset="0" rotatexpos="200" rotateypos="38.5" xscale="100" yscale="100" alpha="100" rotation="0" depth="4" scrolling="true" shufflelock="false" acctype="text" cliptobounds="false" defaultaction="">
          <data hotlinkid="" accstate="0">
            <vectordata left="0" top="0" right="400" bottom="77" alttext="You did not select the correct response." pngfb="false">
              <pr l="Lib" i="21" />
            </vectordata>
            <html5data xpos="-1" ypos="-1" width="401" height="78" strokewidth="0" />
          </data>
          <textlib>
            <textdata uniqueId="6fIIVvT4YN6_-1498348296" id="01" linkid="txt__default_6fIIVvT4YN6" type="vectortext" xpos="0" ypos="0" width="0" height="0" shadowindex="-1">
              <vectortext left="0" top="0" right="312" bottom="27" pngfb="false">
                <pr l="Lib" i="30" />
              </vectortext>
            </textdata>
          </textlib>
        </vectorshape>
        <vectorshape id="5XJj0dBpDhT" width="125" height="30" resume="true" usehandcursor="true" shapemaskid="" xpos="298" ypos="323" tabindex="4" tabenabled="true" xoffset="0" yoffset="0" rotatexpos="62.5" rotateypos="15" xscale="100" yscale="100" alpha="100" rotation="0" depth="5" scrolling="true" shufflelock="false" acctype="button" cliptobounds="false" defaultaction="onrelease">
          <variables>
            <variable name="_hover" type="boolean" value="false" resume="true" />
            <variable name="_down" type="boolean" value="false" resume="true" />
            <variable name="_disabled" type="boolean" value="false" resume="true" />
            <variable name="_visited" type="boolean" value="false" resume="true" />
            <variable name="_savevisited" type="boolean" value="false" resume="true" />
            <variable name="_state" type="string" value="_default" resume="true" />
            <variable name="_stateName" type="string" value="" resume="true" />
            <variable name="_tempStateName" type="string" value="" resume="false" />
          </variables>
          <actiongroups>
            <actiongroup id="ActGrpSetVisitedState">
              <actions>
                <adjustvar variable="_savevisited" operator="set">
                  <value type="var" value="_visited" />
                </adjustvar>
                <adjustvar variable="_visited" operator="set">
                  <value type="boolean" value="true" />
                </adjustvar>
                <exe_actiongroup id="_player._setstates">
                  <scoperef type="string" value="_this" />
                </exe_actiongroup>
              </actions>
            </actiongroup>
            <actiongroup id="ActGrpSetHoverState">
              <actions>
                <adjustvar variable="_hover" operator="set">
                  <value type="boolean" value="true" />
                </adjustvar>
                <exe_actiongroup id="_player._setstates">
                  <scoperef type="string" value="_this" />
                </exe_actiongroup>
              </actions>
            </actiongroup>
            <actiongroup id="ActGrpClearHoverState">
              <actions>
                <adjustvar variable="_hover" operator="set">
                  <value type="boolean" value="false" />
                </adjustvar>
                <exe_actiongroup id="_player._setstates">
                  <scoperef type="string" value="_this" />
                </exe_actiongroup>
              </actions>
            </actiongroup>
            <actiongroup id="ActGrpSetDisabledState">
              <actions>
                <adjustvar variable="_disabled" operator="set">
                  <value type="boolean" value="true" />
                </adjustvar>
                <exe_actiongroup id="_player._setstates">
                  <scoperef type="string" value="_this" />
                </exe_actiongroup>
              </actions>
            </actiongroup>
            <actiongroup id="ActGrpSetDownState">
              <actions>
                <adjustvar variable="_down" operator="set">
                  <value type="boolean" value="true" />
                </adjustvar>
                <exe_actiongroup id="_player._setstates">
                  <scoperef type="string" value="_this" />
                </exe_actiongroup>
              </actions>
            </actiongroup>
            <actiongroup id="ActGrpClearStateVars">
              <actions>
                <adjustvar variable="_hover" operator="set">
                  <value type="boolean" value="false" />
                </adjustvar>
                <adjustvar variable="_down" operator="set">
                  <value type="boolean" value="false" />
                </adjustvar>
                <adjustvar variable="_disabled" operator="set">
                  <value type="boolean" value="false" />
                </adjustvar>
                <adjustvar variable="_visited" operator="set">
                  <value type="boolean" value="false" />
                </adjustvar>
                <adjustvar variable="_savevisited" operator="set">
                  <value type="boolean" value="false" />
                </adjustvar>
              </actions>
            </actiongroup>
          </actiongroups>
          <events>
            <onrelease>
              <actions>
                <exe_actiongroup id="ActGrpSetVisitedState">
                  <scoperef type="string" value="_this" />
                </exe_actiongroup>
                <adjustvar variable="_hover" operator="set">
                  <value type="boolean" value="false" />
                </adjustvar>
                <adjustvar variable="_down" operator="set">
                  <value type="boolean" value="false" />
                </adjustvar>
                <exe_actiongroup id="_player._setstates">
                  <scoperef type="string" value="_this" />
                </exe_actiongroup>
                <hide_slidelayer transition="appear" duration="0" direction="0">
                  <objref type="string" value="_parent" />
                </hide_slidelayer>
                <gotoplay window="_current" wndtype="normal">
                  <objref type="string" value="_player.6RoriILyZrf.6Am9SBi3ums" />
                </gotoplay>
              </actions>
            </onrelease>
            <ontransitionin>
              <actions>
                <exe_actiongroup id="_player._setstates">
                  <scoperef type="string" value="_this" />
                </exe_actiongroup>
              </actions>
            </ontransitionin>
            <onrollover>
              <actions>
                <exe_actiongroup id="ActGrpSetHoverState">
                  <scoperef type="string" value="_this" />
                </exe_actiongroup>
              </actions>
            </onrollover>
            <onrollout>
              <actions>
                <exe_actiongroup id="ActGrpClearHoverState">
                  <scoperef type="string" value="_this" />
                </exe_actiongroup>
              </actions>
            </onrollout>
            <onpress>
              <actions>
                <exe_actiongroup id="ActGrpSetDownState">
                  <scoperef type="string" value="_this" />
                </exe_actiongroup>
              </actions>
            </onpress>
            <onreleaseoutside>
              <actions>
                <adjustvar variable="_down" operator="set">
                  <value type="boolean" value="false" />
                </adjustvar>
                <exe_actiongroup id="_player._setstates">
                  <scoperef type="string" value="_this" />
                </exe_actiongroup>
              </actions>
            </onreleaseoutside>
          </events>
          <data hotlinkid="" accstate="0">
            <vectordata left="-2" top="-2" right="126" bottom="31" alttext="Continue" pngfb="false">
              <pr l="Lib" i="23" />
            </vectordata>
            <html5data xpos="-1" ypos="-1" width="126" height="31" strokewidth="1" />
          </data>
          <states>
            <state name="_default_Disabled">
              <data hotlinkid="" accstate="1">
                <vectordata left="-2" top="-2" right="126" bottom="31" alttext="Continue" pngfb="false">
                  <pr l="Lib" i="23" />
                </vectordata>
                <html5data xpos="-2" ypos="-2" width="128" height="33" strokewidth="1" />
              </data>
            </state>
            <state name="_default_Down">
              <data hotlinkid="" accstate="8">
                <vectordata left="-2" top="-2" right="126" bottom="31" alttext="Continue" pngfb="false">
                  <pr l="Lib" i="24" />
                </vectordata>
                <html5data xpos="-2" ypos="-2" width="128" height="33" strokewidth="1" />
              </data>
            </state>
            <state name="_default_Visited">
              <data hotlinkid="" accstate="0">
                <vectordata left="-2" top="-2" right="126" bottom="31" alttext="Continue" pngfb="false">
                  <pr l="Lib" i="23" />
                </vectordata>
                <html5data xpos="-2" ypos="-2" width="128" height="33" strokewidth="1" />
              </data>
            </state>
            <state name="_default_Visited_Disabled">
              <data hotlinkid="" accstate="1">
                <vectordata left="-2" top="-2" right="126" bottom="31" alttext="Continue" pngfb="false">
                  <pr l="Lib" i="23" />
                </vectordata>
                <html5data xpos="-2" ypos="-2" width="128" height="33" strokewidth="1" />
              </data>
            </state>
            <state name="_default_Down_Visited">
              <data hotlinkid="" accstate="8">
                <vectordata left="-2" top="-2" right="126" bottom="31" alttext="Continue" pngfb="false">
                  <pr l="Lib" i="24" />
                </vectordata>
                <html5data xpos="-2" ypos="-2" width="128" height="33" strokewidth="1" />
              </data>
            </state>
            <state name="_default_Hover">
              <data hotlinkid="" accstate="0">
                <vectordata left="-2" top="-2" right="126" bottom="31" alttext="Continue" pngfb="false">
                  <pr l="Lib" i="25" />
                </vectordata>
                <html5data xpos="-2" ypos="-2" width="128" height="33" strokewidth="1" />
              </data>
            </state>
            <state name="_default_Hover_Disabled">
              <data hotlinkid="" accstate="1">
                <vectordata left="-2" top="-2" right="126" bottom="31" alttext="Continue" pngfb="false">
                  <pr l="Lib" i="26" />
                </vectordata>
                <html5data xpos="-2" ypos="-2" width="128" height="33" strokewidth="1" />
              </data>
            </state>
            <state name="_default_Hover_Down">
              <data hotlinkid="" accstate="8">
                <vectordata left="-2" top="-2" right="126" bottom="31" alttext="Continue" pngfb="false">
                  <pr l="Lib" i="27" />
                </vectordata>
                <html5data xpos="-2" ypos="-2" width="128" height="33" strokewidth="1" />
              </data>
            </state>
            <state name="_default_Hover_Visited">
              <data hotlinkid="" accstate="0">
                <vectordata left="-2" top="-2" right="126" bottom="31" alttext="Continue" pngfb="false">
                  <pr l="Lib" i="25" />
                </vectordata>
                <html5data xpos="-2" ypos="-2" width="128" height="33" strokewidth="1" />
              </data>
            </state>
            <state name="_default_Hover_Visited_Disabled">
              <data hotlinkid="" accstate="1">
                <vectordata left="-2" top="-2" right="126" bottom="31" alttext="Continue" pngfb="false">
                  <pr l="Lib" i="25" />
                </vectordata>
                <html5data xpos="-2" ypos="-2" width="128" height="33" strokewidth="1" />
              </data>
            </state>
            <state name="_default_Hover_Down_Visited">
              <data hotlinkid="" accstate="8">
                <vectordata left="-2" top="-2" right="126" bottom="31" alttext="Continue" pngfb="false">
                  <pr l="Lib" i="27" />
                </vectordata>
                <html5data xpos="-2" ypos="-2" width="128" height="33" strokewidth="1" />
              </data>
            </state>
          </states>
          <textlib>
            <textdata uniqueId="6FtvWm52R67_1226653736" id="01" linkid="txt__default_5XJj0dBpDhT" type="vectortext" xpos="0" ypos="0" width="0" height="0" shadowindex="-1">
              <vectortext left="0" top="0" right="97" bottom="26" pngfb="false">
                <pr l="Lib" i="28" />
              </vectortext>
            </textdata>
          </textlib>
        </vectorshape>
      </objects>
    </slidelayer>
  </slidelayers>
</slide>