﻿<?xml version="1.0" encoding="utf-8"?>
<slide xmlns:xsi="http://www.w3.org/2001/XMLSchema-instance" xmlns:xsd="http://www.w3.org/2001/XMLSchema" id="6QaTyL7IWqY" width="720" height="540" resume="true" usehandcursor="false" enableseek="true" enablereplay="true" lmsid="Slide22" starttime="-1" elapsedtimemode="normal" title="Drag and Drop" trackviews="true" showmenuresulticon="false" viewgroupid="" historygroupid="" videozoom="" scrolling="false" transition="appear" transduration="0" transdir="1" wipetrans="false" slidelock="false" navindex="-1" globalaudioid="" thumbnailid="" showanimationid="">
  <actiongroups>
    <actiongroup id="ActGrpOnSubmitButtonClick">
      <actions>
        <if_action>
          <condition>
            <or>
              <compare operator="eq" valuea="613ksuewNZd.ItemWasDragged" typea="var" valueb="true" typeb="boolean" />
              <compare operator="eq" valuea="6qknDjQ0xDR.ItemWasDragged" typea="var" valueb="true" typeb="boolean" />
              <compare operator="eq" valuea="6fROx7VklDf.ItemWasDragged" typea="var" valueb="true" typeb="boolean" />
              <compare operator="eq" valuea="5i9R78KbPmC.ItemWasDragged" typea="var" valueb="true" typeb="boolean" />
            </or>
          </condition>
          <then_actions>
            <eval_interaction id="_this.636yH2atYm3" />
            <if_action>
              <condition>
                <compare operator="eq" valuea="5mKd958sBRF" typea="string" valueb="_this.6qknDjQ0xDR.DropTargetId" typeb="property" />
              </condition>
            </if_action>
          </then_actions>
          <else_actions>
            <gotoplay window="MessageWnd" wndtype="normal">
              <objref type="string" value="_player.MsgScene_5Zxg3fY3Nhm.InvalidPromptSlide" />
            </gotoplay>
          </else_actions>
        </if_action>
      </actions>
    </actiongroup>
    <actiongroup id="ReviewInt_5dKZ4nUkiCO">
      <actions>
        <set_enabled>
          <objref type="string" value="613ksuewNZd" />
          <enabled type="boolean" value="false" />
        </set_enabled>
        <set_enabled>
          <objref type="string" value="6qknDjQ0xDR" />
          <enabled type="boolean" value="false" />
        </set_enabled>
        <set_enabled>
          <objref type="string" value="6fROx7VklDf" />
          <enabled type="boolean" value="false" />
        </set_enabled>
        <set_enabled>
          <objref type="string" value="5i9R78KbPmC" />
          <enabled type="boolean" value="false" />
        </set_enabled>
        <if_action>
          <condition>
            <compare operator="eq" valuea="636yH2atYm3.Status" typea="property" valueb="correct" typeb="string" />
          </condition>
          <then_actions>
            <show transition="appear" duration="0" direction="0">
              <objref type="string" value="5dKZ4nUkiCO_CorrectReview" />
            </show>
          </then_actions>
          <else_actions>
            <show transition="appear" duration="0" direction="0">
              <objref type="string" value="5dKZ4nUkiCO_IncorrectReview" />
            </show>
          </else_actions>
        </if_action>
        <if_action>
          <condition>
            <compare operator="eq" valuea="_player.CurrentQuiz_5dKZ4nUkiCO" typea="var" valueb="5WfhuQ3hw1Y" typeb="string" />
          </condition>
          <then_actions>
            <exe_actiongroup id="SetLayout_pxabnsnfns00001100101" />
            <if_action>
              <condition>
                <compare operator="eq" valuea="_player.5WfhuQ3hw1Y.Passed" typea="property" valueb="true" typeb="boolean" />
              </condition>
              <then_actions>
                <exe_actiongroup id="ReviewIntCorrectIncorrect_5dKZ4nUkiCO" />
              </then_actions>
            </if_action>
            <if_action>
              <condition>
                <compare operator="eq" valuea="_player.5WfhuQ3hw1Y.Passed" typea="property" valueb="false" typeb="boolean" />
              </condition>
              <then_actions>
                <exe_actiongroup id="ReviewIntCorrectIncorrect_5dKZ4nUkiCO" />
              </then_actions>
            </if_action>
          </then_actions>
        </if_action>
      </actions>
    </actiongroup>
    <actiongroup id="ReviewIntCorrectIncorrect_5dKZ4nUkiCO">
      <actions>
        <set_enabled>
          <objref type="string" value="613ksuewNZd" />
          <enabled type="boolean" value="false" />
        </set_enabled>
        <set_enabled>
          <objref type="string" value="6qknDjQ0xDR" />
          <enabled type="boolean" value="false" />
        </set_enabled>
        <set_enabled>
          <objref type="string" value="6fROx7VklDf" />
          <enabled type="boolean" value="false" />
        </set_enabled>
        <set_enabled>
          <objref type="string" value="5i9R78KbPmC" />
          <enabled type="boolean" value="false" />
        </set_enabled>
      </actions>
    </actiongroup>
    <actiongroup id="AnsweredInt_5dKZ4nUkiCO">
      <actions>
        <exe_actiongroup id="DisableChoices_5dKZ4nUkiCO" />
        <if_action>
          <condition>
            <compare operator="eq" valuea="WindowId" typea="property" valueb="_frame" typeb="string" />
          </condition>
          <then_actions>
            <set_frame_layout name="pxabnsnfns00001100101" />
          </then_actions>
          <else_actions>
            <set_window_control_layout name="pxabnsnfns00001100101" />
          </else_actions>
        </if_action>
      </actions>
    </actiongroup>
    <actiongroup id="DisableChoices_5dKZ4nUkiCO">
      <actions>
        <set_enabled>
          <objref type="string" value="613ksuewNZd" />
          <enabled type="boolean" value="false" />
        </set_enabled>
        <set_enabled>
          <objref type="string" value="6qknDjQ0xDR" />
          <enabled type="boolean" value="false" />
        </set_enabled>
        <set_enabled>
          <objref type="string" value="6fROx7VklDf" />
          <enabled type="boolean" value="false" />
        </set_enabled>
        <set_enabled>
          <objref type="string" value="5i9R78KbPmC" />
          <enabled type="boolean" value="false" />
        </set_enabled>
      </actions>
    </actiongroup>
    <actiongroup id="5dKZ4nUkiCO_CheckAnswered">
      <actions>
        <if_action>
          <condition>
            <or>
              <compare operator="eq" valuea="636yH2atYm3.Status" typea="property" valueb="correct" typeb="string" />
              <compare operator="eq" valuea="_player.5WfhuQ3hw1Y.QuizComplete" typea="property" valueb="true" typeb="boolean" />
            </or>
          </condition>
          <then_actions>
            <exe_actiongroup id="AnsweredInt_5dKZ4nUkiCO" />
          </then_actions>
          <else_actions>
            <if_action>
              <condition>
                <compare operator="eq" valuea="636yH2atYm3.Status" typea="property" valueb="incorrect" typeb="string" />
              </condition>
              <then_actions>
                <if_action>
                  <condition>
                    <compare operator="gte" valuea="636yH2atYm3.AttemptCount" typea="property" valueb="1" typeb="number" />
                  </condition>
                  <then_actions>
                    <exe_actiongroup id="AnsweredInt_5dKZ4nUkiCO" />
                  </then_actions>
                </if_action>
              </then_actions>
            </if_action>
          </else_actions>
        </if_action>
      </actions>
    </actiongroup>
    <actiongroup id="SetLayout_pxabnsnfns00001100101">
      <actions>
        <if_action>
          <condition>
            <compare operator="eq" valuea="WindowId" typea="property" valueb="_frame" typeb="string" />
          </condition>
          <then_actions>
            <set_frame_layout name="pxabnsnfns00001100101" />
          </then_actions>
          <else_actions>
            <set_window_control_layout name="pxabnsnfns00001100101" />
          </else_actions>
        </if_action>
      </actions>
    </actiongroup>
    <actiongroup id="CloseFeedback">
      <actions>
        <if_action>
          <condition>
            <compare operator="eq" valuea="_player.5WfhuQ3hw1Y.QuizComplete" typea="property" valueb="true" typeb="boolean" />
          </condition>
          <then_actions>
            <hide_slidelayer transition="appear" duration="0" direction="0">
              <objref type="string" value="6HZLiPjNVgs" />
            </hide_slidelayer>
            <hide_slidelayer transition="appear" duration="0" direction="0">
              <objref type="string" value="6U87ZaRzwED" />
            </hide_slidelayer>
          </then_actions>
        </if_action>
      </actions>
    </actiongroup>
    <actiongroup id="NavigationRestrictionNextSlide_6QaTyL7IWqY">
      <actions>
        <gotoplay window="_current" wndtype="normal">
          <objref type="string" value="_parent.6DGUJNhSAQM" />
        </gotoplay>
      </actions>
    </actiongroup>
    <actiongroup id="NavigationRestrictionPreviousSlide_6QaTyL7IWqY">
      <actions>
        <history_prev />
      </actions>
    </actiongroup>
  </actiongroups>
  <events>
    <onbeforeslidein>
      <actions>
        <if_action>
          <condition>
            <compare operator="eq" valuea="WindowId" typea="property" valueb="_frame" typeb="string" />
          </condition>
          <then_actions>
            <set_frame_layout name="npnxnanbsnfns00001100101" />
          </then_actions>
          <else_actions>
            <set_window_control_layout name="npnxnanbsnfns00001100101" />
          </else_actions>
        </if_action>
      </actions>
    </onbeforeslidein>
    <onsubmitslide>
      <actions>
        <exe_actiongroup id="ActGrpOnSubmitButtonClick" />
      </actions>
    </onsubmitslide>
    <ontransitionin>
      <actions>
        <adjustvar variable="_player.LastSlideViewed_5Zxg3fY3Nhm" operator="set">
          <value type="string" value="_player." />
        </adjustvar>
        <adjustvar variable="_player.LastSlideViewed_5Zxg3fY3Nhm" operator="add">
          <value type="property" value="AbsoluteId" />
        </adjustvar>
        <if_action>
          <condition>
            <compare operator="eq" valuea="_player.ReviewMode_5dKZ4nUkiCO" typea="var" valueb="true" typeb="boolean" />
          </condition>
          <then_actions>
            <exe_actiongroup id="ReviewInt_5dKZ4nUkiCO" />
          </then_actions>
          <else_actions>
            <exe_actiongroup id="5dKZ4nUkiCO_CheckAnswered" />
          </else_actions>
        </if_action>
        <exe_actiongroup id="CloseFeedback" />
      </actions>
    </ontransitionin>
    <onnextslide>
      <actions>
        <if_action>
          <condition>
            <compare operator="eq" valuea="_player.ReviewMode_5dKZ4nUkiCO" typea="var" valueb="true" typeb="boolean" />
          </condition>
          <then_actions>
            <if_action>
              <condition>
                <compare operator="eq" valuea="_player.CurrentQuiz_5dKZ4nUkiCO" typea="var" valueb="5WfhuQ3hw1Y" typeb="string" />
              </condition>
              <then_actions>
                <nextviewedslide>
                  <quizref type="string" value="_player.5WfhuQ3hw1Y" />
                  <completed_slide_ref type="string" value="_player.6RoriILyZrf.6Am9SBi3ums" />
                </nextviewedslide>
              </then_actions>
              <else_actions>
                <debug_trace message="WARNING: question is in review mode, but not for any quiz that it's a part of" />
              </else_actions>
            </if_action>
          </then_actions>
          <else_actions>
            <exe_actiongroup id="NavigationRestrictionNextSlide_6QaTyL7IWqY" />
          </else_actions>
        </if_action>
      </actions>
    </onnextslide>
    <onprevslide>
      <actions>
        <exe_actiongroup id="NavigationRestrictionPreviousSlide_6QaTyL7IWqY" />
      </actions>
    </onprevslide>
  </events>
  <background type="fill">
    <fill type="linear" rotation="90">
      <colors>
        <color rgb="0xFFFFFF" alpha="100" stop="0" />
      </colors>
    </fill>
  </background>
  <timeline duration="5000">
    <events>
      <event time="0">
        <actions>
          <show transition="appear" duration="0" direction="0">
            <objref type="string" value="613ksuewNZd" />
          </show>
          <show transition="appear" duration="0" direction="0">
            <objref type="string" value="6qknDjQ0xDR" />
          </show>
          <show transition="appear" duration="0" direction="0">
            <objref type="string" value="6fROx7VklDf" />
          </show>
          <show transition="appear" duration="0" direction="0">
            <objref type="string" value="5i9R78KbPmC" />
          </show>
          <show transition="appear" duration="0" direction="0">
            <objref type="string" value="5mKd958sBRF" />
          </show>
        </actions>
      </event>
    </events>
  </timeline>
  <objects>
    <vectorshape id="613ksuewNZd" width="88" height="48" resume="true" usehandcursor="true" shapemaskid="" xpos="128" ypos="46" tabindex="11" tabenabled="true" xoffset="0" yoffset="0" rotatexpos="43.5" rotateypos="23.5" xscale="100" yscale="100" alpha="100" rotation="0" depth="1" scrolling="true" shufflelock="false" acctype="text" cliptobounds="false" defaultaction="onrelease">
      <variables>
        <variable name="ItemWasDragged" type="boolean" value="false" resume="true" />
      </variables>
      <events>
        <ondragstart>
          <actions>
            <adjustvar variable="ItemWasDragged" operator="set">
              <value type="boolean" value="true" />
            </adjustvar>
          </actions>
        </ondragstart>
      </events>
      <dragdrop dragenabled="true" dropenabled="false" dragoverenabled="false" snapx="45" snapy="25" dragreturn="false" multidrop="false" droptype="snap" dropoffsetx="20" dropoffsety="20">
        <dragdropids>
          <dragdropid>_drop_5dKZ4nUkiCO</dragdropid>
        </dragdropids>
        <dragoverids>
          <dragoverid>_drop_5dKZ4nUkiCO</dragoverid>
        </dragoverids>
      </dragdrop>
      <data hotlinkid="" accstate="0">
        <vectordata left="-1" top="-1" right="89" bottom="49" alttext="Rectangle 1" pngfb="false">
          <pr l="Lib" i="145" />
        </vectordata>
        <html5data xpos="-1" ypos="-1" width="89" height="49" strokewidth="1" />
      </data>
    </vectorshape>
    <vectorshape id="6qknDjQ0xDR" width="88" height="48" resume="true" usehandcursor="true" shapemaskid="" xpos="128" ypos="102" tabindex="13" tabenabled="true" xoffset="0" yoffset="0" rotatexpos="43.5" rotateypos="23.5" xscale="100" yscale="100" alpha="100" rotation="0" depth="2" scrolling="true" shufflelock="false" acctype="text" cliptobounds="false" defaultaction="onrelease">
      <variables>
        <variable name="ItemWasDragged" type="boolean" value="false" resume="true" />
      </variables>
      <events>
        <ondragstart>
          <actions>
            <adjustvar variable="ItemWasDragged" operator="set">
              <value type="boolean" value="true" />
            </adjustvar>
          </actions>
        </ondragstart>
      </events>
      <dragdrop dragenabled="true" dropenabled="false" dragoverenabled="false" snapx="45" snapy="25" dragreturn="false" multidrop="false" droptype="snap" dropoffsetx="20" dropoffsety="20">
        <dragdropids>
          <dragdropid>_drop_5dKZ4nUkiCO</dragdropid>
        </dragdropids>
        <dragoverids>
          <dragoverid>_drop_5dKZ4nUkiCO</dragoverid>
        </dragoverids>
      </dragdrop>
      <data hotlinkid="" accstate="0">
        <vectordata left="-1" top="-1" right="89" bottom="49" alttext="Correct" pngfb="false">
          <pr l="Lib" i="146" />
        </vectordata>
        <html5data xpos="-1" ypos="-1" width="89" height="49" strokewidth="1" />
      </data>
      <textlib>
        <textdata uniqueId="6qknDjQ0xDR_-123558620" id="01" linkid="txt__default_6qknDjQ0xDR" type="vectortext" xpos="0" ypos="0" width="0" height="0" shadowindex="-1">
          <vectortext left="0" top="0" right="72" bottom="35" pngfb="false">
            <pr l="Lib" i="147" />
          </vectortext>
        </textdata>
      </textlib>
    </vectorshape>
    <vectorshape id="6fROx7VklDf" width="88" height="48" resume="true" usehandcursor="true" shapemaskid="" xpos="128" ypos="158" tabindex="14" tabenabled="true" xoffset="0" yoffset="0" rotatexpos="43.5" rotateypos="23.5" xscale="100" yscale="100" alpha="100" rotation="0" depth="3" scrolling="true" shufflelock="false" acctype="text" cliptobounds="false" defaultaction="onrelease">
      <variables>
        <variable name="ItemWasDragged" type="boolean" value="false" resume="true" />
      </variables>
      <events>
        <ondragstart>
          <actions>
            <adjustvar variable="ItemWasDragged" operator="set">
              <value type="boolean" value="true" />
            </adjustvar>
          </actions>
        </ondragstart>
      </events>
      <dragdrop dragenabled="true" dropenabled="false" dragoverenabled="false" snapx="45" snapy="25" dragreturn="false" multidrop="false" droptype="snap" dropoffsetx="20" dropoffsety="20">
        <dragdropids>
          <dragdropid>_drop_5dKZ4nUkiCO</dragdropid>
        </dragdropids>
        <dragoverids>
          <dragoverid>_drop_5dKZ4nUkiCO</dragoverid>
        </dragoverids>
      </dragdrop>
      <data hotlinkid="" accstate="0">
        <vectordata left="-1" top="-1" right="89" bottom="49" alttext="Rectangle 3" pngfb="false">
          <pr l="Lib" i="148" />
        </vectordata>
        <html5data xpos="-1" ypos="-1" width="89" height="49" strokewidth="1" />
      </data>
    </vectorshape>
    <vectorshape id="5i9R78KbPmC" width="88" height="48" resume="true" usehandcursor="true" shapemaskid="" xpos="128" ypos="214" tabindex="15" tabenabled="true" xoffset="0" yoffset="0" rotatexpos="43.5" rotateypos="23.5" xscale="100" yscale="100" alpha="100" rotation="0" depth="4" scrolling="true" shufflelock="false" acctype="text" cliptobounds="false" defaultaction="onrelease">
      <variables>
        <variable name="ItemWasDragged" type="boolean" value="false" resume="true" />
      </variables>
      <events>
        <ondragstart>
          <actions>
            <adjustvar variable="ItemWasDragged" operator="set">
              <value type="boolean" value="true" />
            </adjustvar>
          </actions>
        </ondragstart>
      </events>
      <dragdrop dragenabled="true" dropenabled="false" dragoverenabled="false" snapx="45" snapy="25" dragreturn="false" multidrop="false" droptype="snap" dropoffsetx="20" dropoffsety="20">
        <dragdropids>
          <dragdropid>_drop_5dKZ4nUkiCO</dragdropid>
        </dragdropids>
        <dragoverids>
          <dragoverid>_drop_5dKZ4nUkiCO</dragoverid>
        </dragoverids>
      </dragdrop>
      <data hotlinkid="" accstate="0">
        <vectordata left="-1" top="-1" right="89" bottom="49" alttext="Rectangle 4" pngfb="false">
          <pr l="Lib" i="149" />
        </vectordata>
        <html5data xpos="-1" ypos="-1" width="89" height="49" strokewidth="1" />
      </data>
    </vectorshape>
    <vectorshape id="5mKd958sBRF" width="312" height="216" resume="true" usehandcursor="true" shapemaskid="" xpos="288" ypos="46" tabindex="12" tabenabled="true" xoffset="0" yoffset="0" rotatexpos="155.5" rotateypos="107.5" xscale="100" yscale="100" alpha="100" rotation="0" depth="5" scrolling="true" shufflelock="false" acctype="text" cliptobounds="false" defaultaction="">
      <dragdrop dragenabled="false" dropenabled="true" dragoverenabled="true" snapx="157" snapy="109" dragreturn="true" multidrop="true" droptype="stackrandom" dropoffsetx="20" dropoffsety="20">
        <dragdropids>
          <dragdropid>_drop_5dKZ4nUkiCO</dragdropid>
        </dragdropids>
        <dragoverids>
          <dragoverid>_drop_5dKZ4nUkiCO</dragoverid>
        </dragoverids>
      </dragdrop>
      <data hotlinkid="" accstate="0">
        <vectordata left="-1" top="-1" right="313" bottom="217" alttext="Folded Corner 1" pngfb="false">
          <pr l="Lib" i="150" />
        </vectordata>
        <html5data xpos="-1" ypos="-1" width="313" height="217" strokewidth="1" />
      </data>
    </vectorshape>
    <vectorshape id="5dKZ4nUkiCO_CorrectReview" width="720" height="40" resume="false" usehandcursor="true" shapemaskid="" xpos="0" ypos="500" tabindex="16" tabenabled="true" xoffset="0" yoffset="0" rotatexpos="360" rotateypos="20" xscale="100" yscale="100" alpha="100" rotation="0" depth="6" scrolling="true" shufflelock="false" acctype="text" cliptobounds="false" defaultaction="">
      <events>
        <onrelease>
          <actions>
            <hide transition="appear" duration="0" direction="0">
              <objref type="string" value="_this" />
            </hide>
          </actions>
        </onrelease>
      </events>
      <data hotlinkid="" accstate="0">
        <vectordata left="-1" top="-1" right="720" bottom="40" alttext="Correct" pngfb="false">
          <pr l="Lib" i="13" />
        </vectordata>
      </data>
      <textlib>
        <textdata uniqueId="5dKZ4nUkiCO_CorrectReview" id="01" linkid="5dKZ4nUkiCO_CorrectReview" type="vectortext" xpos="0" ypos="0" width="0" height="0" shadowindex="-1">
          <vectortext left="0" top="0" right="400" bottom="37" pngfb="false">
            <pr l="Lib" i="14" />
          </vectortext>
        </textdata>
      </textlib>
    </vectorshape>
    <vectorshape id="5dKZ4nUkiCO_IncorrectReview" width="720" height="40" resume="false" usehandcursor="true" shapemaskid="" xpos="0" ypos="500" tabindex="17" tabenabled="true" xoffset="0" yoffset="0" rotatexpos="360" rotateypos="20" xscale="100" yscale="100" alpha="100" rotation="0" depth="7" scrolling="true" shufflelock="false" acctype="text" cliptobounds="false" defaultaction="">
      <events>
        <onrelease>
          <actions>
            <hide transition="appear" duration="0" direction="0">
              <objref type="string" value="_this" />
            </hide>
          </actions>
        </onrelease>
      </events>
      <data hotlinkid="" accstate="0">
        <vectordata left="-1" top="-1" right="720" bottom="40" alttext="Incorrect" pngfb="false">
          <pr l="Lib" i="15" />
        </vectordata>
      </data>
      <textlib>
        <textdata uniqueId="5dKZ4nUkiCO_IncorrectReview" id="01" linkid="5dKZ4nUkiCO_IncorrectReview" type="vectortext" xpos="0" ypos="0" width="0" height="0" shadowindex="-1">
          <vectortext left="0" top="0" right="409" bottom="37" pngfb="false">
            <pr l="Lib" i="16" />
          </vectortext>
        </textdata>
      </textlib>
    </vectorshape>
  </objects>
  <presenterref id="none" />
  <slidelayers>
    <slidelayer id="6HZLiPjNVgs" width="720" height="540" resume="true" usehandcursor="false" enableseek="true" enablereplay="true" lmsid="" starttime="-1" elapsedtimemode="normal" depth="0" modal="true" pauseparent="true" rotatexpos="360" rotateypos="270" tabindex="-1">
      <events>
        <ontopmostlayer>
          <actions>
            <setactivetimeline>
              <objref type="string" value="_this" />
            </setactivetimeline>
          </actions>
        </ontopmostlayer>
        <ontransitionin>
          <actions>
            <enable_frame_control name="submit" enable="false" />
          </actions>
        </ontransitionin>
        <ontransitionout>
          <actions>
            <enable_frame_control name="submit" enable="true" />
          </actions>
        </ontransitionout>
        <ontransitionincomplete>
          <actions>
            <setfocus showrect="false">
              <value type="string" value="6R1Q9UtwBow" />
            </setfocus>
          </actions>
        </ontransitionincomplete>
      </events>
      <timeline duration="5000">
        <events>
          <event time="0">
            <actions>
              <show transition="appear" duration="0" direction="0">
                <objref type="string" value="6R1Q9UtwBow" />
              </show>
              <show transition="appear" duration="0" direction="0">
                <objref type="string" value="6SSxeStm6fY" />
              </show>
              <show transition="appear" duration="0" direction="0">
                <objref type="string" value="6KA5HjIoXgh" />
              </show>
              <show transition="appear" duration="0" direction="0">
                <objref type="string" value="67F1PIeokp7" />
              </show>
              <show transition="appear" duration="0" direction="0">
                <objref type="string" value="5zn4ncnxwIt" />
              </show>
            </actions>
          </event>
        </events>
      </timeline>
      <objects>
        <vectorshape id="67F1PIeokp7" width="436" height="190" resume="true" usehandcursor="false" shapemaskid="" xpos="142" ypos="175" tabindex="5" tabenabled="false" xoffset="0" yoffset="0" rotatexpos="218" rotateypos="95" xscale="100" yscale="100" alpha="100" rotation="0" depth="1" scrolling="false" shufflelock="false" acctype="text" cliptobounds="false" defaultaction="">
          <data hotlinkid="" accstate="0">
            <vectordata left="-2" top="-2" right="438" bottom="192" alttext="" pngfb="false">
              <pr l="Lib" i="17" />
            </vectordata>
            <html5data xpos="-1" ypos="-1" width="437" height="191" strokewidth="1" />
          </data>
        </vectorshape>
        <vectorshape id="5zn4ncnxwIt" width="400" height="0" resume="true" usehandcursor="false" shapemaskid="" xpos="160" ypos="228" tabindex="7" tabenabled="false" xoffset="0" yoffset="0" rotatexpos="199.5" rotateypos="-0.5" xscale="100" yscale="100" alpha="100" rotation="0" depth="2" scrolling="false" shufflelock="false" acctype="text" cliptobounds="false" defaultaction="">
          <data hotlinkid="" accstate="0">
            <vectordata left="-2" top="-2" right="402" bottom="2" alttext="" pngfb="false">
              <pr l="Lib" i="18" />
            </vectordata>
            <html5data xpos="-1" ypos="-1" width="401" height="1" strokewidth="1" />
          </data>
        </vectorshape>
        <vectorshape id="6R1Q9UtwBow" width="400" height="38" resume="true" usehandcursor="true" shapemaskid="" xpos="160" ypos="187" tabindex="6" tabenabled="true" xoffset="0" yoffset="0" rotatexpos="200" rotateypos="19" xscale="100" yscale="100" alpha="100" rotation="0" depth="3" scrolling="true" shufflelock="false" acctype="text" cliptobounds="false" defaultaction="">
          <data hotlinkid="" accstate="0">
            <vectordata left="0" top="0" right="400" bottom="38" alttext="Correct" pngfb="false">
              <pr l="Lib" i="19" />
            </vectordata>
            <html5data xpos="-1" ypos="-1" width="401" height="39" strokewidth="0" />
          </data>
          <textlib>
            <textdata uniqueId="6R1Q9UtwBow_609363933" id="01" linkid="txt__default_6R1Q9UtwBow" type="vectortext" xpos="0" ypos="0" width="0" height="0" shadowindex="-1">
              <vectortext left="0" top="0" right="81" bottom="32" pngfb="false">
                <pr l="Lib" i="20" />
              </vectortext>
            </textdata>
          </textlib>
        </vectorshape>
        <vectorshape id="6SSxeStm6fY" width="400" height="77" resume="true" usehandcursor="true" shapemaskid="" xpos="160" ypos="234" tabindex="8" tabenabled="true" xoffset="0" yoffset="0" rotatexpos="200" rotateypos="38.5" xscale="100" yscale="100" alpha="100" rotation="0" depth="4" scrolling="true" shufflelock="false" acctype="text" cliptobounds="false" defaultaction="">
          <data hotlinkid="" accstate="0">
            <vectordata left="0" top="0" right="400" bottom="77" alttext="That's right!  You selected the correct response." pngfb="false">
              <pr l="Lib" i="21" />
            </vectordata>
            <html5data xpos="-1" ypos="-1" width="401" height="78" strokewidth="0" />
          </data>
          <textlib>
            <textdata uniqueId="6SSxeStm6fY_88598246" id="01" linkid="txt__default_6SSxeStm6fY" type="vectortext" xpos="0" ypos="0" width="0" height="0" shadowindex="-1">
              <vectortext left="0" top="0" right="371" bottom="27" pngfb="false">
                <pr l="Lib" i="22" />
              </vectortext>
            </textdata>
          </textlib>
        </vectorshape>
        <vectorshape id="6KA5HjIoXgh" width="125" height="30" resume="true" usehandcursor="true" shapemaskid="" xpos="298" ypos="323" tabindex="9" tabenabled="true" xoffset="0" yoffset="0" rotatexpos="62.5" rotateypos="15" xscale="100" yscale="100" alpha="100" rotation="0" depth="5" scrolling="true" shufflelock="false" acctype="button" cliptobounds="false" defaultaction="onrelease">
          <variables>
            <variable name="_hover" type="boolean" value="false" resume="true" />
            <variable name="_down" type="boolean" value="false" resume="true" />
            <variable name="_disabled" type="boolean" value="false" resume="true" />
            <variable name="_visited" type="boolean" value="false" resume="true" />
            <variable name="_savevisited" type="boolean" value="false" resume="true" />
            <variable name="_state" type="string" value="_default" resume="true" />
            <variable name="_stateName" type="string" value="" resume="true" />
            <variable name="_tempStateName" type="string" value="" resume="false" />
          </variables>
          <actiongroups>
            <actiongroup id="ActGrpSetVisitedState">
              <actions>
                <adjustvar variable="_savevisited" operator="set">
                  <value type="var" value="_visited" />
                </adjustvar>
                <adjustvar variable="_visited" operator="set">
                  <value type="boolean" value="true" />
                </adjustvar>
                <exe_actiongroup id="_player._setstates">
                  <scoperef type="string" value="_this" />
                </exe_actiongroup>
              </actions>
            </actiongroup>
            <actiongroup id="ActGrpSetHoverState">
              <actions>
                <adjustvar variable="_hover" operator="set">
                  <value type="boolean" value="true" />
                </adjustvar>
                <exe_actiongroup id="_player._setstates">
                  <scoperef type="string" value="_this" />
                </exe_actiongroup>
              </actions>
            </actiongroup>
            <actiongroup id="ActGrpClearHoverState">
              <actions>
                <adjustvar variable="_hover" operator="set">
                  <value type="boolean" value="false" />
                </adjustvar>
                <exe_actiongroup id="_player._setstates">
                  <scoperef type="string" value="_this" />
                </exe_actiongroup>
              </actions>
            </actiongroup>
            <actiongroup id="ActGrpSetDisabledState">
              <actions>
                <adjustvar variable="_disabled" operator="set">
                  <value type="boolean" value="true" />
                </adjustvar>
                <exe_actiongroup id="_player._setstates">
                  <scoperef type="string" value="_this" />
                </exe_actiongroup>
              </actions>
            </actiongroup>
            <actiongroup id="ActGrpSetDownState">
              <actions>
                <adjustvar variable="_down" operator="set">
                  <value type="boolean" value="true" />
                </adjustvar>
                <exe_actiongroup id="_player._setstates">
                  <scoperef type="string" value="_this" />
                </exe_actiongroup>
              </actions>
            </actiongroup>
            <actiongroup id="ActGrpClearStateVars">
              <actions>
                <adjustvar variable="_hover" operator="set">
                  <value type="boolean" value="false" />
                </adjustvar>
                <adjustvar variable="_down" operator="set">
                  <value type="boolean" value="false" />
                </adjustvar>
                <adjustvar variable="_disabled" operator="set">
                  <value type="boolean" value="false" />
                </adjustvar>
                <adjustvar variable="_visited" operator="set">
                  <value type="boolean" value="false" />
                </adjustvar>
                <adjustvar variable="_savevisited" operator="set">
                  <value type="boolean" value="false" />
                </adjustvar>
              </actions>
            </actiongroup>
          </actiongroups>
          <events>
            <onrelease>
              <actions>
                <exe_actiongroup id="ActGrpSetVisitedState">
                  <scoperef type="string" value="_this" />
                </exe_actiongroup>
                <adjustvar variable="_hover" operator="set">
                  <value type="boolean" value="false" />
                </adjustvar>
                <adjustvar variable="_down" operator="set">
                  <value type="boolean" value="false" />
                </adjustvar>
                <exe_actiongroup id="_player._setstates">
                  <scoperef type="string" value="_this" />
                </exe_actiongroup>
                <hide_slidelayer transition="appear" duration="0" direction="0">
                  <objref type="string" value="_parent" />
                </hide_slidelayer>
                <gotoplay window="_current" wndtype="normal">
                  <objref type="string" value="_player.6RoriILyZrf.6DGUJNhSAQM" />
                </gotoplay>
              </actions>
            </onrelease>
            <ontransitionin>
              <actions>
                <exe_actiongroup id="_player._setstates">
                  <scoperef type="string" value="_this" />
                </exe_actiongroup>
              </actions>
            </ontransitionin>
            <onrollover>
              <actions>
                <exe_actiongroup id="ActGrpSetHoverState">
                  <scoperef type="string" value="_this" />
                </exe_actiongroup>
              </actions>
            </onrollover>
            <onrollout>
              <actions>
                <exe_actiongroup id="ActGrpClearHoverState">
                  <scoperef type="string" value="_this" />
                </exe_actiongroup>
              </actions>
            </onrollout>
            <onpress>
              <actions>
                <exe_actiongroup id="ActGrpSetDownState">
                  <scoperef type="string" value="_this" />
                </exe_actiongroup>
              </actions>
            </onpress>
            <onreleaseoutside>
              <actions>
                <adjustvar variable="_down" operator="set">
                  <value type="boolean" value="false" />
                </adjustvar>
                <exe_actiongroup id="_player._setstates">
                  <scoperef type="string" value="_this" />
                </exe_actiongroup>
              </actions>
            </onreleaseoutside>
          </events>
          <data hotlinkid="" accstate="0">
            <vectordata left="-2" top="-2" right="126" bottom="31" alttext="Continue" pngfb="false">
              <pr l="Lib" i="23" />
            </vectordata>
            <html5data xpos="-1" ypos="-1" width="126" height="31" strokewidth="1" />
          </data>
          <states>
            <state name="_default_Disabled">
              <data hotlinkid="" accstate="1">
                <vectordata left="-2" top="-2" right="126" bottom="31" alttext="Continue" pngfb="false">
                  <pr l="Lib" i="23" />
                </vectordata>
                <html5data xpos="-2" ypos="-2" width="128" height="33" strokewidth="1" />
              </data>
            </state>
            <state name="_default_Down">
              <data hotlinkid="" accstate="8">
                <vectordata left="-2" top="-2" right="126" bottom="31" alttext="Continue" pngfb="false">
                  <pr l="Lib" i="24" />
                </vectordata>
                <html5data xpos="-2" ypos="-2" width="128" height="33" strokewidth="1" />
              </data>
            </state>
            <state name="_default_Visited">
              <data hotlinkid="" accstate="0">
                <vectordata left="-2" top="-2" right="126" bottom="31" alttext="Continue" pngfb="false">
                  <pr l="Lib" i="23" />
                </vectordata>
                <html5data xpos="-2" ypos="-2" width="128" height="33" strokewidth="1" />
              </data>
            </state>
            <state name="_default_Visited_Disabled">
              <data hotlinkid="" accstate="1">
                <vectordata left="-2" top="-2" right="126" bottom="31" alttext="Continue" pngfb="false">
                  <pr l="Lib" i="23" />
                </vectordata>
                <html5data xpos="-2" ypos="-2" width="128" height="33" strokewidth="1" />
              </data>
            </state>
            <state name="_default_Down_Visited">
              <data hotlinkid="" accstate="8">
                <vectordata left="-2" top="-2" right="126" bottom="31" alttext="Continue" pngfb="false">
                  <pr l="Lib" i="24" />
                </vectordata>
                <html5data xpos="-2" ypos="-2" width="128" height="33" strokewidth="1" />
              </data>
            </state>
            <state name="_default_Hover">
              <data hotlinkid="" accstate="0">
                <vectordata left="-2" top="-2" right="126" bottom="31" alttext="Continue" pngfb="false">
                  <pr l="Lib" i="25" />
                </vectordata>
                <html5data xpos="-2" ypos="-2" width="128" height="33" strokewidth="1" />
              </data>
            </state>
            <state name="_default_Hover_Disabled">
              <data hotlinkid="" accstate="1">
                <vectordata left="-2" top="-2" right="126" bottom="31" alttext="Continue" pngfb="false">
                  <pr l="Lib" i="26" />
                </vectordata>
                <html5data xpos="-2" ypos="-2" width="128" height="33" strokewidth="1" />
              </data>
            </state>
            <state name="_default_Hover_Down">
              <data hotlinkid="" accstate="8">
                <vectordata left="-2" top="-2" right="126" bottom="31" alttext="Continue" pngfb="false">
                  <pr l="Lib" i="27" />
                </vectordata>
                <html5data xpos="-2" ypos="-2" width="128" height="33" strokewidth="1" />
              </data>
            </state>
            <state name="_default_Hover_Visited">
              <data hotlinkid="" accstate="0">
                <vectordata left="-2" top="-2" right="126" bottom="31" alttext="Continue" pngfb="false">
                  <pr l="Lib" i="25" />
                </vectordata>
                <html5data xpos="-2" ypos="-2" width="128" height="33" strokewidth="1" />
              </data>
            </state>
            <state name="_default_Hover_Visited_Disabled">
              <data hotlinkid="" accstate="1">
                <vectordata left="-2" top="-2" right="126" bottom="31" alttext="Continue" pngfb="false">
                  <pr l="Lib" i="25" />
                </vectordata>
                <html5data xpos="-2" ypos="-2" width="128" height="33" strokewidth="1" />
              </data>
            </state>
            <state name="_default_Hover_Down_Visited">
              <data hotlinkid="" accstate="8">
                <vectordata left="-2" top="-2" right="126" bottom="31" alttext="Continue" pngfb="false">
                  <pr l="Lib" i="27" />
                </vectordata>
                <html5data xpos="-2" ypos="-2" width="128" height="33" strokewidth="1" />
              </data>
            </state>
          </states>
          <textlib>
            <textdata uniqueId="6QtS4MDNg35_-1217210880" id="01" linkid="txt__default_6KA5HjIoXgh" type="vectortext" xpos="0" ypos="0" width="0" height="0" shadowindex="-1">
              <vectortext left="0" top="0" right="97" bottom="26" pngfb="false">
                <pr l="Lib" i="28" />
              </vectortext>
            </textdata>
          </textlib>
        </vectorshape>
      </objects>
    </slidelayer>
    <slidelayer id="6U87ZaRzwED" width="720" height="540" resume="true" usehandcursor="false" enableseek="true" enablereplay="true" lmsid="" starttime="-1" elapsedtimemode="normal" depth="0" modal="true" pauseparent="true" rotatexpos="360" rotateypos="270" tabindex="-1">
      <events>
        <ontopmostlayer>
          <actions>
            <setactivetimeline>
              <objref type="string" value="_this" />
            </setactivetimeline>
          </actions>
        </ontopmostlayer>
        <ontransitionin>
          <actions>
            <enable_frame_control name="submit" enable="false" />
          </actions>
        </ontransitionin>
        <ontransitionout>
          <actions>
            <enable_frame_control name="submit" enable="true" />
          </actions>
        </ontransitionout>
        <ontransitionincomplete>
          <actions>
            <setfocus showrect="false">
              <value type="string" value="5hiR0RwQDwz" />
            </setfocus>
          </actions>
        </ontransitionincomplete>
      </events>
      <timeline duration="5000">
        <events>
          <event time="0">
            <actions>
              <show transition="appear" duration="0" direction="0">
                <objref type="string" value="5hiR0RwQDwz" />
              </show>
              <show transition="appear" duration="0" direction="0">
                <objref type="string" value="6MR0WMO1Adb" />
              </show>
              <show transition="appear" duration="0" direction="0">
                <objref type="string" value="6JylbMq7DvP" />
              </show>
              <show transition="appear" duration="0" direction="0">
                <objref type="string" value="67F1PIeokp7" />
              </show>
              <show transition="appear" duration="0" direction="0">
                <objref type="string" value="5zn4ncnxwIt" />
              </show>
            </actions>
          </event>
        </events>
      </timeline>
      <objects>
        <vectorshape id="67F1PIeokp7" width="436" height="190" resume="true" usehandcursor="false" shapemaskid="" xpos="142" ypos="175" tabindex="0" tabenabled="false" xoffset="0" yoffset="0" rotatexpos="218" rotateypos="95" xscale="100" yscale="100" alpha="100" rotation="0" depth="1" scrolling="false" shufflelock="false" acctype="text" cliptobounds="false" defaultaction="">
          <data hotlinkid="" accstate="0">
            <vectordata left="-2" top="-2" right="438" bottom="192" alttext="" pngfb="false">
              <pr l="Lib" i="17" />
            </vectordata>
            <html5data xpos="-1" ypos="-1" width="437" height="191" strokewidth="1" />
          </data>
        </vectorshape>
        <vectorshape id="5zn4ncnxwIt" width="400" height="0" resume="true" usehandcursor="false" shapemaskid="" xpos="160" ypos="228" tabindex="2" tabenabled="false" xoffset="0" yoffset="0" rotatexpos="199.5" rotateypos="-0.5" xscale="100" yscale="100" alpha="100" rotation="0" depth="2" scrolling="false" shufflelock="false" acctype="text" cliptobounds="false" defaultaction="">
          <data hotlinkid="" accstate="0">
            <vectordata left="-2" top="-2" right="402" bottom="2" alttext="" pngfb="false">
              <pr l="Lib" i="18" />
            </vectordata>
            <html5data xpos="-1" ypos="-1" width="401" height="1" strokewidth="1" />
          </data>
        </vectorshape>
        <vectorshape id="5hiR0RwQDwz" width="400" height="38" resume="true" usehandcursor="true" shapemaskid="" xpos="160" ypos="187" tabindex="1" tabenabled="true" xoffset="0" yoffset="0" rotatexpos="200" rotateypos="19" xscale="100" yscale="100" alpha="100" rotation="0" depth="3" scrolling="true" shufflelock="false" acctype="text" cliptobounds="false" defaultaction="">
          <data hotlinkid="" accstate="0">
            <vectordata left="0" top="0" right="400" bottom="38" alttext="Incorrect" pngfb="false">
              <pr l="Lib" i="19" />
            </vectordata>
            <html5data xpos="-1" ypos="-1" width="401" height="39" strokewidth="0" />
          </data>
          <textlib>
            <textdata uniqueId="5hiR0RwQDwz_912378170" id="01" linkid="txt__default_5hiR0RwQDwz" type="vectortext" xpos="0" ypos="0" width="0" height="0" shadowindex="-1">
              <vectortext left="0" top="0" right="97" bottom="32" pngfb="false">
                <pr l="Lib" i="29" />
              </vectortext>
            </textdata>
          </textlib>
        </vectorshape>
        <vectorshape id="6MR0WMO1Adb" width="400" height="77" resume="true" usehandcursor="true" shapemaskid="" xpos="160" ypos="234" tabindex="3" tabenabled="true" xoffset="0" yoffset="0" rotatexpos="200" rotateypos="38.5" xscale="100" yscale="100" alpha="100" rotation="0" depth="4" scrolling="true" shufflelock="false" acctype="text" cliptobounds="false" defaultaction="">
          <data hotlinkid="" accstate="0">
            <vectordata left="0" top="0" right="400" bottom="77" alttext="You did not select the correct response." pngfb="false">
              <pr l="Lib" i="21" />
            </vectordata>
            <html5data xpos="-1" ypos="-1" width="401" height="78" strokewidth="0" />
          </data>
          <textlib>
            <textdata uniqueId="6MR0WMO1Adb_-591514302" id="01" linkid="txt__default_6MR0WMO1Adb" type="vectortext" xpos="0" ypos="0" width="0" height="0" shadowindex="-1">
              <vectortext left="0" top="0" right="312" bottom="27" pngfb="false">
                <pr l="Lib" i="30" />
              </vectortext>
            </textdata>
          </textlib>
        </vectorshape>
        <vectorshape id="6JylbMq7DvP" width="125" height="30" resume="true" usehandcursor="true" shapemaskid="" xpos="298" ypos="323" tabindex="4" tabenabled="true" xoffset="0" yoffset="0" rotatexpos="62.5" rotateypos="15" xscale="100" yscale="100" alpha="100" rotation="0" depth="5" scrolling="true" shufflelock="false" acctype="button" cliptobounds="false" defaultaction="onrelease">
          <variables>
            <variable name="_hover" type="boolean" value="false" resume="true" />
            <variable name="_down" type="boolean" value="false" resume="true" />
            <variable name="_disabled" type="boolean" value="false" resume="true" />
            <variable name="_visited" type="boolean" value="false" resume="true" />
            <variable name="_savevisited" type="boolean" value="false" resume="true" />
            <variable name="_state" type="string" value="_default" resume="true" />
            <variable name="_stateName" type="string" value="" resume="true" />
            <variable name="_tempStateName" type="string" value="" resume="false" />
          </variables>
          <actiongroups>
            <actiongroup id="ActGrpSetVisitedState">
              <actions>
                <adjustvar variable="_savevisited" operator="set">
                  <value type="var" value="_visited" />
                </adjustvar>
                <adjustvar variable="_visited" operator="set">
                  <value type="boolean" value="true" />
                </adjustvar>
                <exe_actiongroup id="_player._setstates">
                  <scoperef type="string" value="_this" />
                </exe_actiongroup>
              </actions>
            </actiongroup>
            <actiongroup id="ActGrpSetHoverState">
              <actions>
                <adjustvar variable="_hover" operator="set">
                  <value type="boolean" value="true" />
                </adjustvar>
                <exe_actiongroup id="_player._setstates">
                  <scoperef type="string" value="_this" />
                </exe_actiongroup>
              </actions>
            </actiongroup>
            <actiongroup id="ActGrpClearHoverState">
              <actions>
                <adjustvar variable="_hover" operator="set">
                  <value type="boolean" value="false" />
                </adjustvar>
                <exe_actiongroup id="_player._setstates">
                  <scoperef type="string" value="_this" />
                </exe_actiongroup>
              </actions>
            </actiongroup>
            <actiongroup id="ActGrpSetDisabledState">
              <actions>
                <adjustvar variable="_disabled" operator="set">
                  <value type="boolean" value="true" />
                </adjustvar>
                <exe_actiongroup id="_player._setstates">
                  <scoperef type="string" value="_this" />
                </exe_actiongroup>
              </actions>
            </actiongroup>
            <actiongroup id="ActGrpSetDownState">
              <actions>
                <adjustvar variable="_down" operator="set">
                  <value type="boolean" value="true" />
                </adjustvar>
                <exe_actiongroup id="_player._setstates">
                  <scoperef type="string" value="_this" />
                </exe_actiongroup>
              </actions>
            </actiongroup>
            <actiongroup id="ActGrpClearStateVars">
              <actions>
                <adjustvar variable="_hover" operator="set">
                  <value type="boolean" value="false" />
                </adjustvar>
                <adjustvar variable="_down" operator="set">
                  <value type="boolean" value="false" />
                </adjustvar>
                <adjustvar variable="_disabled" operator="set">
                  <value type="boolean" value="false" />
                </adjustvar>
                <adjustvar variable="_visited" operator="set">
                  <value type="boolean" value="false" />
                </adjustvar>
                <adjustvar variable="_savevisited" operator="set">
                  <value type="boolean" value="false" />
                </adjustvar>
              </actions>
            </actiongroup>
          </actiongroups>
          <events>
            <onrelease>
              <actions>
                <exe_actiongroup id="ActGrpSetVisitedState">
                  <scoperef type="string" value="_this" />
                </exe_actiongroup>
                <adjustvar variable="_hover" operator="set">
                  <value type="boolean" value="false" />
                </adjustvar>
                <adjustvar variable="_down" operator="set">
                  <value type="boolean" value="false" />
                </adjustvar>
                <exe_actiongroup id="_player._setstates">
                  <scoperef type="string" value="_this" />
                </exe_actiongroup>
                <hide_slidelayer transition="appear" duration="0" direction="0">
                  <objref type="string" value="_parent" />
                </hide_slidelayer>
                <gotoplay window="_current" wndtype="normal">
                  <objref type="string" value="_player.6RoriILyZrf.6DGUJNhSAQM" />
                </gotoplay>
              </actions>
            </onrelease>
            <ontransitionin>
              <actions>
                <exe_actiongroup id="_player._setstates">
                  <scoperef type="string" value="_this" />
                </exe_actiongroup>
              </actions>
            </ontransitionin>
            <onrollover>
              <actions>
                <exe_actiongroup id="ActGrpSetHoverState">
                  <scoperef type="string" value="_this" />
                </exe_actiongroup>
              </actions>
            </onrollover>
            <onrollout>
              <actions>
                <exe_actiongroup id="ActGrpClearHoverState">
                  <scoperef type="string" value="_this" />
                </exe_actiongroup>
              </actions>
            </onrollout>
            <onpress>
              <actions>
                <exe_actiongroup id="ActGrpSetDownState">
                  <scoperef type="string" value="_this" />
                </exe_actiongroup>
              </actions>
            </onpress>
            <onreleaseoutside>
              <actions>
                <adjustvar variable="_down" operator="set">
                  <value type="boolean" value="false" />
                </adjustvar>
                <exe_actiongroup id="_player._setstates">
                  <scoperef type="string" value="_this" />
                </exe_actiongroup>
              </actions>
            </onreleaseoutside>
          </events>
          <data hotlinkid="" accstate="0">
            <vectordata left="-2" top="-2" right="126" bottom="31" alttext="Continue" pngfb="false">
              <pr l="Lib" i="23" />
            </vectordata>
            <html5data xpos="-1" ypos="-1" width="126" height="31" strokewidth="1" />
          </data>
          <states>
            <state name="_default_Disabled">
              <data hotlinkid="" accstate="1">
                <vectordata left="-2" top="-2" right="126" bottom="31" alttext="Continue" pngfb="false">
                  <pr l="Lib" i="23" />
                </vectordata>
                <html5data xpos="-2" ypos="-2" width="128" height="33" strokewidth="1" />
              </data>
            </state>
            <state name="_default_Down">
              <data hotlinkid="" accstate="8">
                <vectordata left="-2" top="-2" right="126" bottom="31" alttext="Continue" pngfb="false">
                  <pr l="Lib" i="24" />
                </vectordata>
                <html5data xpos="-2" ypos="-2" width="128" height="33" strokewidth="1" />
              </data>
            </state>
            <state name="_default_Visited">
              <data hotlinkid="" accstate="0">
                <vectordata left="-2" top="-2" right="126" bottom="31" alttext="Continue" pngfb="false">
                  <pr l="Lib" i="23" />
                </vectordata>
                <html5data xpos="-2" ypos="-2" width="128" height="33" strokewidth="1" />
              </data>
            </state>
            <state name="_default_Visited_Disabled">
              <data hotlinkid="" accstate="1">
                <vectordata left="-2" top="-2" right="126" bottom="31" alttext="Continue" pngfb="false">
                  <pr l="Lib" i="23" />
                </vectordata>
                <html5data xpos="-2" ypos="-2" width="128" height="33" strokewidth="1" />
              </data>
            </state>
            <state name="_default_Down_Visited">
              <data hotlinkid="" accstate="8">
                <vectordata left="-2" top="-2" right="126" bottom="31" alttext="Continue" pngfb="false">
                  <pr l="Lib" i="24" />
                </vectordata>
                <html5data xpos="-2" ypos="-2" width="128" height="33" strokewidth="1" />
              </data>
            </state>
            <state name="_default_Hover">
              <data hotlinkid="" accstate="0">
                <vectordata left="-2" top="-2" right="126" bottom="31" alttext="Continue" pngfb="false">
                  <pr l="Lib" i="25" />
                </vectordata>
                <html5data xpos="-2" ypos="-2" width="128" height="33" strokewidth="1" />
              </data>
            </state>
            <state name="_default_Hover_Disabled">
              <data hotlinkid="" accstate="1">
                <vectordata left="-2" top="-2" right="126" bottom="31" alttext="Continue" pngfb="false">
                  <pr l="Lib" i="26" />
                </vectordata>
                <html5data xpos="-2" ypos="-2" width="128" height="33" strokewidth="1" />
              </data>
            </state>
            <state name="_default_Hover_Down">
              <data hotlinkid="" accstate="8">
                <vectordata left="-2" top="-2" right="126" bottom="31" alttext="Continue" pngfb="false">
                  <pr l="Lib" i="27" />
                </vectordata>
                <html5data xpos="-2" ypos="-2" width="128" height="33" strokewidth="1" />
              </data>
            </state>
            <state name="_default_Hover_Visited">
              <data hotlinkid="" accstate="0">
                <vectordata left="-2" top="-2" right="126" bottom="31" alttext="Continue" pngfb="false">
                  <pr l="Lib" i="25" />
                </vectordata>
                <html5data xpos="-2" ypos="-2" width="128" height="33" strokewidth="1" />
              </data>
            </state>
            <state name="_default_Hover_Visited_Disabled">
              <data hotlinkid="" accstate="1">
                <vectordata left="-2" top="-2" right="126" bottom="31" alttext="Continue" pngfb="false">
                  <pr l="Lib" i="25" />
                </vectordata>
                <html5data xpos="-2" ypos="-2" width="128" height="33" strokewidth="1" />
              </data>
            </state>
            <state name="_default_Hover_Down_Visited">
              <data hotlinkid="" accstate="8">
                <vectordata left="-2" top="-2" right="126" bottom="31" alttext="Continue" pngfb="false">
                  <pr l="Lib" i="27" />
                </vectordata>
                <html5data xpos="-2" ypos="-2" width="128" height="33" strokewidth="1" />
              </data>
            </state>
          </states>
          <textlib>
            <textdata uniqueId="5yyiMrDhxo4_406918644" id="01" linkid="txt__default_6JylbMq7DvP" type="vectortext" xpos="0" ypos="0" width="0" height="0" shadowindex="-1">
              <vectortext left="0" top="0" right="97" bottom="26" pngfb="false">
                <pr l="Lib" i="28" />
              </vectortext>
            </textdata>
          </textlib>
        </vectorshape>
      </objects>
    </slidelayer>
  </slidelayers>
</slide>