﻿<?xml version="1.0" encoding="utf-8"?>
<slide xmlns:xsi="http://www.w3.org/2001/XMLSchema-instance" xmlns:xsd="http://www.w3.org/2001/XMLSchema" id="6QHKwdfXGsg" width="720" height="540" resume="true" usehandcursor="false" enableseek="true" enablereplay="true" lmsid="Slide20" starttime="-1" elapsedtimemode="normal" title="Rank Drop Down" trackviews="true" showmenuresulticon="false" viewgroupid="" historygroupid="" videozoom="" scrolling="false" transition="appear" transduration="0" transdir="1" wipetrans="false" slidelock="false" navindex="-1" globalaudioid="" thumbnailid="" showanimationid="">
  <actiongroups>
    <actiongroup id="ActGrpOnSubmitButtonClick">
      <actions>
        <if_action>
          <condition>
            <and>
              <compare operator="noteq" valuea="6YUTD1dTrqP.65PZbaF90jW.SelectedItemData" typea="property" valueb="" typeb="string" />
              <compare operator="noteq" valuea="6YUTD1dTrqP.5fnh5fSYg6p.SelectedItemData" typea="property" valueb="" typeb="string" />
              <compare operator="noteq" valuea="6YUTD1dTrqP.5fkA17AReFk.SelectedItemData" typea="property" valueb="" typeb="string" />
            </and>
          </condition>
          <then_actions>
            <eval_interaction id="_this.62OtJ6h59zN" />
          </then_actions>
          <else_actions>
            <gotoplay window="MessageWnd" wndtype="normal">
              <objref type="string" value="_player.MsgScene_5Zxg3fY3Nhm.InvalidPromptSlide" />
            </gotoplay>
          </else_actions>
        </if_action>
      </actions>
    </actiongroup>
    <actiongroup id="ReviewInt_6YUTD1dTrqP">
      <actions>
        <set_enabled>
          <objref type="string" value="6YUTD1dTrqP.65PZbaF90jW" />
          <enabled type="boolean" value="false" />
        </set_enabled>
        <set_enabled>
          <objref type="string" value="6YUTD1dTrqP.5fnh5fSYg6p" />
          <enabled type="boolean" value="false" />
        </set_enabled>
        <set_enabled>
          <objref type="string" value="6YUTD1dTrqP.5fkA17AReFk" />
          <enabled type="boolean" value="false" />
        </set_enabled>
        <if_action>
          <condition>
            <compare operator="eq" valuea="_player.CurrentQuiz_6YUTD1dTrqP" typea="var" valueb="5WfhuQ3hw1Y" typeb="string" />
          </condition>
          <then_actions>
            <exe_actiongroup id="SetLayout_pxabnsnfns00001100101" />
            <if_action>
              <condition>
                <compare operator="eq" valuea="_player.5WfhuQ3hw1Y.Passed" typea="property" valueb="true" typeb="boolean" />
              </condition>
              <then_actions>
                <exe_actiongroup id="ReviewIntCorrectIncorrect_6YUTD1dTrqP" />
              </then_actions>
            </if_action>
            <if_action>
              <condition>
                <compare operator="eq" valuea="_player.5WfhuQ3hw1Y.Passed" typea="property" valueb="false" typeb="boolean" />
              </condition>
              <then_actions>
                <exe_actiongroup id="ReviewIntCorrectIncorrect_6YUTD1dTrqP" />
              </then_actions>
            </if_action>
          </then_actions>
        </if_action>
      </actions>
    </actiongroup>
    <actiongroup id="ReviewIntCorrectIncorrect_6YUTD1dTrqP">
      <actions />
    </actiongroup>
    <actiongroup id="AnsweredInt_6YUTD1dTrqP">
      <actions>
        <exe_actiongroup id="DisableChoices_6YUTD1dTrqP" />
        <if_action>
          <condition>
            <compare operator="eq" valuea="WindowId" typea="property" valueb="_frame" typeb="string" />
          </condition>
          <then_actions>
            <set_frame_layout name="pxabnsnfns00001100101" />
          </then_actions>
          <else_actions>
            <set_window_control_layout name="pxabnsnfns00001100101" />
          </else_actions>
        </if_action>
      </actions>
    </actiongroup>
    <actiongroup id="DisableChoices_6YUTD1dTrqP">
      <actions>
        <set_enabled>
          <objref type="string" value="6YUTD1dTrqP.65PZbaF90jW" />
          <enabled type="boolean" value="false" />
        </set_enabled>
        <set_enabled>
          <objref type="string" value="6YUTD1dTrqP.5fnh5fSYg6p" />
          <enabled type="boolean" value="false" />
        </set_enabled>
        <set_enabled>
          <objref type="string" value="6YUTD1dTrqP.5fkA17AReFk" />
          <enabled type="boolean" value="false" />
        </set_enabled>
      </actions>
    </actiongroup>
    <actiongroup id="6YUTD1dTrqP_CheckAnswered">
      <actions>
        <if_action>
          <condition>
            <compare operator="gte" valuea="62OtJ6h59zN.AttemptCount" typea="property" valueb="1" typeb="number" />
          </condition>
          <then_actions>
            <exe_actiongroup id="AnsweredInt_6YUTD1dTrqP" />
          </then_actions>
        </if_action>
      </actions>
    </actiongroup>
    <actiongroup id="SetLayout_pxabnsnfns00001100101">
      <actions>
        <if_action>
          <condition>
            <compare operator="eq" valuea="WindowId" typea="property" valueb="_frame" typeb="string" />
          </condition>
          <then_actions>
            <set_frame_layout name="pxabnsnfns00001100101" />
          </then_actions>
          <else_actions>
            <set_window_control_layout name="pxabnsnfns00001100101" />
          </else_actions>
        </if_action>
      </actions>
    </actiongroup>
    <actiongroup id="NavigationRestrictionNextSlide_6QHKwdfXGsg">
      <actions>
        <gotoplay window="_current" wndtype="normal">
          <objref type="string" value="_parent.64ru6WmRHWD" />
        </gotoplay>
      </actions>
    </actiongroup>
    <actiongroup id="NavigationRestrictionPreviousSlide_6QHKwdfXGsg">
      <actions>
        <history_prev />
      </actions>
    </actiongroup>
  </actiongroups>
  <events>
    <onbeforeslidein>
      <actions>
        <if_action>
          <condition>
            <compare operator="eq" valuea="WindowId" typea="property" valueb="_frame" typeb="string" />
          </condition>
          <then_actions>
            <set_frame_layout name="npnxnanbsnfns00001100101" />
          </then_actions>
          <else_actions>
            <set_window_control_layout name="npnxnanbsnfns00001100101" />
          </else_actions>
        </if_action>
      </actions>
    </onbeforeslidein>
    <onsubmitslide>
      <actions>
        <exe_actiongroup id="ActGrpOnSubmitButtonClick" />
      </actions>
    </onsubmitslide>
    <ontransitionin>
      <actions>
        <adjustvar variable="_player.LastSlideViewed_5Zxg3fY3Nhm" operator="set">
          <value type="string" value="_player." />
        </adjustvar>
        <adjustvar variable="_player.LastSlideViewed_5Zxg3fY3Nhm" operator="add">
          <value type="property" value="AbsoluteId" />
        </adjustvar>
        <if_action>
          <condition>
            <compare operator="eq" valuea="_player.ReviewMode_6YUTD1dTrqP" typea="var" valueb="true" typeb="boolean" />
          </condition>
          <then_actions>
            <exe_actiongroup id="ReviewInt_6YUTD1dTrqP" />
          </then_actions>
          <else_actions>
            <exe_actiongroup id="6YUTD1dTrqP_CheckAnswered" />
          </else_actions>
        </if_action>
      </actions>
    </ontransitionin>
    <onnextslide>
      <actions>
        <if_action>
          <condition>
            <compare operator="eq" valuea="_player.ReviewMode_6YUTD1dTrqP" typea="var" valueb="true" typeb="boolean" />
          </condition>
          <then_actions>
            <if_action>
              <condition>
                <compare operator="eq" valuea="_player.CurrentQuiz_6YUTD1dTrqP" typea="var" valueb="5WfhuQ3hw1Y" typeb="string" />
              </condition>
              <then_actions>
                <nextviewedslide>
                  <quizref type="string" value="_player.5WfhuQ3hw1Y" />
                  <completed_slide_ref type="string" value="_player.6RoriILyZrf.6Am9SBi3ums" />
                </nextviewedslide>
              </then_actions>
              <else_actions>
                <debug_trace message="WARNING: question is in review mode, but not for any quiz that it's a part of" />
              </else_actions>
            </if_action>
          </then_actions>
          <else_actions>
            <exe_actiongroup id="NavigationRestrictionNextSlide_6QHKwdfXGsg" />
          </else_actions>
        </if_action>
      </actions>
    </onnextslide>
    <onprevslide>
      <actions>
        <exe_actiongroup id="NavigationRestrictionPreviousSlide_6QHKwdfXGsg" />
      </actions>
    </onprevslide>
  </events>
  <background type="fill">
    <fill type="linear" rotation="90">
      <colors>
        <color rgb="0xFFFFFF" alpha="100" stop="0" />
      </colors>
    </fill>
  </background>
  <timeline duration="5000">
    <events>
      <event time="0">
        <actions>
          <show transition="appear" duration="0" direction="0">
            <objref type="string" value="6YUTD1dTrqP" />
          </show>
          <show transition="appear" duration="0" direction="0">
            <objref type="string" value="6YUTD1dTrqP.5fkA17AReFk" />
          </show>
          <show transition="appear" duration="0" direction="0">
            <objref type="string" value="6YUTD1dTrqP.5fnh5fSYg6p" />
          </show>
          <show transition="appear" duration="0" direction="0">
            <objref type="string" value="6YUTD1dTrqP.65PZbaF90jW" />
          </show>
          <show transition="appear" duration="0" direction="0">
            <objref type="string" value="6XLO1oBlltr" />
          </show>
        </actions>
      </event>
    </events>
  </timeline>
  <objects>
    <scrollarea id="6YUTD1dTrqP" width="648" height="422" resume="true" usehandcursor="true" shapemaskid="" xpos="36" ypos="80" tabindex="1" tabenabled="false" xoffset="0" yoffset="0" rotatexpos="324" rotateypos="211" xscale="100" yscale="100" alpha="100" rotation="0" depth="1" scrolling="true" shufflelock="false" contentwidth="255" contentheight="144">
      <background type="vector">
        <vectordata left="0" top="0" right="648" bottom="422" alttext="Ranking Drop-down" pngfb="false">
          <pr l="Lib" i="56" />
        </vectordata>
      </background>
      <data hotlinkid="" accstate="0">
        <html5data url="" xpos="36" ypos="80" width="648" height="422" strokewidth="0" />
      </data>
      <objects>
        <shufflegroup id="" width="0" height="0" resume="false" usehandcursor="true" shapemaskid="" xpos="0" ypos="0" tabindex="-1" tabenabled="true" xoffset="0" yoffset="0" rotatexpos="0" rotateypos="0" xscale="100" yscale="100" alpha="100" rotation="0" depth="1" scrolling="true" shufflelock="false" shuffle="false">
          <objects>
            <droplist id="5fkA17AReFk" width="255" height="26" resume="true" usehandcursor="true" shapemaskid="" xpos="0" ypos="102" tabindex="4" tabenabled="true" xoffset="0" yoffset="0" rotatexpos="127.5" rotateypos="13" xscale="100" yscale="100" alpha="100" rotation="0" depth="1" scrolling="true" shufflelock="false" shuffle="true" reviewwidth="127" reviewindex="2">
              <colors>
                <color name="item_hover">
                  <fill type="linear" rotation="90">
                    <colors>
                      <color rgb="0xADFFFF" alpha="100" stop="0" />
                    </colors>
                  </fill>
                </color>
                <color name="button_hover">
                  <fill type="linear" rotation="90">
                    <colors>
                      <color rgb="0xD5FFFF" alpha="100" stop="0" />
                    </colors>
                  </fill>
                </color>
                <color name="review_text">
                  <fill type="linear" rotation="0">
                    <colors>
                      <color rgb="0x000000" alpha="100" stop="0" />
                    </colors>
                  </fill>
                </color>
              </colors>
              <data hotlinkid="" accstate="0">
                <textdata uniqueId="txt2_5fkA17AReFk" type="vectortext" alttext="--Select--" xpos="0" ypos="0" width="0" height="0" shadowindex="-1">
                  <vectortext left="0" top="0" right="69" bottom="24" pngfb="false">
                    <pr l="Lib" i="83" />
                  </vectortext>
                </textdata>
                <itemlist>
                  <item hotlinkid="" accstate="0" itemdata="choices.choice_65PZbaF90jW">
                    <textdata uniqueId="txt_65PZbaF90jW_-1214648387" type="vectortext" alttext="Drop Down 1" xpos="0" ypos="0" width="0" height="0" shadowindex="-1">
                      <vectortext left="0" top="0" right="110" bottom="24" pngfb="false">
                        <pr l="Lib" i="140" />
                      </vectortext>
                    </textdata>
                  </item>
                  <item hotlinkid="" accstate="0" itemdata="choices.choice_5fnh5fSYg6p">
                    <textdata uniqueId="txt_5fnh5fSYg6p_341081669" type="vectortext" alttext="Drop Down 2" xpos="0" ypos="0" width="0" height="0" shadowindex="-1">
                      <vectortext left="0" top="0" right="110" bottom="24" pngfb="false">
                        <pr l="Lib" i="141" />
                      </vectortext>
                    </textdata>
                  </item>
                  <item hotlinkid="" accstate="0" itemdata="choices.choice_5fkA17AReFk">
                    <textdata uniqueId="txt_5fkA17AReFk_589378469" type="vectortext" alttext="Drop Down 3" xpos="0" ypos="0" width="0" height="0" shadowindex="-1">
                      <vectortext left="0" top="0" right="110" bottom="24" pngfb="false">
                        <pr l="Lib" i="142" />
                      </vectortext>
                    </textdata>
                  </item>
                </itemlist>
              </data>
            </droplist>
            <droplist id="5fnh5fSYg6p" width="255" height="26" resume="true" usehandcursor="true" shapemaskid="" xpos="0" ypos="56" tabindex="3" tabenabled="true" xoffset="0" yoffset="0" rotatexpos="127.5" rotateypos="13" xscale="100" yscale="100" alpha="100" rotation="0" depth="2" scrolling="true" shufflelock="false" shuffle="true" reviewwidth="127" reviewindex="1">
              <colors>
                <color name="item_hover">
                  <fill type="linear" rotation="90">
                    <colors>
                      <color rgb="0xADFFFF" alpha="100" stop="0" />
                    </colors>
                  </fill>
                </color>
                <color name="button_hover">
                  <fill type="linear" rotation="90">
                    <colors>
                      <color rgb="0xD5FFFF" alpha="100" stop="0" />
                    </colors>
                  </fill>
                </color>
                <color name="review_text">
                  <fill type="linear" rotation="0">
                    <colors>
                      <color rgb="0x000000" alpha="100" stop="0" />
                    </colors>
                  </fill>
                </color>
              </colors>
              <data hotlinkid="" accstate="0">
                <textdata uniqueId="txt2_5fkA17AReFk" type="vectortext" alttext="--Select--" xpos="0" ypos="0" width="0" height="0" shadowindex="-1">
                  <vectortext left="0" top="0" right="69" bottom="24" pngfb="false">
                    <pr l="Lib" i="83" />
                  </vectortext>
                </textdata>
                <itemlist>
                  <item hotlinkid="" accstate="0" itemdata="choices.choice_65PZbaF90jW">
                    <textdata uniqueId="txt_65PZbaF90jW_-1214648387" type="vectortext" alttext="Drop Down 1" xpos="0" ypos="0" width="0" height="0" shadowindex="-1">
                      <vectortext left="0" top="0" right="110" bottom="24" pngfb="false">
                        <pr l="Lib" i="140" />
                      </vectortext>
                    </textdata>
                  </item>
                  <item hotlinkid="" accstate="0" itemdata="choices.choice_5fnh5fSYg6p">
                    <textdata uniqueId="txt_5fnh5fSYg6p_341081669" type="vectortext" alttext="Drop Down 2" xpos="0" ypos="0" width="0" height="0" shadowindex="-1">
                      <vectortext left="0" top="0" right="110" bottom="24" pngfb="false">
                        <pr l="Lib" i="141" />
                      </vectortext>
                    </textdata>
                  </item>
                  <item hotlinkid="" accstate="0" itemdata="choices.choice_5fkA17AReFk">
                    <textdata uniqueId="txt_5fkA17AReFk_589378469" type="vectortext" alttext="Drop Down 3" xpos="0" ypos="0" width="0" height="0" shadowindex="-1">
                      <vectortext left="0" top="0" right="110" bottom="24" pngfb="false">
                        <pr l="Lib" i="142" />
                      </vectortext>
                    </textdata>
                  </item>
                </itemlist>
              </data>
            </droplist>
            <droplist id="65PZbaF90jW" width="255" height="26" resume="true" usehandcursor="true" shapemaskid="" xpos="0" ypos="10" tabindex="2" tabenabled="true" xoffset="0" yoffset="0" rotatexpos="127.5" rotateypos="13" xscale="100" yscale="100" alpha="100" rotation="0" depth="3" scrolling="true" shufflelock="false" shuffle="true" reviewwidth="127" reviewindex="0">
              <colors>
                <color name="item_hover">
                  <fill type="linear" rotation="90">
                    <colors>
                      <color rgb="0xADFFFF" alpha="100" stop="0" />
                    </colors>
                  </fill>
                </color>
                <color name="button_hover">
                  <fill type="linear" rotation="90">
                    <colors>
                      <color rgb="0xD5FFFF" alpha="100" stop="0" />
                    </colors>
                  </fill>
                </color>
                <color name="review_text">
                  <fill type="linear" rotation="0">
                    <colors>
                      <color rgb="0x000000" alpha="100" stop="0" />
                    </colors>
                  </fill>
                </color>
              </colors>
              <data hotlinkid="" accstate="0">
                <textdata uniqueId="txt2_5fkA17AReFk" type="vectortext" alttext="--Select--" xpos="0" ypos="0" width="0" height="0" shadowindex="-1">
                  <vectortext left="0" top="0" right="69" bottom="24" pngfb="false">
                    <pr l="Lib" i="83" />
                  </vectortext>
                </textdata>
                <itemlist>
                  <item hotlinkid="" accstate="0" itemdata="choices.choice_65PZbaF90jW">
                    <textdata uniqueId="txt_65PZbaF90jW_-1214648387" type="vectortext" alttext="Drop Down 1" xpos="0" ypos="0" width="0" height="0" shadowindex="-1">
                      <vectortext left="0" top="0" right="110" bottom="24" pngfb="false">
                        <pr l="Lib" i="140" />
                      </vectortext>
                    </textdata>
                  </item>
                  <item hotlinkid="" accstate="0" itemdata="choices.choice_5fnh5fSYg6p">
                    <textdata uniqueId="txt_5fnh5fSYg6p_341081669" type="vectortext" alttext="Drop Down 2" xpos="0" ypos="0" width="0" height="0" shadowindex="-1">
                      <vectortext left="0" top="0" right="110" bottom="24" pngfb="false">
                        <pr l="Lib" i="141" />
                      </vectortext>
                    </textdata>
                  </item>
                  <item hotlinkid="" accstate="0" itemdata="choices.choice_5fkA17AReFk">
                    <textdata uniqueId="txt_5fkA17AReFk_589378469" type="vectortext" alttext="Drop Down 3" xpos="0" ypos="0" width="0" height="0" shadowindex="-1">
                      <vectortext left="0" top="0" right="110" bottom="24" pngfb="false">
                        <pr l="Lib" i="142" />
                      </vectortext>
                    </textdata>
                  </item>
                </itemlist>
              </data>
            </droplist>
          </objects>
        </shufflegroup>
      </objects>
    </scrollarea>
    <vectorshape id="6XLO1oBlltr" width="648" height="44" resume="true" usehandcursor="true" shapemaskid="" xpos="36" ypos="22" tabindex="0" tabenabled="true" xoffset="0" yoffset="0" rotatexpos="324" rotateypos="22" xscale="100" yscale="100" alpha="100" rotation="0" depth="2" scrolling="true" shufflelock="false" acctype="text" cliptobounds="false" defaultaction="">
      <data hotlinkid="" accstate="0">
        <vectordata left="0" top="0" right="648" bottom="44" alttext="Rank Drop Down" pngfb="false">
          <pr l="Lib" i="11" />
        </vectordata>
        <html5data xpos="-1" ypos="-1" width="649" height="45" strokewidth="0" />
      </data>
      <textlib>
        <textdata uniqueId="6XLO1oBlltr_662896657" id="01" linkid="txt__default_6XLO1oBlltr" type="vectortext" xpos="0" ypos="0" width="0" height="0" shadowindex="-1">
          <vectortext left="0" top="0" right="204" bottom="39" pngfb="false">
            <pr l="Lib" i="143" />
          </vectortext>
        </textdata>
      </textlib>
    </vectorshape>
    <vectorshape id="6YUTD1dTrqP_CorrectReview" width="720" height="40" resume="false" usehandcursor="true" shapemaskid="" xpos="0" ypos="500" tabindex="5" tabenabled="true" xoffset="0" yoffset="0" rotatexpos="360" rotateypos="20" xscale="100" yscale="100" alpha="100" rotation="0" depth="3" scrolling="true" shufflelock="false" acctype="text" cliptobounds="false" defaultaction="">
      <events>
        <onrelease>
          <actions>
            <hide transition="appear" duration="0" direction="0">
              <objref type="string" value="_this" />
            </hide>
          </actions>
        </onrelease>
      </events>
      <data hotlinkid="" accstate="0">
        <vectordata left="-1" top="-1" right="720" bottom="40" alttext="Correct" pngfb="false">
          <pr l="Lib" i="13" />
        </vectordata>
      </data>
      <textlib>
        <textdata uniqueId="6YUTD1dTrqP_CorrectReview" id="01" linkid="6YUTD1dTrqP_CorrectReview" type="vectortext" xpos="0" ypos="0" width="0" height="0" shadowindex="-1">
          <vectortext left="0" top="0" right="400" bottom="37" pngfb="false">
            <pr l="Lib" i="14" />
          </vectortext>
        </textdata>
      </textlib>
    </vectorshape>
    <vectorshape id="6YUTD1dTrqP_IncorrectReview" width="720" height="40" resume="false" usehandcursor="true" shapemaskid="" xpos="0" ypos="500" tabindex="6" tabenabled="true" xoffset="0" yoffset="0" rotatexpos="360" rotateypos="20" xscale="100" yscale="100" alpha="100" rotation="0" depth="4" scrolling="true" shufflelock="false" acctype="text" cliptobounds="false" defaultaction="">
      <events>
        <onrelease>
          <actions>
            <hide transition="appear" duration="0" direction="0">
              <objref type="string" value="_this" />
            </hide>
          </actions>
        </onrelease>
      </events>
      <data hotlinkid="" accstate="0">
        <vectordata left="-1" top="-1" right="720" bottom="40" alttext="Incorrect" pngfb="false">
          <pr l="Lib" i="15" />
        </vectordata>
      </data>
      <textlib>
        <textdata uniqueId="6YUTD1dTrqP_IncorrectReview" id="01" linkid="6YUTD1dTrqP_IncorrectReview" type="vectortext" xpos="0" ypos="0" width="0" height="0" shadowindex="-1">
          <vectortext left="0" top="0" right="409" bottom="37" pngfb="false">
            <pr l="Lib" i="16" />
          </vectortext>
        </textdata>
      </textlib>
    </vectorshape>
  </objects>
  <presenterref id="none" />
</slide>