﻿[{"start":5.83,"end":6.899,"text":"¡Hola! Soy Barbara Evers."},{"start":7.2,"end":8.969,"text":"He estado enseñando<br />Microsoft Office por unos 25"},{"start":9.39,"end":10.35,"text":"a 30 años."},{"start":10.73,"end":11.91,"text":"Soy Christina Tankersley"},{"start":11.94,"end":13.77,"text":"y estoy aquí para aprender sobre Excel."},{"start":14.13,"end":16.65,"text":"Oh, genial. Vamos a estar<br />hablando de Excel 2016"},{"start":16.68,"end":17.17,"text":"hoy."},{"start":17.73,"end":19.62,"text":"Y Christina antes de que comencemos"},{"start":19.68,"end":20.909,"text":"tengamos un vocabulario común."},{"start":21.48,"end":23.219,"text":"Bien, hagámoslo. Entonces, antes que nada"},{"start":23.4,"end":25.049,"text":"hablemos de qué es Excel."},{"start":25.35,"end":26.49,"text":"Excel es una hoja de cálculo."},{"start":26.55,"end":27.629,"text":"Ahora que sabes al respecto"},{"start":27.81,"end":29.76,"text":"o cómo usaste Excel<br />en el pasado."},{"start":29.82,"end":31.319,"text":"Por lo general, voy a excel"},{"start":31.98,"end":33.84,"text":"cuando quiero organizar números"},{"start":33.9,"end":34.21,"text":"OK."},{"start":34.83,"end":36.629,"text":"Así que eso es generalmente a lo que iría a"},{"start":36.78,"end":37.139,"text":"hacer en Excel"},{"start":37.62,"end":38.399,"text":"y poner algunos números"},{"start":38.82,"end":40.019,"text":"y sumarlos y restarlos"},{"start":40.2,"end":40.95,"text":"y ese tipo de cosas."},{"start":41.16,"end":42.809,"text":"Por supuesto. Eso es principalmente para lo que Excel"},{"start":43.26,"end":44.13,"text":"está ahí."},{"start":44.25,"end":45.269,"text":"Queremos manipular nuestros números,"},{"start":45.69,"end":47.49,"text":"realizar cálculos en nuestros números,"},{"start":47.88,"end":48.449,"text":"y también funciona"},{"start":48.81,"end":49.169,"text":"con fechas"},{"start":49.65,"end":50.939,"text":"y a veces podemos manipular"},{"start":51.57,"end":51.959,"text":"fechas y horarios"},{"start":52.44,"end":54.239,"text":"y hacer fórmulas que nos permitan"},{"start":54.39,"end":55.949,"text":"saber cuántos<br />días hay entre ciertas"},{"start":56.28,"end":57.42,"text":"fechas, por ejemplo."},{"start":58.17,"end":59.73,"text":"Lo usamos para rastrear datos"},{"start":60.27,"end":62.069,"text":"y manipular los datos de"},{"start":62.19,"end":63.3,"text":" alguna manera, aspecto o forma."},{"start":63.72,"end":65.669,"text":"Ahora hablemos de la<br />ventana de Excel que"},{"start":65.67,"end":66.85,"text":"tengo abierta ya."},{"start":66.86,"end":68.579,"text":"Bien. Entonces, vamos<br />a comenzar aquí en la parte"},{"start":68.67,"end":70.68,"text":"de arriba y avanzar en nuestro camino hacia abajo."},{"start":71.07,"end":72.869,"text":"Primero que nada tenemos<br />algo llamado Barra de"},{"start":73.14,"end":74.13,"text":"de herramientas de acceso rápido."},{"start":74.49,"end":76.049,"text":"La barra de herramientas de acceso rápido solo nos da"},{"start":76.35,"end":77.999,"text":" acceso rápido a<br />algunas de las características,"},{"start":78.51,"end":80.7,"text":"algunas de las funciones que están<br />disponibles en Excel."},{"start":81.02,"end":82.98,"text":"Ahora solo voy a decirte<br />lo que son ahora."},{"start":83.25,"end":83.939,"text":"Más tarde volveremos"},{"start":84.27,"end":86.19,"text":"y exploraremos cada una de<br />estas áreas con un poco más"},{"start":86.22,"end":86.91,"text":"de profundidad. Ok."},{"start":87.48,"end":88.26,"text":"Solo para que sepas,"},{"start":88.32,"end":90.104,"text":"arriba está lo que<br />llamamos la barra de título"},{"start":90.39,"end":92.1,"text":"donde dice Libro1 - Excel."},{"start":92.49,"end":94.229,"text":"Si tuviéramos un archivo real abierto en el que"},{"start":94.35,"end":96.059,"text":"estuvieras trabajando no diría"},{"start":96.27,"end":98.23,"text":"Libro 1 diría el nombre<br />del archivo allí."},{"start":98.46,"end":100.55,"text":"Bien. Ahora justo debajo<br />de la barra de título"},{"start":100.62,"end":101.61,"text":"tenemos la cinta."},{"start":102.06,"end":104,"text":"Y notarás que la cinta<br />tiene varias pestañas:"},{"start":104.01,"end":105.09,"text":"Archivo, Inicio,"},{"start":105.24,"end":105.81,"text":"Insertar,"},{"start":106.08,"end":108.27,"text":"Diseño de página. Y cuando hago clic en ellas"},{"start":108.63,"end":110.82,"text":"verás que hay diferentes<br />opciones disponibles."},{"start":111.09,"end":111.359,"text":"Estas son  las funciones"},{"start":111.9,"end":113.82,"text":"y características disponibles para ti"},{"start":114.18,"end":115.049,"text":"dentro de un libro de trabajo."},{"start":115.4,"end":116.849,"text":"OK. En Microsoft Office"},{"start":117.3,"end":119.31,"text":"aquí a la derecha<br />tenemos los botones de"},{"start":119.79,"end":121.499,"text":" minimizar, restaurar"},{"start":121.86,"end":122.25,"text":"y cerrar."},{"start":122.7,"end":124.019,"text":"¿Qué recuerdas sobre los<br />botones de minimizar?"},{"start":124.36,"end":125.76,"text":"Oh, solo lo hace más pequeño."},{"start":125.82,"end":126.15,"text":"Correcto."},{"start":126.21,"end":127.2,"text":"Cuando hago clic en él,"},{"start":127.44,"end":128.909,"text":"lo disminuye aquí en mi barra"},{"start":129.285,"end":130.739,"text":"de tareas y simplemente hacemos clic de nuevo"},{"start":131.07,"end":132.09,"text":"y lo trae de regreso."},{"start":132.75,"end":133.92,"text":"Tengo el botón restaurar,"},{"start":134.22,"end":134.849,"text":"que si estoy trabajando"},{"start":135.09,"end":136.499,"text":"con varias ventanas en<br />la pantalla a veces,"},{"start":137.07,"end":138.689,"text":"necesito ver más de<br />una ventana así que"},{"start":138.9,"end":139.92,"text":"puedo restaurar,"},{"start":140.16,"end":141.6,"text":"hace las ventanas más pequeñas."},{"start":141.87,"end":143.519,"text":"Fíjate que ahora tengo un cuadrado"},{"start":143.91,"end":144.539,"text":"antes tenía dos."},{"start":144.765,"end":146.549,"text":"OK. Si hago clic en el cuadrado,"},{"start":146.64,"end":148.11,"text":"maximiza mi ventana."},{"start":148.26,"end":149.28,"text":"Ahora tengo los dos cuadrados,"},{"start":149.31,"end":150.18,"text":"esa es la restauración."},{"start":150.72,"end":152.519,"text":"Y por supuesto, la X no<br />voy a hacer clic en ella"},{"start":152.76,"end":154.109,"text":"en este momento porque<br />no tengo ganas de cerrar"},{"start":154.62,"end":156.72,"text":"Excel pero cerraría<br />la ventana de Excel."},{"start":156.97,"end":158.759,"text":"OK. Justo aquí debajo me dice"},{"start":158.91,"end":160.589,"text":"con las computadora de quienes estamos trabajando, quién"},{"start":160.77,"end":162.359,"text":"posee esta versión<br />particular de Microsoft"},{"start":162.9,"end":163.38,"text":"Office."},{"start":163.8,"end":165.299,"text":"Y luego, esto<br />último es compartir"},{"start":165.72,"end":167.339,"text":"y observa que nos dice en la herramientas de Sugerencia ver"},{"start":167.58,"end":168.089,"text":"quien esta en este documento"},{"start":168.51,"end":169.74,"text":"y tengo opciones para compartir."},{"start":169.98,"end":172.17,"text":"OK. Ahora justo debajo de aquí"},{"start":172.59,"end":173.4,"text":"tenemos la cinta."},{"start":174.45,"end":175.979,"text":"Tenemos varias pestañas en la cinta,"},{"start":176.25,"end":177.33,"text":"Archivo, Inicio."},{"start":177.78,"end":179.549,"text":"Normalmente cuando<br />abres Excel estás en la"},{"start":179.67,"end":180.42,"text":"Pestaña de inicio."},{"start":180.99,"end":182.73,"text":"Tiene Insertar"},{"start":182.82,"end":183.77,"text":"y diseño de página"},{"start":183.78,"end":184.5,"text":"Etcétera."},{"start":185.01,"end":186.92,"text":"Aquí es donde vas a encontrar la<br />mayoría de las características,"},{"start":186.93,"end":188.429,"text":"la mayor parte de las funcionalidades dentro"},{"start":188.79,"end":189.45,"text":"Excel."},{"start":189.75,"end":191.099,"text":"Me va a permitir manipular"},{"start":191.73,"end":192.989,"text":"datos, editar datos,"},{"start":193.38,"end":194.55,"text":" formatear datos,"},{"start":195.24,"end":196.2,"text":" crear datos."},{"start":196.68,"end":198.42,"text":"Entonces todo eso se encuentra aquí."},{"start":198.78,"end":200.399,"text":"Christina uno de los<br />elementos que están aquí"},{"start":200.82,"end":202.86,"text":"en la esquina derecha que"},{"start":203.07,"end":203.669,"text":"podría no ser tan familiar"},{"start":204.12,"end":205.649,"text":"con este botón"},{"start":205.95,"end":207.69,"text":"donde me da opciones<br />para mi cinta."},{"start":207.9,"end":208.35,"text":"OK."},{"start":208.95,"end":211.07,"text":"A algunas personas les gusta tener<br />la cinta visible todo el tiempo"},{"start":211.08,"end":212.789,"text":"y a algunas personas no. Si hago clic allí,"},{"start":212.91,"end":214.17,"text":"puedo ocultar automáticamente la cinta."},{"start":214.5,"end":216.029,"text":"Y lo que sucede es que solo aparece"},{"start":216.54,"end":217.8,"text":"cuando muevo mi mouse hacia arriba."},{"start":218.46,"end":219.809,"text":"Puedo decirle que solo me<br />muestre las pestañas"},{"start":220.35,"end":221.009,"text":"o mostrar las pestañas"},{"start":221.34,"end":223.62,"text":"y comandos. Entonces, por ejemplo,<br />si hago clic en Mostrar pestañas,"},{"start":224.1,"end":225.779,"text":"fíjate que tengo"},{"start":226.08,"end":226.559,"text":"los nombres de las pestañas."},{"start":227.04,"end":228.149,"text":"Si hago clic en ellas<br />aparece la cinta,"},{"start":228.75,"end":230.55,"text":"pero si regreso a<br />mi hoja de cálculo"},{"start":230.58,"end":231.69,"text":"se esconde de nuevo"},{"start":232.26,"end":234.09,"text":"si uso ocultar cinta automaticamente,"},{"start":234.36,"end":235.65,"text":"todo desaparece."},{"start":236.07,"end":237.21,"text":"Y luego si me muevo aquí"},{"start":237.24,"end":239.22,"text":"y hago clic en aparece de nuevo"},{"start":239.91,"end":240.24,"text":"en juego."},{"start":240.42,"end":240.72,"text":"OK."},{"start":241.5,"end":242.519,"text":"Y por supuesto puedo hacer clic aquí"},{"start":242.7,"end":243.569,"text":"y mostrar pestañas"},{"start":243.96,"end":245.549,"text":"y comandos. Y para nuestros<br />propósitos mientras"},{"start":245.79,"end":247.349,"text":"estamos instruyendo lo más"},{"start":247.68,"end":248.429,"text":"importante es tener esas pestañas"},{"start":248.73,"end":249.63,"text":"y comandos visibles."},{"start":250.82,"end":252.479,"text":"Ahora veamos la hoja de<br />cálculo cómo se"},{"start":252.72,"end":254.219,"text":"presenta. Antes que nada, debes<br />saber que las hojas de cálculo"},{"start":254.79,"end":255.389,"text":"se presentan en columnas"},{"start":255.93,"end":257.219,"text":"y filas. Las columnas son designadas"},{"start":257.79,"end":259.56,"text":"por las letras A B C D."},{"start":260.13,"end":263.48,"text":"Hay aproximadamente 16000"},{"start":263.52,"end":264.97,"text":"columnas, un poco más que eso."},{"start":265.03,"end":266.819,"text":"Guau. Entonces cuando llego a Z solo"},{"start":267,"end":268.74,"text":"comienza a etiquetar,"},{"start":268.86,"end":269.69,"text":"A-A,"},{"start":269.78,"end":271.13,"text":"A-B, A-C,"},{"start":271.22,"end":272.254,"text":"y así todo y luego B-A,"},{"start":272.612,"end":273.42,"text":"B-B, B."},{"start":273.84,"end":274.609,"text":"Etcétera. OK."},{"start":274.9,"end":276.42,"text":"Son más de 16000 de ellas."},{"start":276.99,"end":277.439,"text":"Tienes filas,"},{"start":277.955,"end":278.469,"text":"uno dos,"},{"start":278.77,"end":279.57,"text":"tres cuatro,"},{"start":279.87,"end":281.73,"text":"y hay más de un millón de filas."},{"start":282.39,"end":283.44,"text":"Eso es mucho espacio."},{"start":283.56,"end":285,"text":"Eso es mucha información."},{"start":285.72,"end":287.58,"text":"La sección transversal de una"},{"start":287.7,"end":289.62,"text":"columna y una fila se llama una celda."},{"start":290.19,"end":292.8,"text":"Así que acabo de hacer clic en la celda D2."},{"start":293.31,"end":295.11,"text":"Correcto. ¿Cómo sé que es D2?"},{"start":295.15,"end":296.22,"text":"Estoy en la columna D,"},{"start":296.25,"end":297.24,"text":"Estoy en la fila 2."},{"start":297.75,"end":298.829,"text":"También tengo arriba de la A,"},{"start":299.285,"end":300.51,"text":"el nombre del cuadro"},{"start":300.81,"end":302.94,"text":"y me dirá dónde estoy<br />en la hoja de cálculo."},{"start":302.97,"end":304.619,"text":"Ok. Entonces me muestra la ubicación."},{"start":305.375,"end":307.159,"text":"Ahora la mayor parte del tiempo esa"},{"start":307.34,"end":308.75,"text":"va a ser una referencia de celda,"},{"start":308.78,"end":310.219,"text":"pero también puedes nombrar rangos"},{"start":310.68,"end":312.89,"text":"de datos, de los que<br />hablaremos en un momento."},{"start":312.95,"end":315.14,"text":"OK. Y puedes ver en cambio"},{"start":315.2,"end":316.79,"text":"el nombre de la gama aquí."},{"start":318.11,"end":319.16,"text":"A la derecha de esto"},{"start":320.18,"end":321.53,"text":"tenemos la barra de fórmulas"},{"start":322.01,"end":323.749,"text":"y simplemente escribes<br />algo en el teclado"},{"start":323.99,"end":324.23,"text":"aquí. Bien."},{"start":330.98,"end":332.71,"text":"OK, entonces voy a"},{"start":332.83,"end":334.93,"text":"alejarme de esa celda<br />por un momento"},{"start":335.29,"end":337.059,"text":"y notarás que dice"},{"start":337.33,"end":337.779,"text":"este es un encabezado"},{"start":338.17,"end":339.939,"text":"Si hago clic atrás en la<br />celda en la que estaba,"},{"start":340.3,"end":341.919,"text":"la barra de fórmulas me muestra lo que"},{"start":342.16,"end":342.91,"text":"está en esa celda"},{"start":343.39,"end":345.189,"text":"Esto no es siempre lo que"},{"start":345.31,"end":346.389,"text":"ves, es lo que obtienes sin embargo."},{"start":346.525,"end":348.309,"text":"OK. Vas a averiguar<br />cuándo comenzamos"},{"start":348.58,"end":350.71,"text":"viendo las fórmulas de las que<br />obtendrás resultados"},{"start":350.74,"end":352.509,"text":"o la respuesta a la fórmula en la"},{"start":352.6,"end":353.23,"text":"celda."},{"start":353.62,"end":355.089,"text":"Pero verás en la barra de"},{"start":355.48,"end":357.009,"text":"fórmula siempre lo que se ingrese"},{"start":357.46,"end":359.62,"text":"en esa celda por lo que<br />puede que aparezca una"},{"start":359.68,"end":360.13,"text":"fórmula"},{"start":360.61,"end":362.109,"text":"y una respuesta real aquí"},{"start":362.44,"end":363.519,"text":"en la celda una vez que trabajemos"},{"start":364.24,"end":364.96,"text":"con las fórmulas.OK."},{"start":366.73,"end":368.74,"text":"Abajo, tenemos hojas de pestañas"},{"start":369.43,"end":371.71,"text":"y una hoja de cálculo que puede estar"},{"start":371.92,"end":373.089,"text":"compuesta de varias pestañas."},{"start":373.39,"end":374.079,"text":"Así que esta es una hoja de trabajo,"},{"start":374.62,"end":375.55,"text":"Hoja de trabajo 1."},{"start":375.88,"end":377.12,"text":"Y mira que tengo la hoja 2."},{"start":377.14,"end":378.579,"text":"Tenemos un pequeño signo<br />más aquí con el que puedo agregar"},{"start":378.97,"end":379.9,"text":"otras hojas de trabajo."},{"start":379.94,"end":380.71,"text":"Oh eso está bien."},{"start":380.83,"end":383.26,"text":"Las Múltiples hojas de trabajo<br />componen un libro de trabajo,"},{"start":383.53,"end":385.329,"text":"por lo que puedes tener una hoja de trabajo llamada"},{"start":385.57,"end":387.354,"text":"Cuatrimestre uno, una hoja de<br />trabajo llamada Cuatrimestre dos,"},{"start":387.73,"end":388.99,"text":"Cuatrimestre tres, Cuatrimestre cuatro"},{"start":389.32,"end":390.759,"text":"y todo el asunto en<br />conjunto sería el seguimiento"},{"start":391.21,"end":392.26,"text":"de los datos de un año."},{"start":392.41,"end":393.909,"text":"OK bien, eso me ayuda a organizar"},{"start":394.39,"end":395.2,"text":"mi informacion."},{"start":395.32,"end":395.68,"text":"Claro, sí."},{"start":396.31,"end":398.68,"text":"Y si tienes mucha información,<br />las barras de desplazamiento"},{"start":398.74,"end":400.03,"text":"te serán útiles."},{"start":400.33,"end":402.19,"text":"Tenemos una barra de desplazamiento hacia arriba y hacia abajo,"},{"start":402.46,"end":404.169,"text":"entonces puedo desplazarme hacia abajo en"},{"start":404.29,"end":405.13,"text":"la hoja de cálculo"},{"start":407.05,"end":407.86,"text":"o desplazarse hacia arriba"},{"start":410.66,"end":412.49,"text":"y puedo desplazarme hacia la derecha"},{"start":413.69,"end":415.219,"text":"o a la izquierda usando la barra"},{"start":415.76,"end":416.78,"text":"horizontal de desplazamiento. Ok."},{"start":418.58,"end":420.38,"text":"Debajo tenemos la barra de estado."},{"start":420.41,"end":422.62,"text":"Nos dice en qué estado"},{"start":422.63,"end":423.65,"text":"está la hoja de cálculo"},{"start":423.71,"end":425.5,"text":"y también nos da una opción de vista."},{"start":425.67,"end":427.4,"text":"Entonces, estamos en una vista normal en este momento."},{"start":427.7,"end":429.74,"text":"Más adelante veremos algunas<br />de estas otras vistas."},{"start":430.19,"end":432.19,"text":"Y si tu visión se ve forzada"},{"start":432.2,"end":433.829,"text":"como la mía, que a veces resulta un"},{"start":434.155,"end":436.28,"text":"poco pequeña. Siempre puedes<br />usar tu control de zoom."},{"start":436.49,"end":437.659,"text":"Ahora ¿eso cambia la fuente,"},{"start":438.455,"end":440.119,"text":"o? No, solo cambia cómo"},{"start":440.27,"end":441.32,"text":"lo ves en la pantalla."},{"start":441.35,"end":442.89,"text":"Nota cómo lo estoy acercando."},{"start":443.35,"end":444.739,"text":"Ok. Pero no"},{"start":445.28,"end":446.179,"text":"cambia cómo se imprime"},{"start":446.69,"end":447.95,"text":"o algo por el estilo."},{"start":447.98,"end":449.659,"text":"Solo está cambiando tu vista en"},{"start":449.87,"end":450.56,"text":"esta pantalla."},{"start":452.6,"end":454.88,"text":"Bueno. Y lo último que quiero<br />mostrarte en este módulo"},{"start":454.91,"end":456.619,"text":"es una opción llamada Seleccionar"},{"start":457.04,"end":457.52,"text":"Todas."},{"start":457.97,"end":459.689,"text":"Está justo aquí al lado de la A"},{"start":459.88,"end":460.77,"text":"y encima del uno."},{"start":460.79,"end":461.81,"text":"Si hago clic allí,"},{"start":461.87,"end":463.91,"text":"selecciona la hoja de trabajo completa."},{"start":464.33,"end":466.099,"text":"Entonces notaste porque estábamos<br />viendo las pestañas de la hoja"},{"start":466.44,"end":466.86,"text":"hace un momento,"},{"start":467.3,"end":468.5,"text":"que estoy en la Hoja 2"},{"start":468.8,"end":470.52,"text":"y acabo de seleccionar<br />todo de la hoja dos."},{"start":470.66,"end":472.36,"text":"Pero si vengo aquí y<br />hago clic en la Hoja 1,"},{"start":472.76,"end":475.13,"text":"todavía estamos en la celda D6 de"},{"start":475.19,"end":475.76,"text":"la Hoja 1."},{"start":475.99,"end":476.38,"text":"OK."},{"start":476.96,"end":478.279,"text":"Entonces cuando Seleccciono Todo,"},{"start":478.49,"end":480.53,"text":"ese podría ser un buen momento para"},{"start":480.59,"end":481.97,"text":"cambiar la fuente de todo"},{"start":482.15,"end":483.74,"text":"o cambia el color."},{"start":484.15,"end":485.05,"text":"Tú podrías,"},{"start":485.42,"end":486.949,"text":"sin embargo, acabas<br />de aplicar una fuente"},{"start":487.31,"end":489.29,"text":"o color a cada celda"},{"start":489.41,"end":490.109,"text":"de ese libro de trabajo,"},{"start":490.465,"end":492.83,"text":"y recuerda que hay más<br />de 16000 columnas"},{"start":493.25,"end":494.74,"text":"y más de un millón de filas."},{"start":494.75,"end":496.399,"text":"Esa es una gran cantidad de datos que estás almacenando"},{"start":496.88,"end":499.26,"text":"en tu hoja de cálculo que<br />tal vez no necesites."},{"start":499.28,"end":500.96,"text":"Así que ten cuidado al usar eso."},{"start":501.07,"end":502.699,"text":"Ok. Pero si estás tratando de tener toda"},{"start":502.94,"end":504.44,"text":"de tu información destacada,"},{"start":505.34,"end":506.72,"text":"y lo necesitas para"},{"start":507.56,"end":509.39,"text":"otros fines tal vez para"},{"start":510.32,"end":511.169,"text":"eliminarlo todo. Yo no,"},{"start":511.245,"end":512.989,"text":"ya sabes, o eliminar el formato de"},{"start":513.2,"end":515.09,"text":"todo entonces podría<br />ser un buen uso."},{"start":515.179,"end":515.359,"text":"OK."},{"start":516.679,"end":518.209,"text":"Entonces Christina, esa<br />es la interfaz de usuario"},{"start":518.72,"end":520.67,"text":"para Excel. Y en nuestro próximo módulo,"},{"start":520.76,"end":522.41,"text":"vamos a ver como navegar"},{"start":522.5,"end":523.699,"text":"y a usarla un poco más."},{"start":524.21,"end":524.73,"text":"¡Bien, excelente!"}]