﻿[{"start":6.1,"end":7.809,"text":"Christine, muchas veces<br />las personas están más"},{"start":8.26,"end":9.879,"text":"interesadas en el archivo"},{"start":10.33,"end":11.38,"text":"que es parte de la cinta."},{"start":11.77,"end":12.459,"text":"Pero si hago clic allí,"},{"start":12.64,"end":14.27,"text":"fíjate que es un poco diferente."},{"start":14.36,"end":15.25,"text":"Wow, es muy diferente!"},{"start":15.43,"end":17.35,"text":"Esto es lo que llamamos Vista de Backstage."},{"start":17.92,"end":19.689,"text":"La vista de Backstage contiene"},{"start":19.78,"end":22,"text":"muchas de las características que"},{"start":22.06,"end":23.439,"text":"en las versiones anteriores de Excel"},{"start":23.89,"end":25.99,"text":"estaban en el menú Archivo<br />en su mayor parte."},{"start":26.71,"end":27.879,"text":"Ok. Tienes para nuevo"},{"start":28.41,"end":29.29,"text":"y abrir,"},{"start":29.47,"end":30.85,"text":"para guardar y guardar como."},{"start":31.45,"end":33.219,"text":"Hay muchas otras funciones aquí."},{"start":33.46,"end":35.139,"text":"Una de las áreas que<br />probablemente usarás"},{"start":35.38,"end":37.089,"text":"un buen rato son las<br />Opciones porque puedes"},{"start":37.21,"end":38.919,"text":"entrar y establecer todo tipo de"},{"start":39.04,"end":40.45,"text":"características y funciones allí."},{"start":41.05,"end":42.91,"text":"Pero solo quería hacerte<br />consciente de ello."},{"start":43.01,"end":44.799,"text":"Ok. Y también<br />porque se ve un poco"},{"start":45.04,"end":45.88,"text":"un poco diferente."},{"start":46.51,"end":48.66,"text":"¿Cómo salimos de la Vista de"},{"start":48.71,"end":50.139,"text":"Backstage? ¿Puedes hacer una"},{"start":50.8,"end":52.569,"text":"una suposición de lo que pudieras hacer para"},{"start":52.72,"end":53.74,"text":"volver a tu hoja de cálculo?"},{"start":54.34,"end":56.079,"text":"Hmm, bueno, veo una flecha allí en"},{"start":56.17,"end":57.479,"text":"la parte superior. Por supuesto. ¿Es esa una flecha hacia atrás?"},{"start":57.675,"end":58.78,"text":"Lo es."},{"start":58.81,"end":59.62,"text":"Si hacemos clic allí,"},{"start":59.68,"end":61.329,"text":"volvemos a nuestra ventana"},{"start":61.78,"end":62.38,"text":"Excel."},{"start":62.83,"end":64.419,"text":"Así que es es un poco<br />diferente a la cinta"},{"start":64.81,"end":66.609,"text":"y quería mostrártelo<br />a parte de la"},{"start":66.7,"end":68.53,"text":"cinta porque realmente no actúa"},{"start":68.56,"end":70.33,"text":"de la misma manera que<br />el resto de la cinta."},{"start":71.02,"end":72.76,"text":"Ahora lo que queremos hacer ahora"},{"start":72.85,"end":75.46,"text":"es ver algo sobre la navegación"},{"start":75.54,"end":77.11,"text":"cuando estás dentro, dentro de Excel."},{"start":77.47,"end":79.059,"text":"Hablamos antes de<br />cuando estás en"},{"start":79.31,"end":80.05,"text":"una celda,"},{"start":80.33,"end":80.999,"text":"estoy en la celda C3,"},{"start":81.65,"end":83.56,"text":"ya que has seleccionado esa celda."},{"start":83.59,"end":85.329,"text":"Pero a veces para"},{"start":85.69,"end":87.27,"text":"propósitos del formato"},{"start":87.46,"end":89.109,"text":"y otras varias características"},{"start":89.74,"end":91.419,"text":"dentro de Excel es posible<br />que desees destacar más"},{"start":92.065,"end":92.979,"text":"de una celda."},{"start":93.205,"end":93.43,"text":"OK.."},{"start":94.12,"end":95.889,"text":"Entonces, lo que puedo hacer es que"},{"start":96.04,"end":97.48,"text":"puedo tomar mi mouse y puedo hacer clic"},{"start":97.51,"end":98.079,"text":"y arrastrar hacia abajo,"},{"start":98.71,"end":99.55,"text":"por ejemplo,"},{"start":99.85,"end":100.84,"text":"o a través"},{"start":101.59,"end":103.239,"text":"y la primera celda en la que estaba sería algo así"},{"start":103.45,"end":104.17,"text":"como un ancla."},{"start":104.41,"end":106.9,"text":"Mm hmm. Y continúa<br />en esa dirección"},{"start":106.93,"end":108.85,"text":"y resalta. Ahora esto<br />es lo que llamamos"},{"start":108.91,"end":110.02,"text":"un rango de celdas"},{"start":110.08,"end":111.669,"text":"Ok. En un rango puedes"},{"start":112.09,"end":114.67,"text":"resaltar celdas que"},{"start":115.27,"end":116.469,"text":"ya sea que tengan o no tengan información"},{"start":117.1,"end":117.9,"text":"en ellas. Ok."},{"start":118.48,"end":120.43,"text":"Si tuviera que resaltar celdas"},{"start":120.46,"end":122.12,"text":"que solo tienen datos en ellos,"},{"start":122.38,"end":123.7,"text":"esto es lo que llamamos una región."},{"start":124.27,"end":126.31,"text":"Y estos serían contiguos."},{"start":126.34,"end":127.96,"text":"Observa que están todos al lado del"},{"start":128.199,"end":128.559,"text":"otro."},{"start":129.13,"end":131.229,"text":"Un rango también pueden ser celdas"},{"start":131.63,"end":133.274,"text":"y voy a hacer clic en la celda C2"},{"start":133.557,"end":135.249,"text":"y luego voy a<br />mantener mi tecla de"},{"start":135.73,"end":137.67,"text":"contorl y hago clic en la celda C6."},{"start":138.07,"end":139.6,"text":"Este también es un rango,"},{"start":139.63,"end":141.19,"text":"pero no están el uno al lado del otro."},{"start":141.31,"end":143.38,"text":"Estas son celdas no contiguas."},{"start":143.98,"end":145.51,"text":"Entonces este es un rango,"},{"start":145.87,"end":148.03,"text":"a pesar de que esas<br />son celdas llenas."},{"start":148.15,"end":149.049,"text":"Ok. Ellas no son contiguas."},{"start":149.575,"end":151.029,"text":"Está bien. Para que sea una región,"},{"start":151.675,"end":153.55,"text":"ellas tienen que ser contiguas"},{"start":153.79,"end":154.059,"text":"y estar llenas"},{"start":154.75,"end":155.59,"text":"de información."},{"start":155.8,"end":157.57,"text":"Bien, entonces para ser una región"},{"start":157.67,"end":158.499,"text":"tienen que estar en contacto."},{"start":158.68,"end":160.72,"text":"Sí. Todas las celdas<br />deben tocarse entre sí,"},{"start":160.99,"end":162.684,"text":"y tienen que tener<br />información en ellas."},{"start":162.782,"end":164.319,"text":"Correcto. Y luego un rango podrían"},{"start":164.83,"end":166.99,"text":"ser solo celdas cualquieras"},{"start":167.23,"end":168.13,"text":"bien sea se estén tocando"},{"start":168.16,"end":170.02,"text":"o no, o si haya algo"},{"start":170.08,"end":170.71,"text":"en ellas o no."},{"start":170.95,"end":171.73,"text":"Correcto. Genial."},{"start":171.76,"end":172.12,"text":"Correcto."},{"start":172.21,"end":174.009,"text":"Ok. Ahora una de las"},{"start":174.1,"end":175.779,"text":"cosas que puedes notar<br />es que hice clic en una"},{"start":175.99,"end":178,"text":"celda y luego mantuve<br />presionada mi tecla de control"},{"start":178.03,"end":179.29,"text":"e hice click en la otra."},{"start":179.4,"end":180.399,"text":"Si selecciono celdas no"},{"start":181.27,"end":183.009,"text":"contiguas, la tecla de<br />control me permite hacerlo."},{"start":183.22,"end":185.44,"text":"Ok. Así que esa es una opción para"},{"start":185.5,"end":186.03,"text":"resaltar."},{"start":186.31,"end":187.17,"text":"Por supuesto que puedo"},{"start":187.18,"end":188.02,"text":"hacerlo con las continuas."},{"start":188.05,"end":189.37,"text":"Acabo de hacer clic y arrastré."},{"start":190.42,"end":192.19,"text":"Y por eso resalta un rango."},{"start":192.76,"end":194.47,"text":"Si quiero seleccionar una columna,"},{"start":195.27,"end":196.629,"text":"acabo de venir aquí en mis<br />encabezados de columna"},{"start":197.05,"end":197.89,"text":"y hago clic en ellos."},{"start":197.92,"end":198.759,"text":"Observe que hice clic en la B,"},{"start":199.165,"end":200.469,"text":"seleccionó B, hago clic en la C,"},{"start":201.025,"end":201.695,"text":"seleccionó C."},{"start":202.09,"end":203.21,"text":"Si quisiera C y D,"},{"start":203.23,"end":204.519,"text":"hago clic y arrastro a la C"},{"start":204.76,"end":205.27,"text":"y a la D."},{"start":205.6,"end":206.77,"text":"Lo mismo para las filas."},{"start":208.28,"end":209.769,"text":"Ok. Y entonces noté que cuando"},{"start":210.22,"end":211.239,"text":"coloco el cursor sobre las filas"},{"start":211.54,"end":212.51,"text":"y las seleccionaste,"},{"start":212.77,"end":214.449,"text":"el cursor se cambió a una mini"},{"start":214.69,"end":214.989,"text":"flecha que apunta abajo."},{"start":215.525,"end":218.05,"text":"Exactamente y tenemos<br />varios tipos de"},{"start":218.11,"end":218.89,"text":"cursores."},{"start":219.37,"end":221.109,"text":"Así que el cursor la mayoría<br />del tiempo se ve como"},{"start":221.29,"end":221.599,"text":"un más blanco ."},{"start":222.15,"end":224.41,"text":"Ok. Y es entonces cuando<br />estoy seleccionando celdas."},{"start":224.83,"end":226.99,"text":"Pero fíjate cuando<br />voy a la columna."},{"start":227,"end":228.219,"text":"Ahí está. Tengo esta flecha hacia abajo."},{"start":228.7,"end":230.19,"text":"Si voy aquí a la fila,"},{"start":230.53,"end":231.7,"text":"tengo la flecha hacia la derecha."},{"start":231.76,"end":233.559,"text":"Pudiste haber notado que cuando estaba tratando de llegar a la fila"},{"start":233.8,"end":235.24,"text":"tres, este ratón."},{"start":235.81,"end":237.309,"text":"Este es el indicador para el dimensionamiento"},{"start":237.94,"end":239.86,"text":"de la fila, así que tengo una forma diferente"},{"start":239.89,"end":240.639,"text":"dependiendo de lo que esté haciendo"},{"start":240.85,"end":241.48,"text":"con el mouse."},{"start":241.78,"end":242.709,"text":"Si vengo aquí entre<br />las columnas,"},{"start":243.28,"end":244.66,"text":"Me sale uno muy similar."},{"start":244.96,"end":246.85,"text":"Este es el mouse de dimensionamiento de columna."},{"start":247.33,"end":249.21,"text":"Si tuviera que hacer clic en una celda"},{"start":249.22,"end":250.04,"text":"y doble clic,"},{"start":250.06,"end":251.799,"text":"esto me permite editar de hecho"},{"start":251.92,"end":253.659,"text":"la celda y mira mi mouse si estoy"},{"start":253.81,"end":255.31,"text":"en una celda donde puedo editar"},{"start":255.64,"end":256.52,"text":"es el Seleccionador de Texto."},{"start":256.899,"end":258.119,"text":"Correcto. Se parece a la letra I,"},{"start":258.225,"end":259.6,"text":"es por eso que lo llamamos viga en I."},{"start":260.2,"end":261.669,"text":"Y me dice"},{"start":262.06,"end":263.96,"text":"que estoy en un área de inserción de texto."},{"start":264.37,"end":265.989,"text":"Voy a presionar escape para quitarlo,"},{"start":266.2,"end":267.999,"text":" pero fíjate que si voy a mi barra de"},{"start":268.42,"end":270.28,"text":"fórmula, tengo la I allí"},{"start":270.33,"end":272.08,"text":"también. Ese es mi ratón para insertar"},{"start":272.53,"end":273.17,"text":"texto."},{"start":274.12,"end":275.8,"text":"Si selecciono una celda,"},{"start":276.19,"end":278.15,"text":"también hay una<br />pequeña manilla aquí."},{"start":278.17,"end":279.69,"text":"Este es el autorrelleno."},{"start":279.86,"end":281.57,"text":"Veremos eso en un<br />módulo posterior."},{"start":281.77,"end":283.509,"text":"Pero si pongo el mouse allí fíjate"},{"start":283.81,"end":285.219,"text":"que tengo una pequeña cruz allí."},{"start":285.41,"end":286.839,"text":"Bien. Y de hecho puedo hacer clic"},{"start":287.14,"end":287.829,"text":"y arrastrarla con ella"},{"start":288.07,"end":289.869,"text":"y en efecto hará<br />ciertas funciones para"},{"start":290.05,"end":291.849,"text":"mi. Voy a hacer clic en deshacer<br />porque no quise"},{"start":292.03,"end":292.72,"text":"arrastrarla allí."},{"start":294.25,"end":295.64,"text":"Y hay varias otras cosas."},{"start":295.66,"end":297.55,"text":"Si apunto mi mouse hacia el borde"},{"start":297.9,"end":299.499,"text":"de una sección resaltada fíjate que"},{"start":299.83,"end":300.82,"text":"tengo mi flecha"},{"start":301.09,"end":301.99,"text":"y la cruz"},{"start":302.56,"end":304.45,"text":"y esta es de hecho mi flecha para moverme."},{"start":304.54,"end":306.12,"text":"De hecho, puedo mover algo"},{"start":306.54,"end":307.17,"text":"haciendo eso."},{"start":307.8,"end":309.9,"text":"Ahora si mantengo presionada mi tecla de control,"},{"start":310.23,"end":312.27,"text":"nota que el mouse<br />cambia a la flecha"},{"start":312.75,"end":314.14,"text":"y a un signo más"},{"start":314.58,"end":316.24,"text":"y puedo arrastrarlo de nuevo aquí."},{"start":316.71,"end":317.939,"text":"Y lo he copiado"},{"start":318.54,"end":320.279,"text":"y voy a hacer clic en<br />deshacer porque"},{"start":320.4,"end":322.62,"text":"solo cambié mis datos<br />alrededorr."},{"start":323.06,"end":324.65,"text":"Deshacer es maravilloso."},{"start":324.78,"end":326.61,"text":"¡Sí lo es! Te acostumbrarás<br />con el tiempo"},{"start":326.64,"end":328.53,"text":"y es tu mejor"},{"start":328.71,"end":329.34,"text":"amigo."},{"start":329.58,"end":330.33,"text":"Absolutamente."},{"start":331.44,"end":333,"text":"Te mostré hacer click"},{"start":334.38,"end":335.31,"text":"y el clic de control."},{"start":336.03,"end":337.319,"text":"Y mira que cuando hicimos eso,"},{"start":337.56,"end":339.18,"text":"pudimos seleccionar celdas"},{"start":339.72,"end":340.679,"text":"que no están una al lado de la otra,"},{"start":340.89,"end":342.63,"text":"nueve celdas contiguas."},{"start":344.07,"end":346.53,"text":"Digamos que tengo que<br />resaltar un rango"},{"start":347.13,"end":349.62,"text":"y va a ir desde el Inicio,"},{"start":349.66,"end":350.25,"text":"mira,"},{"start":350.55,"end":352.04,"text":"por todo esto y tal vez hasta Z."},{"start":352.54,"end":352.93,"text":"Ok."},{"start":353.43,"end":355.2,"text":"Y tal vez un par de filas"},{"start":355.29,"end":356.58,"text":"también en el proceso."},{"start":357,"end":358.769,"text":"Bueno, a veces te das cuenta<br />de que realmente no tenemos"},{"start":358.98,"end":360.78,"text":"eso visible. Y si no soy cuidadoso"},{"start":360.81,"end":361.709,"text":"puedo llegar hasta aquí"},{"start":362.04,"end":363.63,"text":"y puede ser difícil de hacer."},{"start":364.32,"end":365.579,"text":"Entonces, una mejor forma de hacerlo"},{"start":367.56,"end":369.54,"text":"es"},{"start":369.55,"end":370.809,"text":"puedo hacer clic en la primera celda"},{"start":371.71,"end":373.81,"text":"y luego puedo desplazarme"},{"start":373.84,"end":375.369,"text":"usando mis barras de desplazamiento<br />que es una opción"},{"start":376,"end":376.6,"text":"de navegación aquí,"},{"start":377.17,"end":377.92,"text":"hasta"},{"start":379.27,"end":380.11,"text":"la Z."},{"start":381.4,"end":383.07,"text":"Y veamos, quiero, creo que la fila 3,"},{"start":383.12,"end":383.75,"text":"Z3."},{"start":383.95,"end":385.48,"text":"Puedo sostener mi tecla Mayús"},{"start":385.69,"end":387.45,"text":"y hago clic en Z3."},{"start":388.12,"end":389.68,"text":"Y ahora tengo un rango"},{"start":390.16,"end":391.29,"text":"que estará resaltado."},{"start":392.53,"end":394.479,"text":"De C2 a Z3."},{"start":395.2,"end":396.999,"text":"Y sabemos que este es un rango por un"},{"start":397.03,"end":399.04,"text":"par de razones ¿Por qué<br />sabemos que es un rango?"},{"start":399.58,"end":401.8,"text":"Bueno, es contiguo"},{"start":401.95,"end":403.539,"text":"y no"},{"start":403.81,"end":405.79,"text":"tiene texto en todas las celdas."},{"start":405.94,"end":407.47,"text":"Cierto. Eso es lo grandioso."},{"start":407.65,"end":409.389,"text":"Bien, ahora si hubiera<br />texto en todo esto,"},{"start":409.51,"end":410.65,"text":"sería una región. Es correcto."},{"start":410.8,"end":411.13,"text":"Ok."},{"start":411.76,"end":413.409,"text":"Ahora ya te mostré esto usando la barra de"},{"start":413.715,"end":414.7,"text":"desplazamiento antes"},{"start":414.91,"end":416.379,"text":"pero podemos hacer clic dentro del"},{"start":416.77,"end":418.31,"text":"rango de la barra de desplazamiento"},{"start":418.87,"end":420.159,"text":"y si tienes una hoja de cálculo"},{"start":420.79,"end":422.589,"text":"muy grande con una gran cantidad de datos por los"},{"start":422.77,"end":424.479,"text":"que puedes navegar<br />rápidamente a otro lado"},{"start":424.72,"end":426.76,"text":"dentro de la hoja de cálculo<br />en lugar de simplemente"},{"start":427.24,"end":428.38,"text":"hacer clic en las flechas"},{"start":428.41,"end":429.069,"text":"y desplazarte y desplazarte"},{"start":429.4,"end":430.869,"text":"y desplazarte porque va de una fila a la vez."},{"start":431.05,"end":432.279,"text":"Ok. También puede hacer clic"},{"start":432.55,"end":433.92,"text":"y arrastrar la barra de desplazamiento"},{"start":435.64,"end":436.09,"text":"para moverlo."},{"start":437.17,"end":438.939,"text":"Lo último que quiero mostrarte<br />es seleccionar la pestaña"},{"start":439.24,"end":441.17,"text":"Hoja. Ahora solo tenemos<br />una hoja de trabajo"},{"start":441.19,"end":442.659,"text":"aquí, pero podrías<br />recordar que en el último"},{"start":443.02,"end":445,"text":"módulo teníamos dos pestañas<br />de hoja de trabajo, ¿cierto?"},{"start":445.54,"end":447.59,"text":"Puedo agregar una solo<br />haciendo clic en ese botón."},{"start":448.03,"end":449.589,"text":"Y luego puedo navegar<br />entre las dos pestañas"},{"start":449.89,"end":451.69,"text":"de trabajo simplemente haciendo clic en el nombre"},{"start":451.9,"end":452.65,"text":"de la pestaña de la hoja."},{"start":452.77,"end":453.05,"text":"Ok."},{"start":453.88,"end":455.649,"text":"Entonces hemos visto la Vista"},{"start":456.37,"end":456.76,"text":"Backstage,"},{"start":457.24,"end":458.44,"text":"donde hicimos clic en archivo,"},{"start":458.53,"end":460.299,"text":"y hemos visto como navegar usando"},{"start":460.6,"end":462.13,"text":"el ratón. En el siguiente módulo,"},{"start":462.14,"end":464.37,"text":"vamos a navegar<br />usando el teclado"},{"start":464.95,"end":467.02,"text":"y ver algo de entrada de texto también."}]