<?xml version="1.0" encoding="iso-8859-1"?>
	
   <course title="Mastering Office 365 (2018) - FREE SAMPLE" id="m365">
      <pages>
			<page id="1" displayText="Module 01: Introduction" link="//view.vzaar.com/17224933/player" type="html" keywords="Introduction" tooltip="Introduction" cc="1"/>
			<page id="2" displayText="Module 02: Office 365 Home Page" link="//view.vzaar.com/17225013/player" type="html" keywords="Office 365 Home Page" tooltip="Office 365 Home Page" cc="2"/>
			<page id="3" displayText="Module 03: For More Information" link="//view.vzaar.com/19626244/player" type="html" keywords="For More Information" tooltip="For More Information"/>
		</pages>
		<transcript available="0">
			<lang name="Spanish" lang="sp" image="sp.png"/>
			<lang name="English" lang="en" image="en.png"/>
			
		</transcript>
	</course>
	