﻿[{"start":5.83,"end":6.899,"text":"Hi! I'm Barbara Evers."},{"start":7.2,"end":8.969,"text":"I've been teaching Microsoft Office<br />for 25"},{"start":9.39,"end":10.35,"text":"to 30 years."},{"start":10.73,"end":11.91,"text":"I'm Christina Tankersley"},{"start":11.94,"end":13.77,"text":"and I'm here to learn about Excel."},{"start":14.13,"end":16.65,"text":"Oh great. We're going to be talking<br />about Excel 2016"},{"start":16.68,"end":17.17,"text":"today."},{"start":17.73,"end":19.62,"text":"And Christina before we get started"},{"start":19.68,"end":20.909,"text":"let's just get some common<br />vocabulary."},{"start":21.48,"end":23.219,"text":"OK, let's do it. So first of all"},{"start":23.4,"end":25.049,"text":"let's talk about what Excel is."},{"start":25.35,"end":26.49,"text":"Excel is a spreadsheet."},{"start":26.55,"end":27.629,"text":"Now what do you know about that"},{"start":27.81,"end":29.76,"text":"or how have you used excel in the<br />past."},{"start":29.82,"end":31.319,"text":"Usually I go into excel"},{"start":31.98,"end":33.84,"text":"when I want to organize numbers."},{"start":33.9,"end":34.21,"text":"OK."},{"start":34.83,"end":36.629,"text":"So that's usually what I'll go"},{"start":36.78,"end":37.139,"text":"into Excel"},{"start":37.62,"end":38.399,"text":"and put in some numbers"},{"start":38.82,"end":40.019,"text":"and add them and subtract them"},{"start":40.2,"end":40.95,"text":"and that kind of thing."},{"start":41.16,"end":42.809,"text":"Sure. That's primarily what Excel"},{"start":43.26,"end":44.13,"text":"is there for."},{"start":44.25,"end":45.269,"text":"We want to manipulate our numbers,"},{"start":45.69,"end":47.49,"text":"perform calculations on our numbers,"},{"start":47.88,"end":48.449,"text":"and also works"},{"start":48.81,"end":49.169,"text":"with dates"},{"start":49.65,"end":50.939,"text":"and times we can actually manipulate"},{"start":51.57,"end":51.959,"text":"dates and times"},{"start":52.44,"end":54.239,"text":"and do formulas that let"},{"start":54.39,"end":55.949,"text":"us know how many days are between<br />certain"},{"start":56.28,"end":57.42,"text":"dates, for example."},{"start":58.17,"end":59.73,"text":"We use it to track data"},{"start":60.27,"end":62.069,"text":"and to manipulate the data in"},{"start":62.19,"end":63.3,"text":"some way, shape or form."},{"start":63.72,"end":65.669,"text":"Now let's just talk about the window<br />I have"},{"start":65.67,"end":66.85,"text":"Excel already open."},{"start":66.86,"end":68.579,"text":"Alright. So we're just going to<br />start up here in the"},{"start":68.67,"end":70.68,"text":"top and move on our way down."},{"start":71.07,"end":72.869,"text":"First of all we have something<br />called the Quick"},{"start":73.14,"end":74.13,"text":"Access Toolbar."},{"start":74.49,"end":76.049,"text":"The Quick Access Toolbar just gives"},{"start":76.35,"end":77.999,"text":"us quick access to some of the<br />features"},{"start":78.51,"end":80.7,"text":"some of the functions that are<br />available to excel."},{"start":81.02,"end":82.98,"text":"Now I'm just going to tell you what<br />these are now."},{"start":83.25,"end":83.939,"text":"Later we'll come back"},{"start":84.27,"end":86.19,"text":"and explore each of these areas a<br />little more"},{"start":86.22,"end":86.91,"text":"in-depth. OK."},{"start":87.48,"end":88.26,"text":"Just so you know,"},{"start":88.32,"end":90.104,"text":"right up top is what we call the<br />Title Bar"},{"start":90.39,"end":92.1,"text":"where it says Book 1 Excel."},{"start":92.49,"end":94.229,"text":"If we had an actual file open that"},{"start":94.35,"end":96.059,"text":"you'd been working in it wouldn't<br />say"},{"start":96.27,"end":98.23,"text":"Book 1 it would say the file name<br />there."},{"start":98.46,"end":100.55,"text":"Alright. Now right below the Title<br />Bar"},{"start":100.62,"end":101.61,"text":"we have the ribbon."},{"start":102.06,"end":104,"text":"And you'll notice the ribbon has<br />various tabs:"},{"start":104.01,"end":105.09,"text":"File, Home,"},{"start":105.24,"end":105.81,"text":"Insert,"},{"start":106.08,"end":108.27,"text":"Page Layout. And as I click on those"},{"start":108.63,"end":110.82,"text":"you'll see different options are<br />available."},{"start":111.09,"end":111.359,"text":"These are functions"},{"start":111.9,"end":113.82,"text":"and features available to you"},{"start":114.18,"end":115.049,"text":"within a workbook."},{"start":115.4,"end":116.849,"text":"OK. In Microsoft Office"},{"start":117.3,"end":119.31,"text":"over here on the right we have the<br />minimize,"},{"start":119.79,"end":121.499,"text":"the restore, and the close"},{"start":121.86,"end":122.25,"text":"button."},{"start":122.7,"end":124.019,"text":"What do you remember about the<br />minimize buttons?"},{"start":124.36,"end":125.76,"text":"Oh, it just makes it smaller."},{"start":125.82,"end":126.15,"text":"Right."},{"start":126.21,"end":127.2,"text":"When I click on it,"},{"start":127.44,"end":128.909,"text":"it brings it down here to my Task"},{"start":129.285,"end":130.739,"text":"Bar and I just click it again"},{"start":131.07,"end":132.09,"text":"and it brings it right back."},{"start":132.75,"end":133.92,"text":"I have the restore button,"},{"start":134.22,"end":134.849,"text":"which if I'm working"},{"start":135.09,"end":136.499,"text":"with multiple windows on screen<br />sometimes,"},{"start":137.07,"end":138.689,"text":"I need to see more than one window<br />so"},{"start":138.9,"end":139.92,"text":"I can restore,"},{"start":140.16,"end":141.6,"text":"it makes the windows smaller."},{"start":141.87,"end":143.519,"text":"Notice now I have one square whereas"},{"start":143.91,"end":144.539,"text":"before I had two."},{"start":144.765,"end":146.549,"text":"OK. If I click the one square it"},{"start":146.64,"end":148.11,"text":"maximizes my window."},{"start":148.26,"end":149.28,"text":"Now I have the two squares,"},{"start":149.31,"end":150.18,"text":"that's the restore."},{"start":150.72,"end":152.519,"text":"And of course the X I'm not going to<br />click that"},{"start":152.76,"end":154.109,"text":"right now because I don't feel like<br />closing"},{"start":154.62,"end":156.72,"text":"Excel but it will close the Excel<br />window."},{"start":156.97,"end":158.759,"text":"OK. Right below here it tells me"},{"start":158.91,"end":160.589,"text":"whose computer we're working on who"},{"start":160.77,"end":162.359,"text":"owns this particular version of<br />Microsoft"},{"start":162.9,"end":163.38,"text":"Office."},{"start":163.8,"end":165.299,"text":"And then this last thing over here<br />is share"},{"start":165.72,"end":167.339,"text":"and notice it tells us in the Tool<br />Tip see"},{"start":167.58,"end":168.089,"text":"who's in this document"},{"start":168.51,"end":169.74,"text":"and get options for sharing."},{"start":169.98,"end":172.17,"text":"OK. Now right below here"},{"start":172.59,"end":173.4,"text":"we have the ribbon."},{"start":174.45,"end":175.979,"text":"We have various tabs on the ribbon,"},{"start":176.25,"end":177.33,"text":"File, Home."},{"start":177.78,"end":179.549,"text":"Typically when you open Excel it's<br />on the"},{"start":179.67,"end":180.42,"text":"Home tab."},{"start":180.99,"end":182.73,"text":"You have Insert"},{"start":182.82,"end":183.77,"text":"and Page Layout"},{"start":183.78,"end":184.5,"text":"and so forth."},{"start":185.01,"end":186.92,"text":"This is where you're going to find<br />most of the features,"},{"start":186.93,"end":188.429,"text":"most of the functionality within"},{"start":188.79,"end":189.45,"text":"Excel."},{"start":189.75,"end":191.099,"text":"It's going to allow me to manipulate"},{"start":191.73,"end":192.989,"text":"data, to edit data,"},{"start":193.38,"end":194.55,"text":"to format data,"},{"start":195.24,"end":196.2,"text":"to create data."},{"start":196.68,"end":198.42,"text":"So all of that is found in here."},{"start":198.78,"end":200.399,"text":"Christina one of the items that's up<br />here"},{"start":200.82,"end":202.86,"text":"in the right hand corner that we"},{"start":203.07,"end":203.669,"text":"might not be as familiar"},{"start":204.12,"end":205.649,"text":"with is this button"},{"start":205.95,"end":207.69,"text":"where it gives me options for my<br />ribbon."},{"start":207.9,"end":208.35,"text":"OK."},{"start":208.95,"end":211.07,"text":"Some people like to have the ribbon<br />visible all the time"},{"start":211.08,"end":212.789,"text":"so people don't. If I click on this<br />I"},{"start":212.91,"end":214.17,"text":"can auto hide the ribbon."},{"start":214.5,"end":216.029,"text":"And what happens is it only appears"},{"start":216.54,"end":217.8,"text":"when I move my mouse up there."},{"start":218.46,"end":219.809,"text":"I can tell it just to show me the<br />tabs"},{"start":220.35,"end":221.009,"text":"or the show the tabs"},{"start":221.34,"end":223.62,"text":"and commands. So for example if I<br />click Show tabs,"},{"start":224.1,"end":225.779,"text":"notice I have"},{"start":226.08,"end":226.559,"text":"the tab names."},{"start":227.04,"end":228.149,"text":"If I click on them the ribbon<br />appears,"},{"start":228.75,"end":230.55,"text":"but if I move back into my<br />spreadsheet"},{"start":230.58,"end":231.69,"text":"it hides it again."},{"start":232.26,"end":234.09,"text":"If I use the auto hide ribbon,"},{"start":234.36,"end":235.65,"text":"it all disappears."},{"start":236.07,"end":237.21,"text":"And then if I move up here"},{"start":237.24,"end":239.22,"text":"and click it pops back into"},{"start":239.91,"end":240.24,"text":"play."},{"start":240.42,"end":240.72,"text":"OK."},{"start":241.5,"end":242.519,"text":"And of course I can click on here"},{"start":242.7,"end":243.569,"text":"and show tabs"},{"start":243.96,"end":245.549,"text":"and commands. And for our purposes<br />while"},{"start":245.79,"end":247.349,"text":"we're instructing it's most"},{"start":247.68,"end":248.429,"text":"important to have those tabs"},{"start":248.73,"end":249.63,"text":"and commands visible."},{"start":250.82,"end":252.479,"text":"Now let's look at the spreadsheet in<br />how it's laid"},{"start":252.72,"end":254.219,"text":"out. First of all you need to know<br />that spreadsheets"},{"start":254.79,"end":255.389,"text":"are laid out in columns"},{"start":255.93,"end":257.219,"text":"and rows. The columns are designated"},{"start":257.79,"end":259.56,"text":"by letters A B C D."},{"start":260.13,"end":263.48,"text":"There are approximately 16000"},{"start":263.52,"end":264.97,"text":"columns, a little more than that."},{"start":265.03,"end":266.819,"text":"Wow. So when I get to Z it just"},{"start":267,"end":268.74,"text":"starts over labeling,"},{"start":268.86,"end":269.69,"text":"A-A,"},{"start":269.78,"end":271.13,"text":"A-B, A-C,"},{"start":271.22,"end":272.254,"text":"all the way up and then B-A,"},{"start":272.612,"end":273.42,"text":"B-B, B."},{"start":273.84,"end":274.609,"text":"And so forth. OK."},{"start":274.9,"end":276.42,"text":"It's over 16000 of them."},{"start":276.99,"end":277.439,"text":"You have rows,"},{"start":277.955,"end":278.469,"text":"one, two,"},{"start":278.77,"end":279.57,"text":"three, four,"},{"start":279.87,"end":281.73,"text":"and there over a million rows."},{"start":282.39,"end":283.44,"text":"That's a lot of room."},{"start":283.56,"end":285,"text":"That's a lot of data."},{"start":285.72,"end":287.58,"text":"The cross-section of a"},{"start":287.7,"end":289.62,"text":"column and a row is called a cell."},{"start":290.19,"end":292.8,"text":"So I have just clicked on cell D2."},{"start":293.31,"end":295.11,"text":"Right. How do I know it's D2?"},{"start":295.15,"end":296.22,"text":"I'm in column D,"},{"start":296.25,"end":297.24,"text":"I'm in row 2."},{"start":297.75,"end":298.829,"text":"I also have above the A,"},{"start":299.285,"end":300.51,"text":"a name box"},{"start":300.81,"end":302.94,"text":"and it'll tell me where I am in the<br />spreadsheet."},{"start":302.97,"end":304.619,"text":"OK. So it shows me the location."},{"start":305.375,"end":307.159,"text":"Now most of the time that's"},{"start":307.34,"end":308.75,"text":"going to be a cell reference,"},{"start":308.78,"end":310.219,"text":"but you can also name ranges"},{"start":310.68,"end":312.89,"text":"of data, which we'll talk about in a<br />moment."},{"start":312.95,"end":315.14,"text":"OK. And you can see the name"},{"start":315.2,"end":316.79,"text":"of the range instead here."},{"start":318.11,"end":319.16,"text":"To the right of this"},{"start":320.18,"end":321.53,"text":"we had the formula bar"},{"start":322.01,"end":323.749,"text":"and just type something on the<br />keyboard"},{"start":323.99,"end":324.23,"text":"here. Alright."},{"start":330.98,"end":332.71,"text":"OK, so I'm going to"},{"start":332.83,"end":334.93,"text":"move off of that cell for just a<br />moment"},{"start":335.29,"end":337.059,"text":"and you'll notice that it says"},{"start":337.33,"end":337.779,"text":"this is a heading."},{"start":338.17,"end":339.939,"text":"If I click back on the cell you were<br />in,"},{"start":340.3,"end":341.919,"text":"the formula bar shows me what's"},{"start":342.16,"end":342.91,"text":"in that cell."},{"start":343.39,"end":345.189,"text":"This is not always what you"},{"start":345.31,"end":346.389,"text":"see is what you get though."},{"start":346.525,"end":348.309,"text":"OK. You're going to find out when we<br />start"},{"start":348.58,"end":350.71,"text":"looking at formulas that you'll get<br />the result"},{"start":350.74,"end":352.509,"text":"or the answer to the formula in the"},{"start":352.6,"end":353.23,"text":"cell."},{"start":353.62,"end":355.089,"text":"But you will see in the formula"},{"start":355.48,"end":357.009,"text":"bar always what is actually entered"},{"start":357.46,"end":359.62,"text":"into that cell so it may have a<br />formula"},{"start":359.68,"end":360.13,"text":"appear"},{"start":360.61,"end":362.109,"text":"and an actual answer down here"},{"start":362.44,"end":363.519,"text":"in the cell once we work"},{"start":364.24,"end":364.96,"text":"with formulas. OK."},{"start":366.73,"end":368.74,"text":"Down below we have sheet tabs"},{"start":369.43,"end":371.71,"text":"and a spreadsheet can be"},{"start":371.92,"end":373.089,"text":"made up of several sheet tabs."},{"start":373.39,"end":374.079,"text":"So this is a worksheet,"},{"start":374.62,"end":375.55,"text":"Worksheet 1."},{"start":375.88,"end":377.12,"text":"And notice I have sheet 2."},{"start":377.14,"end":378.579,"text":"We have little plus sign here I can<br />add"},{"start":378.97,"end":379.9,"text":"other worksheets."},{"start":379.94,"end":380.71,"text":"Oh that's nice."},{"start":380.83,"end":383.26,"text":"Multiple worksheets make up a<br />workbook,"},{"start":383.53,"end":385.329,"text":"so you may have a worksheet called"},{"start":385.57,"end":387.354,"text":"Quarter One, a work sheet called<br />Quarter Two,"},{"start":387.73,"end":388.99,"text":"Quarter Three, Quarter Four"},{"start":389.32,"end":390.759,"text":"and the whole thing together is<br />tracking"},{"start":391.21,"end":392.26,"text":"the data for one year."},{"start":392.41,"end":393.909,"text":"OK good, that helps me organize"},{"start":394.39,"end":395.2,"text":"my information."},{"start":395.32,"end":395.68,"text":"Sure, yeah."},{"start":396.31,"end":398.68,"text":"And if you have a lot of information<br />the scrollbars"},{"start":398.74,"end":400.03,"text":"are going to be useful for you."},{"start":400.33,"end":402.19,"text":"We have an up and down scroll bar,"},{"start":402.46,"end":404.169,"text":"so I can scroll down in"},{"start":404.29,"end":405.13,"text":"the spreadsheet"},{"start":407.05,"end":407.86,"text":"or scroll up"},{"start":410.66,"end":412.49,"text":"and I can scroll to the right"},{"start":413.69,"end":415.219,"text":"or the left using the horizontal"},{"start":415.76,"end":416.78,"text":"scroll bar. OK."},{"start":418.58,"end":420.38,"text":"Below that we have the status bar."},{"start":420.41,"end":422.62,"text":"It tells us what status"},{"start":422.63,"end":423.65,"text":"the spreadsheet's in"},{"start":423.71,"end":425.5,"text":"and it also gives us a view option."},{"start":425.67,"end":427.4,"text":"So we're in normal view right now."},{"start":427.7,"end":429.74,"text":"Later we'll take a look at some of<br />these other views."},{"start":430.19,"end":432.19,"text":"And if your vision challenged"},{"start":432.2,"end":433.829,"text":"like me sometimes it's a"},{"start":434.155,"end":436.28,"text":"little small. You can always use<br />your zoom control."},{"start":436.49,"end":437.659,"text":"Now does that change the font,"},{"start":438.455,"end":440.119,"text":"or? No, it just changes how"},{"start":440.27,"end":441.32,"text":"you see it on screen."},{"start":441.35,"end":442.89,"text":"Notice how I'm zooming it up."},{"start":443.35,"end":444.739,"text":"OK. But it does not"},{"start":445.28,"end":446.179,"text":"change how it prints"},{"start":446.69,"end":447.95,"text":"or anything along those lines."},{"start":447.98,"end":449.659,"text":"It's just changing your view on"},{"start":449.87,"end":450.56,"text":"this screen."},{"start":452.6,"end":454.88,"text":"Good. And the last thing I want to<br />show you in this module"},{"start":454.91,"end":456.619,"text":"is an option called Select"},{"start":457.04,"end":457.52,"text":"All."},{"start":457.97,"end":459.689,"text":"It's right here next to the A"},{"start":459.88,"end":460.77,"text":"and above the one."},{"start":460.79,"end":461.81,"text":"If I click that,"},{"start":461.87,"end":463.91,"text":"it selects the entire worksheet."},{"start":464.33,"end":466.099,"text":"So you noticed because we were<br />looking at the sheet tabs"},{"start":466.44,"end":466.86,"text":"a moment ago,"},{"start":467.3,"end":468.5,"text":"that I'm on Sheet 2"},{"start":468.8,"end":470.52,"text":"and I just selected all of sheet<br />two."},{"start":470.66,"end":472.36,"text":"But if I come over here and click on<br />Sheet 1,"},{"start":472.76,"end":475.13,"text":"we still are in cell D6 on"},{"start":475.19,"end":475.76,"text":"Sheet 1."},{"start":475.99,"end":476.38,"text":"OK."},{"start":476.96,"end":478.279,"text":"So when I do Select All,"},{"start":478.49,"end":480.53,"text":"that might be a good time to"},{"start":480.59,"end":481.97,"text":"change the font of everything"},{"start":482.15,"end":483.74,"text":"or change the color."},{"start":484.15,"end":485.05,"text":"You could,"},{"start":485.42,"end":486.949,"text":"however you have just applied the<br />font"},{"start":487.31,"end":489.29,"text":"or the color to every cell"},{"start":489.41,"end":490.109,"text":"of that work book,"},{"start":490.465,"end":492.83,"text":"and remember there's over 16000<br />columns"},{"start":493.25,"end":494.74,"text":"and over one million rows."},{"start":494.75,"end":496.399,"text":"That's a lot of data you're storing"},{"start":496.88,"end":499.26,"text":"in your spreadsheet that maybe you<br />don't need."},{"start":499.28,"end":500.96,"text":"So be careful about using that."},{"start":501.07,"end":502.699,"text":"OK. But if you're trying to get all"},{"start":502.94,"end":504.44,"text":"of your information highlighted,"},{"start":505.34,"end":506.72,"text":"and you need it for"},{"start":507.56,"end":509.39,"text":"other purposes maybe to"},{"start":510.32,"end":511.169,"text":"delete it all. I don't,"},{"start":511.245,"end":512.989,"text":"you know, or remove formatting from"},{"start":513.2,"end":515.09,"text":"everything then that might be a good<br />use."},{"start":515.179,"end":515.359,"text":"OK."},{"start":516.679,"end":518.209,"text":"So Christina, that is the user<br />interface"},{"start":518.72,"end":520.67,"text":"for Excel. And in our next module,"},{"start":520.76,"end":522.41,"text":"we're going to look at navigating"},{"start":522.5,"end":523.699,"text":"and using it a little bit more."},{"start":524.21,"end":524.73,"text":"Okay great!"}]