﻿[{"start":6.1,"end":7.809,"text":"Christine, a lot of times people are<br />most"},{"start":8.26,"end":9.879,"text":"interested in the File"},{"start":10.33,"end":11.38,"text":"part of the ribbon."},{"start":11.77,"end":12.459,"text":"But if I click that,"},{"start":12.64,"end":14.27,"text":"notice it's a little bit different."},{"start":14.36,"end":15.25,"text":"Wow it's a lot different!"},{"start":15.43,"end":17.35,"text":"This is what we call Backstage View."},{"start":17.92,"end":19.689,"text":"Backstage View contains a"},{"start":19.78,"end":22,"text":"lot of the features that"},{"start":22.06,"end":23.439,"text":"in earlier versions of Excel"},{"start":23.89,"end":25.99,"text":"were in the File Menu for the most<br />part."},{"start":26.71,"end":27.879,"text":"OK. You have your new"},{"start":28.41,"end":29.29,"text":"and your open,"},{"start":29.47,"end":30.85,"text":"your save, and save as."},{"start":31.45,"end":33.219,"text":"There are a lot of other features<br />down here."},{"start":33.46,"end":35.139,"text":"One of the areas that you'll<br />probably use"},{"start":35.38,"end":37.089,"text":"a good bit is Options because you<br />can"},{"start":37.21,"end":38.919,"text":"go in and set all sorts of"},{"start":39.04,"end":40.45,"text":"features and functions there."},{"start":41.05,"end":42.91,"text":"But I just wanted to make you aware<br />of it."},{"start":43.01,"end":44.799,"text":"OK. And also because it looks a<br />little"},{"start":45.04,"end":45.88,"text":"bit different."},{"start":46.51,"end":48.66,"text":"How do we get out of the Backstage"},{"start":48.71,"end":50.139,"text":"View? Can you take"},{"start":50.8,"end":52.569,"text":"a guess at what you might do to get"},{"start":52.72,"end":53.74,"text":"back to your spreadsheet?"},{"start":54.34,"end":56.079,"text":"Hmm, well I see an arrow there at"},{"start":56.17,"end":57.479,"text":"the top. Sure. Is that a back arrow?"},{"start":57.675,"end":58.78,"text":"It is."},{"start":58.81,"end":59.62,"text":"If we click that,"},{"start":59.68,"end":61.329,"text":"we go right back into our Excel"},{"start":61.78,"end":62.38,"text":"window."},{"start":62.83,"end":64.419,"text":"So that's a little bit different<br />from the ribbon"},{"start":64.81,"end":66.609,"text":"and I wanted to show it to you<br />separate from the"},{"start":66.7,"end":68.53,"text":"ribbon because it doesn't really act"},{"start":68.56,"end":70.33,"text":"the same way the rest of the ribbon<br />does."},{"start":71.02,"end":72.76,"text":"Now what we want to do next"},{"start":72.85,"end":75.46,"text":"is look at some of the navigation"},{"start":75.54,"end":77.11,"text":"when in, within Excel."},{"start":77.47,"end":79.059,"text":"We talked earlier about when you're<br />on"},{"start":79.31,"end":80.05,"text":"a cell,"},{"start":80.33,"end":80.999,"text":"I'm on Cell C3,"},{"start":81.65,"end":83.56,"text":"that you've selected that cell."},{"start":83.59,"end":85.329,"text":"But sometimes for"},{"start":85.69,"end":87.27,"text":"formatting purposes"},{"start":87.46,"end":89.109,"text":"and various other features"},{"start":89.74,"end":91.419,"text":"within Excel you may want to<br />highlight more"},{"start":92.065,"end":92.979,"text":"than one cell."},{"start":93.205,"end":93.43,"text":"OK."},{"start":94.12,"end":95.889,"text":"So what I can do is I can"},{"start":96.04,"end":97.48,"text":"take my mouse and I can click"},{"start":97.51,"end":98.079,"text":"and drag down,"},{"start":98.71,"end":99.55,"text":"for example,"},{"start":99.85,"end":100.84,"text":"or across"},{"start":101.59,"end":103.239,"text":"and the first cell I was in is kind"},{"start":103.45,"end":104.17,"text":"of like an anchor."},{"start":104.41,"end":106.9,"text":"Mm hmm. And it continues in that<br />direction"},{"start":106.93,"end":108.85,"text":"and highlights. Now this is what we<br />call"},{"start":108.91,"end":110.02,"text":"a cell range."},{"start":110.08,"end":111.669,"text":"OK. In a range can be"},{"start":112.09,"end":114.67,"text":"highlighted cells that"},{"start":115.27,"end":116.469,"text":"either do or do not have information"},{"start":117.1,"end":117.9,"text":"in them. OK."},{"start":118.48,"end":120.43,"text":"If I was to highlight cells"},{"start":120.46,"end":122.12,"text":"that just have data in them,"},{"start":122.38,"end":123.7,"text":"this is what we call a region."},{"start":124.27,"end":126.31,"text":"And these would be contiguous."},{"start":126.34,"end":127.96,"text":"Notice they're all next to each"},{"start":128.199,"end":128.559,"text":"other."},{"start":129.13,"end":131.229,"text":"A range can also be cells"},{"start":131.63,"end":133.274,"text":"and I'm going to click on cell C2"},{"start":133.557,"end":135.249,"text":"and then I'm going to hold down my<br />control"},{"start":135.73,"end":137.67,"text":"key and click on cell C6."},{"start":138.07,"end":139.6,"text":"This is also a range,"},{"start":139.63,"end":141.19,"text":"but they're not next to each other."},{"start":141.31,"end":143.38,"text":"These are non-contiguous cells."},{"start":143.98,"end":145.51,"text":"So this is a range,"},{"start":145.87,"end":148.03,"text":"even though those are populated<br />cells."},{"start":148.15,"end":149.049,"text":"OK. They're non-contiguous."},{"start":149.575,"end":151.029,"text":"OK. For it to be a region,"},{"start":151.675,"end":153.55,"text":"they have to be contiguous"},{"start":153.79,"end":154.059,"text":"and populated"},{"start":154.75,"end":155.59,"text":"with information."},{"start":155.8,"end":157.57,"text":"Alright, so for a region"},{"start":157.67,"end":158.499,"text":"they have to be touching each other."},{"start":158.68,"end":160.72,"text":"Yes. All the cells need to be<br />touching each other,"},{"start":160.99,"end":162.684,"text":"and they have to have information in<br />them."},{"start":162.782,"end":164.319,"text":"Correct. And then a range could"},{"start":164.83,"end":166.99,"text":"just be any cells"},{"start":167.23,"end":168.13,"text":"whether they're touching"},{"start":168.16,"end":170.02,"text":"or not or whether there's something"},{"start":170.08,"end":170.71,"text":"in them or not."},{"start":170.95,"end":171.73,"text":"Correct. Alight."},{"start":171.76,"end":172.12,"text":"Correct."},{"start":172.21,"end":174.009,"text":"OK. Now one of the"},{"start":174.1,"end":175.779,"text":"things you may notice is I clicked<br />on one"},{"start":175.99,"end":178,"text":"cell and then I held down my control<br />key"},{"start":178.03,"end":179.29,"text":"and clicked on the other one."},{"start":179.4,"end":180.399,"text":"If I'm selecting non-contiguous"},{"start":181.27,"end":183.009,"text":"cells, the control key allows me to<br />do"},{"start":183.22,"end":185.44,"text":"that. OK. So that's one highlighting"},{"start":185.5,"end":186.03,"text":"option."},{"start":186.31,"end":187.17,"text":"Of course I can"},{"start":187.18,"end":188.02,"text":"with continuous."},{"start":188.05,"end":189.37,"text":"I just clicked and I dragged."},{"start":190.42,"end":192.19,"text":"And that highlights a range."},{"start":192.76,"end":194.47,"text":"If I want to select a column,"},{"start":195.27,"end":196.629,"text":"I just come up here in my column<br />headings"},{"start":197.05,"end":197.89,"text":"and I click on them."},{"start":197.92,"end":198.759,"text":"Notice I clicked on the B,"},{"start":199.165,"end":200.469,"text":"it selected B, I click on the C,"},{"start":201.025,"end":201.695,"text":"it selected C."},{"start":202.09,"end":203.21,"text":"If I wanted C and D,"},{"start":203.23,"end":204.519,"text":"I click and drag on the C"},{"start":204.76,"end":205.27,"text":"and the D."},{"start":205.6,"end":206.77,"text":"Same thing for the rows."},{"start":208.28,"end":209.769,"text":"OK. And so I noticed that when you"},{"start":210.22,"end":211.239,"text":"put your cursor on the rows"},{"start":211.54,"end":212.51,"text":"and you selected them,"},{"start":212.77,"end":214.449,"text":"the cursor changed into a little"},{"start":214.69,"end":214.989,"text":"down arrow."},{"start":215.525,"end":218.05,"text":"Exactly and we do have various<br />cursor"},{"start":218.11,"end":218.89,"text":"types."},{"start":219.37,"end":221.109,"text":"So the cursor most of the time looks<br />like"},{"start":221.29,"end":221.599,"text":"the white plus."},{"start":222.15,"end":224.41,"text":"OK. And that's when I'm selecting<br />cells."},{"start":224.83,"end":226.99,"text":"But notice when I go up into the<br />column."},{"start":227,"end":228.219,"text":"There it is. I get this down arrow."},{"start":228.7,"end":230.19,"text":"If I go over here to the row,"},{"start":230.53,"end":231.7,"text":"I get the right arrow."},{"start":231.76,"end":233.559,"text":"You may have noticed when I was<br />trying to get to row"},{"start":233.8,"end":235.24,"text":"three, this mouse."},{"start":235.81,"end":237.309,"text":"This is the row sizing"},{"start":237.94,"end":239.86,"text":"mouse, so I get a different shape"},{"start":239.89,"end":240.639,"text":"depending on what I'm doing"},{"start":240.85,"end":241.48,"text":"with the mouse."},{"start":241.78,"end":242.709,"text":"If I come up here between the<br />columns,"},{"start":243.28,"end":244.66,"text":"I get a very similar one."},{"start":244.96,"end":246.85,"text":"This is the column sizing mouse."},{"start":247.33,"end":249.21,"text":"If I was to click in a cell"},{"start":249.22,"end":250.04,"text":"and double click,"},{"start":250.06,"end":251.799,"text":"this allows me to actually edit in"},{"start":251.92,"end":253.659,"text":"the cell and notice my mouse if I'm"},{"start":253.81,"end":255.31,"text":"on a cell where I can edit"},{"start":255.64,"end":256.52,"text":"is the I-beam."},{"start":256.899,"end":258.119,"text":"Right. It looks like the letter I,"},{"start":258.225,"end":259.6,"text":"that's why we call it the I-beam."},{"start":260.2,"end":261.669,"text":"And it tells"},{"start":262.06,"end":263.96,"text":"me I'm in an insert text area."},{"start":264.37,"end":265.989,"text":"I'm going to hit escape to turn that"},{"start":266.2,"end":267.999,"text":"off, but notice if I go up into my<br />formula"},{"start":268.42,"end":270.28,"text":"bar, I get the I there"},{"start":270.33,"end":272.08,"text":"also. That's my insert text"},{"start":272.53,"end":273.17,"text":"mouse."},{"start":274.12,"end":275.8,"text":"If I select a cell,"},{"start":276.19,"end":278.15,"text":"there is also a little handle down<br />here."},{"start":278.17,"end":279.69,"text":"This is the autofill handle."},{"start":279.86,"end":281.57,"text":"We'll look at that in a later<br />module."},{"start":281.77,"end":283.509,"text":"But if I put my mouse on that notice"},{"start":283.81,"end":285.219,"text":"I get a small cross-hair there."},{"start":285.41,"end":286.839,"text":"Alright. And I can actually click"},{"start":287.14,"end":287.829,"text":"and drag with that"},{"start":288.07,"end":289.869,"text":"and it'll actually do certain<br />features for"},{"start":290.05,"end":291.849,"text":"me. I'm going to hit undo because I<br />didn't mean"},{"start":292.03,"end":292.72,"text":"to drag there."},{"start":294.25,"end":295.64,"text":"And there are various other things."},{"start":295.66,"end":297.55,"text":"If I point my mouse to the border"},{"start":297.9,"end":299.499,"text":"of a highlighted section notice"},{"start":299.83,"end":300.82,"text":"I have my arrow"},{"start":301.09,"end":301.99,"text":"and a cross-hair"},{"start":302.56,"end":304.45,"text":"and this is actually my move arrow."},{"start":304.54,"end":306.12,"text":"I can actually move something"},{"start":306.54,"end":307.17,"text":"doing that."},{"start":307.8,"end":309.9,"text":"Now if I hold down my control key,"},{"start":310.23,"end":312.27,"text":"notice the mouse changes to the<br />arrow"},{"start":312.75,"end":314.14,"text":"and a plus sign"},{"start":314.58,"end":316.24,"text":"and I can drag back over here."},{"start":316.71,"end":317.939,"text":"And I have copied"},{"start":318.54,"end":320.279,"text":"it and I'm going to hit undo because<br />I've"},{"start":320.4,"end":322.62,"text":"just changed my data all over the<br />place."},{"start":323.06,"end":324.65,"text":"Undo is wonderful."},{"start":324.78,"end":326.61,"text":"Yes it is! You will get used to it<br />over time"},{"start":326.64,"end":328.53,"text":"and it is your best"},{"start":328.71,"end":329.34,"text":"friend."},{"start":329.58,"end":330.33,"text":"Absolutely."},{"start":331.44,"end":333,"text":"I showed you click"},{"start":334.38,"end":335.31,"text":"and control click."},{"start":336.03,"end":337.319,"text":"And notice that when we did that,"},{"start":337.56,"end":339.18,"text":"we were able to select cells"},{"start":339.72,"end":340.679,"text":"that are not next to each other,"},{"start":340.89,"end":342.63,"text":"nine contiguous cells."},{"start":344.07,"end":346.53,"text":"Let's say I have to highlight a<br />range"},{"start":347.13,"end":349.62,"text":"and it's going to go from Home,"},{"start":349.66,"end":350.25,"text":"see,"},{"start":350.55,"end":352.04,"text":"all the way out and maybe Z."},{"start":352.54,"end":352.93,"text":"OK."},{"start":353.43,"end":355.2,"text":"And maybe a couple of rows"},{"start":355.29,"end":356.58,"text":"also in the process."},{"start":357,"end":358.769,"text":"Well sometimes you notice we don't<br />really have"},{"start":358.98,"end":360.78,"text":"that visible. And if I'm not careful"},{"start":360.81,"end":361.709,"text":"I can get way over here"},{"start":362.04,"end":363.63,"text":"and it can get difficult to do."},{"start":364.32,"end":365.579,"text":"So a better way to do this"},{"start":367.56,"end":369.54,"text":"is"},{"start":369.55,"end":370.809,"text":"I can click on the first cell,"},{"start":371.71,"end":373.81,"text":"and then I can scroll"},{"start":373.84,"end":375.369,"text":"using my scroll bars which is a<br />navigation"},{"start":376,"end":376.6,"text":"option here,"},{"start":377.17,"end":377.92,"text":"over"},{"start":379.27,"end":380.11,"text":"to Z."},{"start":381.4,"end":383.07,"text":"And let's see I want I think row 3,"},{"start":383.12,"end":383.75,"text":"Z3."},{"start":383.95,"end":385.48,"text":"I can hold my shift key"},{"start":385.69,"end":387.45,"text":"and click in Z3."},{"start":388.12,"end":389.68,"text":"And now I have a range"},{"start":390.16,"end":391.29,"text":"that is highlighted."},{"start":392.53,"end":394.479,"text":"From C2 to Z3."},{"start":395.2,"end":396.999,"text":"And we know this is a range for a"},{"start":397.03,"end":399.04,"text":"couple of reasons. Why do we know<br />it's a range?"},{"start":399.58,"end":401.8,"text":"Well it is contiguous"},{"start":401.95,"end":403.539,"text":"and it does not"},{"start":403.81,"end":405.79,"text":"have text in all of it."},{"start":405.94,"end":407.47,"text":"Right. That's the big thing."},{"start":407.65,"end":409.389,"text":"Right, now if there been text in all<br />of this it would"},{"start":409.51,"end":410.65,"text":"be region. That's right."},{"start":410.8,"end":411.13,"text":"OK."},{"start":411.76,"end":413.409,"text":"Now I already showed you this using<br />the scroll"},{"start":413.715,"end":414.7,"text":"bar earlier"},{"start":414.91,"end":416.379,"text":"but we can just click within"},{"start":416.77,"end":418.31,"text":"the range of the scroll bar"},{"start":418.87,"end":420.159,"text":"and if you have a very large"},{"start":420.79,"end":422.589,"text":"spreadsheet with a lot of data that"},{"start":422.77,"end":424.479,"text":"can navigate you quickly somewhere<br />else"},{"start":424.72,"end":426.76,"text":"within the spreadsheet as opposed to<br />just"},{"start":427.24,"end":428.38,"text":"clicking the arrows"},{"start":428.41,"end":429.069,"text":"and scrolling and scrolling"},{"start":429.4,"end":430.869,"text":"and scrolling because that goes a<br />row at a time."},{"start":431.05,"end":432.279,"text":"OK. You can also click"},{"start":432.55,"end":433.92,"text":"and drag the scroll bar"},{"start":435.64,"end":436.09,"text":"to move it."},{"start":437.17,"end":438.939,"text":"The last thing I want to show you is<br />selecting the sheet"},{"start":439.24,"end":441.17,"text":"tab. Now we've only got one<br />worksheet"},{"start":441.19,"end":442.659,"text":"in here but you might recall in the<br />last"},{"start":443.02,"end":445,"text":"module we had two work sheet tabs<br />didn't we."},{"start":445.54,"end":447.59,"text":"I can add one just by clicking that<br />button."},{"start":448.03,"end":449.589,"text":"And then I can navigate between the<br />two sheet"},{"start":449.89,"end":451.69,"text":"tabs just by clicking the name"},{"start":451.9,"end":452.65,"text":"of the sheet tab."},{"start":452.77,"end":453.05,"text":"OK."},{"start":453.88,"end":455.649,"text":"So we've looked at backstage"},{"start":456.37,"end":456.76,"text":"view,"},{"start":457.24,"end":458.44,"text":"where we clicked on file,"},{"start":458.53,"end":460.299,"text":"and we've looked at navigating using"},{"start":460.6,"end":462.13,"text":"the mouse. In the next module,"},{"start":462.14,"end":464.37,"text":"we're going to navigate using the<br />keyboard"},{"start":464.95,"end":467.02,"text":"and look at some text entry also."}]