<?xml version="1.0" encoding="iso-8859-1"?>
<course title="Intro to HIPAA for Covered Entities - FREE SAMPLE " id="intro_hipaa">

     <pages>
		<page id="1" displayText="Module 1: Introducing HIPAA" link="//view.vzaar.com/11820365/player" type="html" keywords="Introducing HIPAA" tooltip="Introducing HIPAA"/>
		<page id="2" displayText="Module 2: Definitions &amp; Acronyms" link="//view.vzaar.com/11804344/player" type="html" keywords="Definitions &amp; Acronyms" tooltip="Definitions &amp; Acronyms"/>
		<page id="3" displayText="Module 03: For More Information" link="//view.vzaar.com/19626244/player" type="html" keywords="For More Information" tooltip="For More Information"/>
	</pages>
	<transcript available="0">
		<lang name="Spanish" lang="sp" image="sp.png"/>
		<lang name="English" lang="en" image="en.png"/>
	</transcript>
	
</course>
	