<?xml version="1.0" encoding="UTF-8"?>
<!--GENERATED BY:  Lectora v.19.0.4(12203) (https://www.elearningbrothers.com) -->
<!--TITLE: F:\Deepthi\Lectora Questions_Score_Tracking_New -->

<meta xmlns:xsi="http://www.w3.org/2001/XMLSchema-instance"
      xmlns:xsd="http://www.w3.org/2001/XMLSchema">
  <project courseid="http://www.uniqueurl.com/lectora-questions" title="Lectora Questions" >
    <description>
      <langstring xml:lang="en">Course Description Goes Here</langstring>
    </description>
    <keywords>
      <keyword>
        <langstring xml:lang="en">Lectora Questions</langstring>
      </keyword>
    </keywords>
  </project>
</meta>
