﻿[{"start":6.65,"end":7.598,"text":"Hola, soy Chip Reaves."},{"start":7.76,"end":8.449,"text":"He sido consultor I.T."},{"start":8.99,"end":10.789,"text":"y socio de Microsoft<br />por más de 20 años"},{"start":11.03,"end":11.08,"text":"ya."},{"start":11.555,"end":13.03,"text":"Y yo soy Alrinthea Carter"},{"start":13.04,"end":14.54,"text":"y estoy aquí para aprender sobre<br />los equipos de Microsoft."},{"start":15.66,"end":17.299,"text":"Pues, genial. Entonces,<br />Alrinthea, sé que tú"},{"start":17.48,"end":18.71,"text":"usas diferentes pares de sombreros ."},{"start":19.04,"end":20.56,"text":"Trabajas para una universidad importante"},{"start":20.72,"end":22.369,"text":"y también trabajas para un equipo de"},{"start":22.73,"end":24.05,"text":"comedia aquí en la ciudad."},{"start":24.78,"end":26.359,"text":"Entonces me imagino que<br />muchas veces cuando necesitas"},{"start":26.6,"end":26.989,"text":"estar trabajando"},{"start":27.5,"end":28.669,"text":"con tus colegas en un proyecto,"},{"start":29.36,"end":30.95,"text":"o simplemente estar comunicándose en general."},{"start":31.09,"end":31.23,"text":"Correcto."},{"start":31.4,"end":33.44,"text":"¿Qué tipo de herramientas has usado para"},{"start":33.95,"end":35.66,"text":"comunicarte, colaborar,"},{"start":36.12,"end":37.339,"text":"para compartir documentos"},{"start":37.76,"end":38.63,"text":"con tus colegas?"},{"start":39.13,"end":40.299,"text":"Bueno desde nuestro trabajo en la universidad,"},{"start":40.43,"end":42.59,"text":"utilizamos principalmente Microsoft Outlook"},{"start":42.62,"end":43.909,"text":"y para el teatro de comedia<br />usamos principalmente"},{"start":44.57,"end":45.86,"text":" Gmail"},{"start":45.92,"end":47.12,"text":"y Google Docs."},{"start":47.45,"end":48.34,"text":"Bien, perfecto"},{"start":48.71,"end":50,"text":"y eso es muy muy común."},{"start":50.03,"end":51.62,"text":"Entonces, lo que pasa y mucho es que"},{"start":52.28,"end":54.079,"text":"más empresas establecidas<br />tienden a usar"},{"start":54.26,"end":55.22,"text":"Microsoft Outlook,"},{"start":55.28,"end":57.079,"text":"ese ha sido el tipo de<br />comunicación estándar"},{"start":57.89,"end":59.93,"text":"durante casi 20 años ya."},{"start":60.47,"end":62.209,"text":"Microsoft diseñó Outlook para convertirlo"},{"start":62.45,"end":64.068,"text":"en lugar único donde puedes administrar"},{"start":64.489,"end":65.77,"text":"mucha de tu comunicación;"},{"start":66.24,"end":67.639,"text":"todo tu correo electrónico<br />todas tus reuniones"},{"start":68.15,"end":69.589,"text":"tu calendario todos tus contactos,"},{"start":70.08,"end":71.449,"text":"si se trata de proveedores de<br />clientes compañeros de trabajo"},{"start":72.05,"end":72.65,"text":"o lo que sea,"},{"start":72.92,"end":74.3,"text":"y también tu lista de tareas,"},{"start":74.33,"end":76.1,"text":"todo eso estaba empaquetado en Outlook"},{"start":76.34,"end":78.17,"text":"y todo eso ha estado<br />en Outlook por casi"},{"start":78.28,"end":79.35,"text":" 20 años ya."},{"start":80,"end":80.72,"text":"Hoy día,"},{"start":81.02,"end":82.82,"text":"muchas compañías más nuevas"},{"start":82.91,"end":83.87,"text":"como el grupo de comedia"},{"start":84.5,"end":86.239,"text":"pero también muchos<br />jóvenes están esperando"},{"start":86.99,"end":88.1,"text":"diferentes tipos de herramientas."},{"start":88.13,"end":89.689,"text":"Ya sabes, ya no se trata<br />solo del correo electrónico."},{"start":90.035,"end":91.519,"text":"Ahora se trata de compartir archivos,"},{"start":92.03,"end":93.709,"text":" chat, videoconferencias,"},{"start":94.31,"end":94.669,"text":"conferencias de audio,"},{"start":95.3,"end":96.02,"text":"llamadas telefónicas,"},{"start":96.59,"end":97.189,"text":"mensajes de texto, emojis,"},{"start":97.79,"end":98.93,"text":"son todas esas clases de cosas"},{"start":99.26,"end":100.819,"text":"y Outlook simplemente no<br />juega particularmente"},{"start":101.33,"end":102.56,"text":"bien en ese espacio."},{"start":102.95,"end":104.75,"text":"Entonces Microsoft ha estado desarrollando"},{"start":104.81,"end":106.309,"text":"una nueva generación de comunicaciones"},{"start":107,"end":108.619,"text":"para eso, que es realmente de lo que<br />tratan los equipos de Microsoft."},{"start":109.295,"end":111.17,"text":"Solo en los últimos años,"},{"start":111.32,"end":112.94,"text":"programas de chat como Slack"},{"start":112.97,"end":114.739,"text":"y HipChat han acaparado<br />el mercado"},{"start":115.1,"end":116.12,"text":"corporativo en cuanto a conversaciones"},{"start":116.15,"end":117.53,"text":"rápidas y casuales."},{"start":117.89,"end":119.359,"text":"Además, tienen la ventaja<br />de que sus chats"},{"start":119.84,"end":121.609,"text":"son buscables y visibles<br />para futuros miembros del"},{"start":121.85,"end":123.619,"text":"equipo que pueden no haber estado<br />presentes durante la conversación"},{"start":123.98,"end":124.79,"text":"original."},{"start":125.93,"end":127.339,"text":"Herramientas para compartir<br />archivos en la nube como Dropbox,"},{"start":127.97,"end":129.769,"text":"OneDrive y Google<br />Drive son populares"},{"start":130.25,"end":132.26,"text":"para compartir y colaborar<br />en torno a los documentos."},{"start":132.68,"end":135.3,"text":"Y, por supuesto, hay docenas<br />de videoconferencias,"},{"start":135.32,"end":136.849,"text":"compartir pantalla y aplicaciones para tomar notas"},{"start":137.15,"end":137.62,"text":"también."},{"start":138.71,"end":140.449,"text":"Microsoft está creando equipos para"},{"start":140.6,"end":141.86,"text":"convertirse en la nueva aplicación"},{"start":141.89,"end":143.389,"text":"de colaboración y de comunicación para la"},{"start":143.84,"end":144.83,"text":"mano de obra moderna."},{"start":145.64,"end":146.089,"text":"Al igual que Outlook,"},{"start":146.615,"end":148.399,"text":"los equipos están diseñados para<br />permitirle administrar todo lo"},{"start":148.64,"end":149.45,"text":"referente a tu comunicación"},{"start":149.48,"end":151.25,"text":"y colaboración desde un solo lugar."},{"start":151.85,"end":153.619,"text":"A menudo oirás a<br />Microsoft referirse a él"},{"start":153.68,"end":154.099,"text":"como un tablero"},{"start":154.7,"end":155.63,"text":"o una cabina,"},{"start":155.99,"end":156.83,"text":"donde puedes chatear"},{"start":157.19,"end":157.519,"text":"compartir archivos,"},{"start":158.075,"end":159.14,"text":"programar reuniones,"},{"start":159.41,"end":161.48,"text":"realizar llamadas y sesiones<br />para compartir pantalla"},{"start":161.6,"end":162.1,"text":"y más."},{"start":163.3,"end":163.779,"text":"También está diseñado"},{"start":164.2,"end":164.709,"text":"con seguridad corporativa"},{"start":165.28,"end":166.51,"text":"y de retención incluída."},{"start":166.84,"end":168.579,"text":"Para que no tengas que preocuparte<br />por problemas de cumplimiento"},{"start":169.03,"end":170.349,"text":"o perder la pista de cual aplicación"},{"start":170.66,"end":172.149,"text":"o en qué cuentas se almacenaron<br />los datos de tu"},{"start":172.48,"end":172.69,"text":"equipo."},{"start":173.32,"end":174.85,"text":"Y, por supuesto, es<br />súper fácil de usar."},{"start":174.9,"end":176.139,"text":"Y funciona muy bien<br />desde un navegador web,"},{"start":176.74,"end":177.759,"text":"desde una aplicación para PC,"},{"start":178,"end":179.769,"text":"una aplicación de Mac, o hay<br />aplicaciones móviles para ella"},{"start":179.86,"end":180.28,"text":"también."},{"start":181.16,"end":183.34,"text":"Entonces el presupuesto de nuestra<br />oficina es bastante ajustado"},{"start":183.77,"end":185.55,"text":"¿Cuál es el costo de usar"},{"start":185.62,"end":186.22,"text":"este programa?"},{"start":186.76,"end":188.439,"text":"Entonces siento que<br />debería ser uno de esos"},{"start":188.71,"end":190.6,"text":"anunciantes de Concursos de TV que<br />dicen \"sabes que vale"},{"start":190.63,"end":192.37,"text":"millones de dólares! \",<br />pero en realidad es gratis."},{"start":192.4,"end":194.169,"text":"Viene gratis con casi todas las"},{"start":194.35,"end":196.54,"text":"versiones comerciales de Office 365."},{"start":196.57,"end":198.91,"text":"Entonces, si tu empresa<br />ya tiene Office 365,"},{"start":199.21,"end":201.25,"text":"probablemente ya tengas los Equipos."},{"start":201.46,"end":202.929,"text":"Ahora no puede verlo<br />en tu interfaz de"},{"start":203.62,"end":204.19,"text":"Office 365."},{"start":204.46,"end":206.86,"text":"Tiene que ser algo que tu equipo de I.T.<br />te habilite,"},{"start":207.07,"end":208.749,"text":"pero no hay un costo real si ya"},{"start":208.99,"end":211.03,"text":"tienes un plan de Office 365 para empresas."},{"start":211.74,"end":212.979,"text":"Bueno, ya usamos los grupos de Outlook,"},{"start":213.17,"end":215.11,"text":"¿Cómo es esto diferente de los equipos?"},{"start":215.8,"end":217.39,"text":"Así que esa es una muy buena pregunta"},{"start":217.43,"end":219.46,"text":"y esto se convierte en una<br />especie de área confusa,"},{"start":219.49,"end":221.02,"text":"porque Microsoft tiene"},{"start":221.38,"end":222.849,"text":"varias herramientas diferentes de ese tipo"},{"start":223.33,"end":224.41,"text":"que hacen lo mismo."},{"start":224.44,"end":226.21,"text":"Así que vamos a revisar<br />nuestras opciones aquí."},{"start":226.54,"end":228.069,"text":"Ya hemos hablado sobre<br />Outlook, que por supuesto"},{"start":228.37,"end":229.719,"text":"es uno de los tipos de herramientas<br /> de comunicación"},{"start":230.29,"end":230.979,"text":"más antiguas: correo electrónico, calendario,"},{"start":231.46,"end":232.72,"text":"contactos y tareas."},{"start":233.08,"end":234.699,"text":"Los Grupos de Outlook son una forma de"},{"start":234.97,"end":237.04,"text":"agregar algunas de estas<br />nuevas funciones en Outlook."},{"start":237.07,"end":238.719,"text":"Entonces, lo que obtienes es que te da un grupo"},{"start":238.96,"end":239.77,"text":"de conversacion,"},{"start":240.01,"end":240.549,"text":"te da un grupo de calendario,"},{"start":241.12,"end":242.74,"text":"te facilita un área para compartir archivos en grupo,"},{"start":243.04,"end":244.779,"text":"y tienes la capacidad de conectar<br />herramientas adicionales"},{"start":245.32,"end":245.889,"text":"como Twitter"},{"start":246.37,"end":247.069,"text":"o Trello o Asuna"},{"start":247.6,"end":249.309,"text":"o la herramienta de planificador de Microsoft en"},{"start":249.58,"end":250.63,"text":"tu grupo de Outlook."},{"start":250.97,"end":252.699,"text":"Y lo bueno de los Grupos de<br />Outlook es que es accesible"},{"start":253.21,"end":254.14,"text":"desde dentro de Outlook"},{"start":254.17,"end":254.979,"text":"o desde una aplicación móvil"},{"start":255.22,"end":255.97,"text":"o de la web."},{"start":256.329,"end":258.04,"text":"Tenemos otro curso<br />sobre cómo puedes usar"},{"start":258.13,"end":259,"text":"los grupos para colaborar"},{"start":259.029,"end":259.659,"text":"con las personas con las que trabajas."},{"start":260.155,"end":261.129,"text":"De hecho, los Grupos"},{"start":261.13,"end":263.29,"text":"y los Equipos están<br />relacionados cuando creas"},{"start":263.32,"end":263.889,"text":"un Equipo de Microsoft,"},{"start":264.34,"end":266.139,"text":"también están creando un grupo de Outlook"},{"start":266.47,"end":267.42,"text":"con el mismo nombre,"},{"start":267.7,"end":269.05,"text":"para que puedas usar ambos."},{"start":269.71,"end":271.509,"text":"La diferencia es que los<br />equipos tienen la capacidad de"},{"start":271.63,"end":272.859,"text":"tener múltiples conversaciones por separado"},{"start":273.64,"end":274.74,"text":"dentro de cada equipo,"},{"start":274.75,"end":276.459,"text":"entonces con los grupos<br />de Outlook solo tienes una"},{"start":276.76,"end":278.38,"text":"conversación por cada equipo."},{"start":278.65,"end":279.79,"text":"Los equipos pueden tener múltiples."},{"start":280.36,"end":282.52,"text":"Los grupos tampoco tienen<br />la capacidad de realizar"},{"start":283.03,"end":284.049,"text":"llamadas de audio, video llamadas,"},{"start":284.47,"end":286.42,"text":"y compartir la pantalla de la forma<br />en que lo haces con los equipos."},{"start":287.05,"end":289.03,"text":"Pero los grupos tienen un calendario común,"},{"start":289.33,"end":290.62,"text":"qué equipos no tienen eso."},{"start":290.65,"end":292.51,"text":"Entonces cuando creas un equipo,"},{"start":292.6,"end":293.319,"text":"debido a que está creando un grupo,"},{"start":293.68,"end":295.269,"text":"aún puedes usar el calendario<br />común de ese grupo"},{"start":295.78,"end":297.219,"text":"para cosas que no sean reuniones"},{"start":297.67,"end":298.209,"text":"como eventos programados,"},{"start":298.57,"end":299.259,"text":"días libres, o retiros,"},{"start":299.575,"end":300.46,"text":"esa clase de cosas."},{"start":300.97,"end":302.58,"text":"Entonces, tiene sus beneficios usar ambos,"},{"start":302.59,"end":304.39,"text":"y ambos trabajan<br />bastante bien juntos."},{"start":304.96,"end":306.76,"text":"Ahora hay otras herramientas que están"},{"start":306.79,"end":307.839,"text":"menos relacionadas con los equipos."},{"start":308.225,"end":310.45,"text":"Una muy popular es<br />Skype Empresarial."},{"start":310.96,"end":312.51,"text":"Tu empresa puede tener eso también."},{"start":312.52,"end":314.11,"text":"Sé que muchas empresas lo tienen,"},{"start":314.14,"end":314.979,"text":"porque está incluido también"},{"start":315.25,"end":316.57,"text":"con Office 365"},{"start":316.84,"end":318.639,"text":"o muchas empresas tenían la versión<br />anterior llamada Microsoft"},{"start":319.18,"end":320.589,"text":"Link. Y Skype Empresarial"},{"start":321.04,"end":322.629,"text":"o Microsoft Link son una manera"},{"start":322.9,"end":324.279,"text":"en las que puedes tener chat,"},{"start":324.535,"end":325.359,"text":"puedes hacer llamadas de audio,"},{"start":325.72,"end":326.83,"text":"puedes hacer videollamadas,"},{"start":327.04,"end":327.549,"text":"puedes compartir archivos,"},{"start":328.09,"end":329.26,"text":"puedes programar reuniones."},{"start":329.56,"end":330.669,"text":"Muchas de las mismas cosas que puedes hacer"},{"start":330.82,"end":331.59,"text":"con los Equipos,"},{"start":331.96,"end":333.669,"text":"pero Skype Empresarial<br />es un poco más"},{"start":333.82,"end":334.539,"text":"complicada de usar."},{"start":335.395,"end":337.09,"text":"La interfaz quizás<br />no sea tan amigable."},{"start":337.75,"end":339.76,"text":"Y entonces Microsoft en realidad está"},{"start":339.79,"end":340.949,"text":"reemplazando a Skype Empresarial"},{"start":341.41,"end":343.179,"text":"con los Equipos en"},{"start":343.27,"end":344.14,"text":"los próximos años."},{"start":344.17,"end":345.91,"text":"Ahora estamos filmando esto en 2017."},{"start":345.94,"end":347.679,"text":"No han dicho exactamente<br />cuándo van a"},{"start":347.85,"end":348.93,"text":"hacer el cambio"},{"start":349.3,"end":351.43,"text":"y sabemos que van a<br />mantener el Skype Empresarial"},{"start":351.46,"end":353.019,"text":"por al menos otros<br />cinco a diez años,"},{"start":353.32,"end":354.55,"text":"entonces no es algo inmediato."},{"start":354.58,"end":356.59,"text":"Sin embargo, Microsoft está poniendo"},{"start":356.62,"end":358.36,"text":"toda la funcionalidad de"},{"start":358.54,"end":360.039,"text":"Skype Empresarial en los Equipos"},{"start":360.52,"end":361.12,"text":"de Microsoft."},{"start":361.42,"end":362.949,"text":"Entonces en un futuro muy<br />cercano (en algún momento del"},{"start":363.28,"end":364.87,"text":"2018, probablemente)"},{"start":365.2,"end":366.699,"text":"realmente no necesitarás<br />tener más el Skype"},{"start":367.06,"end":367.48,"text":"Empresarial."},{"start":368.35,"end":369.7,"text":"Pero hay incluso otra herramienta."},{"start":369.73,"end":372.01,"text":"Microsoft también tiene una<br />herramienta llamada Yammer"},{"start":372.49,"end":374.139,"text":"y Yammer también es muy"},{"start":374.38,"end":376.014,"text":"similar - al menos en concepto - a"},{"start":376.21,"end":377.53,"text":"lo que hacen Equipos de Microsoft"},{"start":377.85,"end":379.539,"text":"Yammer fue construido como una red social"},{"start":379.96,"end":381.64,"text":"para las empresas, algo<br />así como Facebook."},{"start":381.67,"end":383.319,"text":"Entonces la idea es que tendrías todo lo"},{"start":383.5,"end":385.09,"text":"referente a tus empleados en<br />una cuenta de Yammer."},{"start":385.12,"end":385.749,"text":"Podrían publicar cosas,"},{"start":386.14,"end":387.58,"text":"les podrían gustar las publicaciones de los demás,"},{"start":387.82,"end":388.539,"text":"podían compartir archivos,"},{"start":389.05,"end":389.679,"text":"podrían hacer un calendario,"},{"start":390.22,"end":391.69,"text":"pero en realidad se trata principalmente de"},{"start":392.14,"end":392.649,"text":"publicar comentarios"},{"start":393.13,"end":393.729,"text":"y publicar preguntas"},{"start":394.33,"end":394.899,"text":"y obtener respuestas"},{"start":395.29,"end":396.01,"text":"y ese tipo de cosas."},{"start":396.73,"end":397.989,"text":"Yammer no tiene las<br />mismas herramientas de"},{"start":398.77,"end":399.639,"text":"colaboración que los Equipos tienen."},{"start":400.03,"end":401.589,"text":"Y especialmente no tiene<br />los mismos controles de"},{"start":402.07,"end":403.42,"text":"seguridad que tienen los equipos."},{"start":403.69,"end":405.219,"text":"No tiene la capacidad<br />de hacer video"},{"start":405.52,"end":406.659,"text":"y llamadas de audio y compartir pantalla"},{"start":406.97,"end":407.77,"text":"y ese tipo de cosas."},{"start":408.16,"end":409.479,"text":"Ahora Microsoft planea apoyar"},{"start":409.99,"end":411.46,"text":"Yammer en un futuro cercano."},{"start":412.06,"end":413.439,"text":"Han tenido un poco de<br />dificultad para explicarle"},{"start":413.92,"end":415.629,"text":"a las personas cuando<br />deberían usar Yammer versus"},{"start":416.02,"end":417.429,"text":"a los Equipos así que en una conferencia"},{"start":417.91,"end":419.079,"text":"en el 2017 llegaron"},{"start":419.17,"end":420.01,"text":"con esta diapositiva."},{"start":420.43,"end":421.81,"text":"No estoy realmente seguro<br />de que ayuda en algo,"},{"start":421.84,"end":423.79,"text":"pero la forma en que lo explicaron fue que"},{"start":424.12,"end":425.799,"text":"Los Equipos serían lo que<br />usarías para las personas"},{"start":426.16,"end":427.57,"text":"en lo que ellos llaman tu círculo interno."},{"start":427.66,"end":428.289,"text":"Esta es la gente con quienes trabajas"},{"start":428.5,"end":430.24,"text":"regularmente en proyectos centrales."},{"start":430.47,"end":432.37,"text":"Yammer sería para las personas<br />que ellos denominan tu"},{"start":432.43,"end":434.049,"text":"círculo externo que son personas de toda"},{"start":434.47,"end":435.369,"text":"la organización con las que te conectas"},{"start":435.7,"end":437.14,"text":" solo ocasionalmente"},{"start":437.47,"end":438.999,"text":"y por supuesto en la parte<br />inferior también tienes Outlook"},{"start":439.45,"end":441.64,"text":"que es lo que ellos llaman<br />comunicación dirigida."},{"start":442.21,"end":443.919,"text":"La mejor manera en que<br />he escuchado esto es que"},{"start":444.1,"end":445.719,"text":"los Equipos son lo que<br />usarías cuando conoces"},{"start":445.99,"end":446.89,"text":"a las personas en el salón."},{"start":446.95,"end":449.08,"text":"Entonces, cuando colaboras con<br />personas que conoces en un proyecto,"},{"start":449.47,"end":451.179,"text":"y Yammer es lo que usarías<br />cuando no conoces a"},{"start":451.33,"end":452.26,"text":"las personas en el salón."},{"start":452.29,"end":454.059,"text":"Entonces, si estás en una<br />gran organización que"},{"start":454.15,"end":455.16,"text":"pudiera tener 10000,"},{"start":455.17,"end":456.879,"text":"100000 usuarios: no los conoces a"},{"start":457.12,"end":458.409,"text":"todos ellos, pero aún así puede<br />ser divertido comunicarse"},{"start":458.89,"end":460.629,"text":"con ellos, ahí es<br />donde Yammer tiene más"},{"start":460.81,"end":462.219,"text":"sentido. Pero para cualquier<br />tipo de colaboración"},{"start":462.94,"end":465.1,"text":"de proyectos, los Equipos van<br />a tener más sentido."},{"start":466.63,"end":467.35,"text":"Eso suena genial."},{"start":467.65,"end":468.64,"text":"¿Dónde encontraría equipos?"},{"start":469.27,"end":471.31,"text":"Bueno, vamos a ver eso<br />en el próximo módulo."}]