﻿[{"start":6.34,"end":7.95,"text":"Entonces, ¿cómo llegamos a los equipos de Microsoft?"},{"start":8.94,"end":10.229,"text":"OK como ya tienes una cuenta de"},{"start":10.92,"end":12.15,"text":"Office 365, vamos a iniciar sesión en ella."},{"start":12.21,"end":14.31,"text":"Entonces, si vas a office.com"},{"start":14.99,"end":16.02,"text":"y luego haces clic en \"iniciar sesión\"."},{"start":18.18,"end":19.139,"text":"E ingresas tu nombre de usuario"},{"start":19.53,"end":21.089,"text":"y contraseña- como ya has usado<br /> este equipo, te recuerda"},{"start":21.53,"end":22.82,"text":" - así que adelante<br />y elige iniciar."},{"start":23.67,"end":25.049,"text":"Vamos a decirle que no para<br />el propósito del día de hoy,"},{"start":25.365,"end":27.149,"text":"pero si esta fuese tu<br />computadora, normalmente querrías"},{"start":27.27,"end":28.91,"text":" elegir sí, quieres<br />permanecer conectado."},{"start":32.18,"end":34.46,"text":"Así que aquí está el menú principal de Office 365."},{"start":34.82,"end":36.199,"text":"Ahora notarás que hay<br />un ícono de Equipos"},{"start":36.65,"end":38.72,"text":"allí, el tercero desde<br />abajo hasta arriba en la fila."},{"start":39.14,"end":40.819,"text":"Pero también haz clic en el lanzador de aplicaciones"},{"start":41.24,"end":43.009,"text":"en la parte superior izquierda,<br />lo que parece una especie de cubo de Rubik"},{"start":43.31,"end":43.639,"text":"cubo de Rubik,"},{"start":44.3,"end":46.069,"text":"y también verás los Equipos"},{"start":46.25,"end":46.66,"text":"allí."},{"start":46.94,"end":47.18,"text":"OK."},{"start":47.33,"end":48.36,"text":"Va al mismo lugar."},{"start":48.38,"end":49.74,"text":"Sigamos adelante y<br />haz clic allí."},{"start":52.22,"end":54.019,"text":"OK, esta es la primera vez<br />que ingresas a Equipos de"},{"start":54.53,"end":56.329,"text":"Microsoft, por lo que te<br />está pidiendo que crees"},{"start":56.81,"end":57.68,"text":"tu primer equipo."},{"start":58.28,"end":60.2,"text":"Normalmente, si alguien estuviera<br />usando esto por primera vez,"},{"start":60.23,"end":61.849,"text":"es una gran idea crear un equipo"},{"start":62.15,"end":63.05,"text":"para experimentar."},{"start":63.44,"end":64.738,"text":"Quiero omitir este paso por ahora,"},{"start":64.904,"end":66.499,"text":"así que abajo en la parte<br />inferior, mira dónde dice ¿omitir"},{"start":66.71,"end":67.07,"text":"paso?"},{"start":67.68,"end":68.66,"text":"Adelante elige eso."},{"start":68.9,"end":69.11,"text":"Ok."},{"start":71.56,"end":73.099,"text":"Y aquí estamos en la<br />interfaz de Equipos ahora,"},{"start":73.22,"end":75.21,"text":"te está dando algo de la<br />presentación de qué son los"},{"start":75.22,"end":76.389,"text":"equipos así que vamos solo a continuar"},{"start":76.6,"end":77.5,"text":"y hojearla un poco."},{"start":78.28,"end":79.96,"text":"Los Equipos pueden reunir a tu equipo,"},{"start":80.17,"end":81.009,"text":"pueden chatear entre ellos"},{"start":81.25,"end":81.97,"text":"con los grupos,"},{"start":82.2,"end":83.77,"text":"puedes conectarte con<br />reuniones en línea,"},{"start":84.01,"end":84.759,"text":"puedes usar archivos,"},{"start":85.21,"end":86.02,"text":"notas, aplicaciones,"},{"start":86.08,"end":87.62,"text":"y más, todo en un solo lugar."},{"start":88.73,"end":89.42,"text":"Y estamos listos."},{"start":89.99,"end":91.28,"text":"Entonces, vamos."},{"start":92.57,"end":93.98,"text":"Esta es la interfaz de Equipos"},{"start":94.01,"end":95.68,"text":"y lo estás usando desde<br />la aplicación web."},{"start":95.72,"end":96.91,"text":"No hay nada en tu PC,"},{"start":96.92,"end":98.29,"text":"esto está completamente de la web"},{"start":98.63,"end":100.7,"text":"y funciona bastante bien."},{"start":101.21,"end":102.379,"text":"No todas las funciones funcionaran,"},{"start":102.68,"end":104.179,"text":"en particular ahora<br />que estamos filmando"},{"start":104.6,"end":106.52,"text":"esto, las llamadas de audio<br />y video no funcionan."},{"start":106.76,"end":108.34,"text":"Algunas de las otras<br />características no funcionan"},{"start":108.59,"end":110.21,"text":"pero la mayoría de todo lo demás si lo hace."},{"start":110.6,"end":111.919,"text":"Pero sigamos adelante"},{"start":112.1,"end":113.509,"text":"y descarga la aplicación de escritorio"},{"start":114.11,"end":114.89,"text":"en esta PC."},{"start":114.95,"end":116.21,"text":"Ahora hay dos formas en que puedes hacerlo."},{"start":116.63,"end":118.73,"text":"Como sabe que no lo<br />tienes en esta PC"},{"start":118.76,"end":120.499,"text":"observa que te da esa gran<br />pancarta azul en la"},{"start":120.62,"end":121.07,"text":"parte superior."},{"start":121.49,"end":123.139,"text":"Dice, \"¿Desea una experiencia de"},{"start":123.32,"end":124.13,"text":"colaboración aún más rápida?\""},{"start":124.16,"end":125.929,"text":"Descargue la aplicación de escritorio.<br />\"Puede hacer clic en"},{"start":126.05,"end":127.1,"text":"el botón de descarga allí."},{"start":128.09,"end":129.89,"text":"Pero digamos que<br />omitiste esa parte"},{"start":130.13,"end":131.55,"text":"y luego quieres volver allí."},{"start":131.57,"end":133.339,"text":"Sigue adelante y haz clic en la \"X\"<br />allí para cerrar esa pequeña pancarta"},{"start":133.7,"end":135.65,"text":" y te mostraré otra<br />forma de llegar allí."},{"start":136.36,"end":138.139,"text":"En la parte inferior izquierda<br />tienes lo que se llama"},{"start":138.26,"end":139.13,"text":"menú de cuentas."},{"start":139.52,"end":140.509,"text":"Tienes tus iniciales allí,"},{"start":140.585,"end":141.069,"text":"en el pequeño círculo gris."},{"start":141.63,"end":142.73,"text":"Haz clic allí,"},{"start":143.64,"end":145.309,"text":"y notarás que abajo<br />hay dos enlaces"},{"start":145.67,"end":147.019,"text":"para descargar la aplicación de escritorio"},{"start":147.26,"end":148.13,"text":"o la aplicación móvil."},{"start":148.51,"end":150.019,"text":"Estamos en una PC de escritorio, por lo que<br />queremos descargar la aplicación"},{"start":150.47,"end":150.73,"text":"de escritorio."},{"start":150.74,"end":152.06,"text":"Así que adelante y haz clic allí,"},{"start":154.77,"end":155.78,"text":"y continua y elige ejecutar"},{"start":155.79,"end":157.77,"text":"y comenzará a<br />instalarla en tu PC."},{"start":158.21,"end":159.749,"text":"Ahora vemos que de<br />repente tienes muchos"},{"start":160.14,"end":161.789,"text":"mensajesde algo llamado T-Bot"},{"start":162.06,"end":163.82,"text":"mientras estábamos allí.<br />Vamos a hablar sobre Teba"},{"start":164.02,"end":165.18,"text":"en unos pocos módulos más."},{"start":165.75,"end":167.49,"text":"Mientras tanto, mientras se<br />está instalando en la tuya,"},{"start":167.52,"end":168.369,"text":"Echémosle un vistazo a la"},{"start":169.535,"end":170.116,"text":"mía. Ahora,"},{"start":170.408,"end":172.079,"text":"Los Equipos cuando los abres<br />retoman donde los dejaste"},{"start":172.44,"end":174.119,"text":" así que debo haberlo<br />dejado en este canal de"},{"start":174.42,"end":175.39,"text":"curso en desarrollo."},{"start":175.42,"end":176.74,"text":"Hablaremos de eso en un momento."},{"start":177.03,"end":178.319,"text":"Pero solo para darle un<br />recorrido por la interfaz,"},{"start":178.8,"end":180.21,"text":"comencemos en la esquina superior izquierda."},{"start":180.69,"end":182.309,"text":"Así que en la esquina superior<br />izquierda teníamos esta cosa llamada"},{"start":182.58,"end":183.24,"text":"actividad"},{"start":183.87,"end":186.12,"text":"y la actividad en realidad<br />tiene tres secciones."},{"start":186.48,"end":187.98,"text":"La primera sección es la alimentación."},{"start":188.37,"end":190.139,"text":"Esto es algo así como si<br />tu fuente de noticias"},{"start":190.35,"end":191.099,"text":"de Facebook o LinkedIn"},{"start":191.52,"end":193.2,"text":"o algo similar. Lo que<br />está haciedo es"},{"start":193.53,"end":195.239,"text":"mostrarte cualquier comentario que<br />alguien haya"},{"start":195.57,"end":197.129,"text":"hecho en cualquier parte de cualquier equipo"},{"start":197.55,"end":199.229,"text":"o en cualquier sesión de chat donde"},{"start":199.41,"end":200.82,"text":"o te menciono"},{"start":201.36,"end":203.159,"text":"o donde respondieron<br />a un comentario que"},{"start":203.25,"end":204.809,"text":" hiciste, así puedes ver que Jennifer"},{"start":205.38,"end":206.849,"text":"me ha mencionado o<br />respondido a mis comentarios"},{"start":207.27,"end":208.08,"text":"tres veces."},{"start":208.92,"end":210.32,"text":"Mencioné que había<br />tres secciones,"},{"start":210.33,"end":212.039,"text":"las otras están bajo este<br />pequeño menú desplegable"},{"start":212.43,"end":214.019,"text":"aquí. También podría ver"},{"start":214.26,"end":215.35,"text":" mi actividad de equipo."},{"start":216.98,"end":219.32,"text":"Y esto me muestra<br />todo lo que ha sucedido"},{"start":219.68,"end":220.97,"text":"en cualquiera de mis equipos,"},{"start":221.48,"end":222.98,"text":"en orden secuencial inverso,"},{"start":223.28,"end":224.059,"text":"entonces puedo volver y ver."},{"start":224.3,"end":226.33,"text":"Si quiero ver lo que sucedió<br />en los últimos días,"},{"start":226.34,"end":227.75,"text":"puedo regresar y hacer clic<br />en cualquiera de estos"},{"start":228.14,"end":230.53,"text":"y me llevará a esa conversación"},{"start":230.54,"end":231.29,"text":"en ese equipo;"},{"start":231.44,"end":233.179,"text":"y de nuevo cubriremos eso en<br /> más detalle dentro de"},{"start":233.39,"end":233.63,"text":"poco."},{"start":234.2,"end":236.21,"text":"La tercera sección es mi actividad,"},{"start":237.6,"end":239.01,"text":"y esto te muestra las cosas que"},{"start":239.61,"end":241.26,"text":"has hecho, en este<br />caso lo que he hecho"},{"start":241.89,"end":243.87,"text":"más recientemente. Entonces puedo ver estas"},{"start":244.29,"end":245.069,"text":"publicaciones que hice,"},{"start":245.4,"end":247.23,"text":"publiqué en este canal<br />de desarrollo del curso,"},{"start":247.71,"end":249.389,"text":"publiqué"},{"start":249.72,"end":250.289,"text":"mucho en el desarrollo del curso,"},{"start":250.77,"end":253.13,"text":"publiqué una cosa<br />en el canal general"},{"start":256.85,"end":257.969,"text":"y así. Si hago clic en ellas,"},{"start":258.105,"end":259.889,"text":"me llevan directamente a las mismas<br />sin importar el canal en que"},{"start":260.04,"end":260.31,"text":"están."},{"start":260.92,"end":262.589,"text":"Ahora, si vuelvo a mi alimentación,"},{"start":263.73,"end":265.28,"text":"una vez que estás usando realmente esto,"},{"start":265.29,"end":267.029,"text":"especialmente si estás es<br />una organización que tiene"},{"start":267.39,"end":268.289,"text":"miles y miles de usuarios,"},{"start":268.755,"end":269.939,"text":"puede haber mucha información"},{"start":270.57,"end":272.39,"text":"aquí. Entonces puedes filtrarla"},{"start":272.4,"end":273.78,"text":"con este botón de filtro aquí."},{"start":274.17,"end":276.18,"text":"Entonces puedes elegir ver solo las"},{"start":276.24,"end":277.109,"text":"notificaciones no leídas,"},{"start":277.56,"end":279.36,"text":"solo ver las veces en<br />que te han mencionado"},{"start":279.57,"end":280.76,"text":"que en este caso es solo una,"},{"start":281.45,"end":283.14,"text":"puedo eliminarla<br />haciendo clic en la \"X\","},{"start":283.74,"end":285.69,"text":"o puedo simplemente elegir ver las respuestas,"},{"start":286.62,"end":287.79,"text":"que en este caso no hay ninguna."},{"start":289.21,"end":290.919,"text":"También puedo elegir ver solo a las<br />personas que estoy siguiendo"},{"start":291.37,"end":293.11,"text":"o simplemente ver las personas a las que<br />les han gustado mis publicaciones."},{"start":294.71,"end":296.419,"text":"Observa que también tengo este<br />cuadro de búsqueda aquí en la"},{"start":296.54,"end":297.08,"text":"parte superior."},{"start":297.56,"end":299.359,"text":"Ahora esto no es solo para buscar en la"},{"start":299.51,"end":300.44,"text":"sección de actividad."},{"start":300.47,"end":301.789,"text":"Esto es en realidad<br />buscar en todos los Equipos"},{"start":302.36,"end":302.9,"text":"de Microsoft,"},{"start":303.2,"end":304.489,"text":"así que cualquier cosa que ponga aquí,"},{"start":304.88,"end":306.199,"text":"si coloco \"Jennifer\""},{"start":307.04,"end":308.44,"text":"por ejemplo,"},{"start":310.85,"end":312.71,"text":"voy a ver los comentarios<br />de Jennifer."},{"start":312.73,"end":314.359,"text":"También vería los comentarios<br />que alguien más hizo"},{"start":314.66,"end":315.98,"text":"en que usaron la palabra Jennifer."},{"start":316.87,"end":319.55,"text":"Si hiciera una búsqueda de"},{"start":320.12,"end":321.619,"text":"\"emoji\" Veo que usó la palabra<br />emoji en una publicación"},{"start":321.98,"end":323.93,"text":"y puedo hacer clic en allí para ir<br />directamente a esa publicación."},{"start":325.31,"end":326.75,"text":"Entonces si quiero"},{"start":327.83,"end":328.399,"text":"señalar a alguien"},{"start":328.635,"end":329.869,"text":"o resaltar el nombre de alguien,"},{"start":330.185,"end":331.959,"text":"estaría usando el mismo símbolo de \"@\" que"},{"start":332.61,"end":333.258,"text":"usaría en las redes sociales"},{"start":333.35,"end":335.029,"text":"Exactamente. Hablaremos<br />de eso en un momento"},{"start":335.18,"end":335.48,"text":"también."},{"start":336.14,"end":337.46,"text":"Sin embargo, funciona<br />exactamente de la misma manera."},{"start":338.36,"end":339.949,"text":"Sigamos adelante y mostremos<br />el resto de la interfaz,"},{"start":340.19,"end":342.11,"text":"entonces cerraré esta búsqueda."},{"start":342.13,"end":343.819,"text":"Pero simplemente moviéndome<br />por el lado izquierdo"},{"start":344.15,"end":345.53,"text":"aquí, estábamos en la actividad."},{"start":345.55,"end":346.58,"text":"Si vamos al chat,"},{"start":346.94,"end":349.19,"text":"aquí es donde tendremos<br />las conversaciones privadas."},{"start":349.49,"end":351.259,"text":"Estas son conversaciones<br />que no son visibles por"},{"start":351.41,"end":352.819,"text":"otras personas, excepto las<br />personas en la conversación"},{"start":353.39,"end":354.94,"text":"por supuesto, porque de lo contrario<br />estás hablando contigo mismo"},{"start":355.01,"end":355.76,"text":"y eso no tiene sentido."},{"start":356.51,"end":357.649,"text":"Puedes hablar con cada persona,"},{"start":358.01,"end":359.72,"text":"también puedes hablar con<br />un grupo de personas,"},{"start":359.93,"end":362,"text":"tal vez dos o tres colegas<br />con los que quieras hablar."},{"start":362.57,"end":364.19,"text":"También puedes hablar con un bot de chat."},{"start":364.43,"end":366.199,"text":"Puedes ver un par de<br />bots de chat aquí."},{"start":366.38,"end":368.089,"text":"Vamos a hablar sobre lo que<br />es un bot de chat dentro de"},{"start":368.27,"end":368.54,"text":"poco."},{"start":368.75,"end":369.709,"text":"Ahora cuando estoy en esta sesión de chat,"},{"start":370.13,"end":371.869,"text":"lo que estoy viendo aquí son<br />las diferentes conversaciones"},{"start":372.68,"end":374.119,"text":"que tengo; diferentes grupos de personas"},{"start":374.48,"end":376.1,"text":"o individuos con los que esté hablando."},{"start":376.46,"end":377.029,"text":"Entonces este es mi chat"},{"start":377.27,"end":377.93,"text":"con Jennifer."},{"start":378.26,"end":379.58,"text":"Esta es mi charla con Aaron."},{"start":379.91,"end":381.26,"text":"Esta es mi charla con Ron,"},{"start":381.62,"end":383.54,"text":"y puedo hacer clic adelante<br />y atrás obviamente para ver"},{"start":383.99,"end":385.1,"text":"los diferentes chats."},{"start":385.52,"end":386.869,"text":"Entonces puedo ver"},{"start":387.44,"end":388.85,"text":"\"conversación\" subrayada allí.<br />¿Qué significa eso?"},{"start":388.88,"end":390.48,"text":"Veo los otros encabezados."},{"start":391.04,"end":392.329,"text":"Sí. Entonces hay diferentes secciones"},{"start":392.9,"end":394.159,"text":"para cada uno de estos chats,"},{"start":394.6,"end":395.04,"text":"básicamente."},{"start":395.55,"end":397.64,"text":"Entonces, si voy dígamos a la<br />conversación de Jennifer,"},{"start":398.39,"end":399.859,"text":"en la sección de conversación<br />que estoy viendo"},{"start":400.31,"end":401.569,"text":"están todos los mensajes que hemos"},{"start":401.78,"end":403.81,"text":"tenido. También como puedes<br />ver podemos enviar emojis"},{"start":404.07,"end":404.839,"text":"y .gifs"},{"start":405.26,"end":406.22,"text":"y todo tipo de cosas."},{"start":406.76,"end":407.96,"text":"También podemos enviar archivos."},{"start":408.41,"end":409.67,"text":"Ahora no tenemos en este caso,"},{"start":409.7,"end":411.379,"text":"pero si uno de los dos<br />hubiera enviado algun"},{"start":411.53,"end":413.24,"text":"archivos estarían aquí."},{"start":414.2,"end":415.88,"text":"También esta la pestaña de organización."},{"start":415.91,"end":417.709,"text":"Ahora, en un negocio más pequeño esto"},{"start":417.92,"end":419.419,"text":"generalmente no funcionará<br />porque esto requiere"},{"start":420.05,"end":421.759,"text":"que la información haya sido ingresada en"},{"start":421.91,"end":424.01,"text":"Office 365 sobre"},{"start":424.76,"end":425.99,"text":"a quien reportar"},{"start":426.14,"end":427.61,"text":"y quien te reporta a ti."},{"start":428,"end":428.569,"text":"Así que sigue adelante"},{"start":428.81,"end":430.63,"text":"y hazlo con Aaron solo para"},{"start":430.65,"end":431.48,"text":"que puedas ver."},{"start":431.98,"end":433.43,"text":"Entonces, si vamos a la pestaña de Aaron"},{"start":433.82,"end":434.98,"text":"y vamos a la organización,"},{"start":435.95,"end":437.57,"text":"puedes ver que él me reporta a mi"},{"start":438.2,"end":440.09,"text":"y que tiene a Daniel<br />reportándole a él,"},{"start":440.12,"end":441.529,"text":"y podría tener muchos quienes<br />le están reportando"},{"start":441.97,"end":442.67,"text":"a él aquí por aquí."},{"start":443.3,"end":444.919,"text":"El beneficio de esto es que<br />veces si estás en una gran"},{"start":445.22,"end":446.869,"text":"organización en la que no siempre<br />conoces a quienes trabajan"},{"start":447.2,"end":448.969,"text":"para quién y dónde,<br /> su posición en la"},{"start":449.06,"end":449.78,"text":"organización."},{"start":450.8,"end":452.479,"text":"Si esta información<br />ha sido llenada por"},{"start":452.69,"end":453.68,"text":"tu personal de I.T. ,"},{"start":454.1,"end":455.15,"text":"entonces la podrás ver,"},{"start":455.21,"end":456.35,"text":"ya sabes, para quién trabajan."},{"start":456.69,"end":457.849,"text":"Y mira que también puedo comunicarme"},{"start":458,"end":458.809,"text":"y contactar a estas personas."},{"start":459.035,"end":460.129,"text":"Entonces, si quería llamar a Aaron,"},{"start":460.54,"end":461.96,"text":"comienzo una videollamada con Aaron,"},{"start":462.02,"end":462.93,"text":"le envío un correo electrónico a Aaron,"},{"start":463.25,"end":464,"text":"Podría hacerlo."},{"start":464.45,"end":466.19,"text":"Puedo hacer lo mismo<br />haciendo clic en \"Chip\""},{"start":466.79,"end":468.91,"text":"y puedo enviarle un mensaje de chat,"},{"start":468.94,"end":470.21,"text":"correo electrónico, una llamada telefónica."},{"start":470.43,"end":471.109,"text":"Por supuesto en mi caso,"},{"start":471.35,"end":473.029,"text":"Me estaría llamando<br />así que probablemente"},{"start":473.3,"end":473.84,"text":"estaría ocupado."},{"start":475.36,"end":477.039,"text":"La actividad te muestra todo lo que"},{"start":477.19,"end":478.32,"text":"la persona ha hecho últimamente."},{"start":478.4,"end":478.989,"text":"Volvamos con Jennifer."},{"start":479.26,"end":481.39,"text":"Si hacemos clic en \"Actividad\","},{"start":481.99,"end":483.789,"text":"podemos ver que ella ha estado<br />publicando en algunos canales diferentes"},{"start":484.18,"end":485.859,"text":"recientemente. Entonces, si<br />quiero ver lo que esa persona"},{"start":486.03,"end":487.03,"text":"ha hecho recientemente,"},{"start":487.06,"end":488.68,"text":"básicamente es lo que la actividad hace por nosotros."},{"start":489.7,"end":490.599,"text":"Ahora con una persona normal,"},{"start":490.9,"end":492.1,"text":"esas son las que tienes."},{"start":492.13,"end":493.6,"text":"Entonces, veamos a Ron, por ejemplo."},{"start":494.05,"end":495.609,"text":"Así que estas son con las que<br />comienzas: siempre"},{"start":495.88,"end":496.029,"text":"tienes la conversación,"},{"start":496.69,"end":497.769,"text":"siempre tienes los archivos"},{"start":498.205,"end":499.029,"text":"siempre tienes la organización,"},{"start":499.615,"end":500.619,"text":"siempre tienes la actividad,"},{"start":501.28,"end":502.929,"text":"y luego tienes este botón más"},{"start":503.23,"end":505.06,"text":"donde puedes agregar pestañas adicionales."},{"start":505.6,"end":506.859,"text":"Entonces en este caso"},{"start":507.16,"end":508.869,"text":"con chat solo tenemos<br />dos opciones por"},{"start":509.11,"end":511.14,"text":"ahora: podemos agregar un activar"},{"start":511.15,"end":513.2,"text":"B.I. Dashboard o podemos agregar un sitio web"},{"start":513.48,"end":514.509,"text":"y si vamos a agregar un sitio web,"},{"start":514.84,"end":516.07,"text":"solo nos pide"},{"start":516.789,"end":517.75,"text":"el nombre del sitio web"},{"start":517.78,"end":518.76,"text":"y la URL."},{"start":518.96,"end":520.494,"text":"Y lo hice de hecho con Jennifer."},{"start":520.78,"end":522.279,"text":"Ella hace la edición de video para nosotros,"},{"start":522.44,"end":524.249,"text":"entonces ella puede ver que yo"},{"start":524.25,"end":525.24,"text":"agregué un sitio web,"},{"start":525.94,"end":527.379,"text":"y el sitio web es en realidad<br />un enlace a su canal de"},{"start":527.83,"end":529.21,"text":"YouTube. Cuando hago clic allí,"},{"start":529.48,"end":531.129,"text":"puedo ver el sitio<br />web aquí dentro"},{"start":531.55,"end":532,"text":"del chat."},{"start":532.54,"end":534.41,"text":"Entonces, si alguien tiene un sitio web"},{"start":534.43,"end":535.449,"text":"que se relaciona con ellos"},{"start":535.75,"end":537.489,"text":"o si se trata de una conversación<br />que estás teniendo y a la que"},{"start":537.58,"end":538.629,"text":"quieres volver una"},{"start":538.84,"end":539.5,"text":"y otra vez,"},{"start":540.07,"end":541.9,"text":"puedes agregar ese sitio web aquí"},{"start":541.93,"end":543.79,"text":"como una pestaña separada en tu chat."},{"start":544.89,"end":546.519,"text":"Fíjate que mientras estamos aquí<br />también tenemos la facultad"},{"start":546.91,"end":548.38,"text":"para marcar a esa persona."},{"start":548.59,"end":550.45,"text":"Eso solo significa que van a<br />aparecer en tus favoritos."},{"start":550.59,"end":551.319,"text":"Para que lo puedas ver<br />aquí a la izquierda,"},{"start":551.47,"end":552.88,"text":"tengo una sección de favoritos"},{"start":553.18,"end":554.5,"text":"y luego una sección para lo reciente."},{"start":555.16,"end":555.909,"text":"Mis favoritos son Jennifer"},{"start":556.3,"end":558.37,"text":"y Aaron y los otros son Ron"},{"start":558.38,"end":559.32,"text":"y luego los dos bots."},{"start":559.48,"end":561.49,"text":"Ahora hay muchas otras<br />personas en la organización,"},{"start":561.55,"end":562.299,"text":"y veremos cómo puedo chatear"},{"start":562.54,"end":564.01,"text":"con ellos en un módulo posterior."},{"start":564.58,"end":565.969,"text":"También fíjate aquí arriba en la esquina superior derecha"},{"start":566.13,"end":567.869,"text":"y verás que tenemos estos<br />íconos para comenzar"},{"start":568.1,"end":568.989,"text":"una video llamada con esta persona,"},{"start":569.32,"end":570.55,"text":"iniciar una llamada de audio,"},{"start":570.82,"end":572.95,"text":"o  agregar personas<br />adicionales a este chat"},{"start":573.19,"end":575.02,"text":"y hablaremos de estos<br />en un módulo posterior."},{"start":575.41,"end":577.48,"text":"Probablemente la parte más importante<br />de los equipos de Microsoft"},{"start":577.51,"end":578.65,"text":"sean los Equipos."},{"start":579.93,"end":581.7,"text":"Así que en los equipos es donde podemos crear"},{"start":581.76,"end":583.74,"text":"un equipo. Un equipo es un grupo de personas"},{"start":583.83,"end":585.63,"text":"que comparten una<br />interfaz de colaboración"},{"start":586.34,"end":588.089,"text":"y luego dentro de cada<br />equipo tenemos diferentes"},{"start":588.42,"end":589.05,"text":"canales."},{"start":589.39,"end":590.429,"text":"Ahora todos los equipos comienzan"},{"start":590.73,"end":592.1,"text":"con un canal llamado \"General\"."},{"start":592.44,"end":594.06,"text":"No puedes cambiar eso,<br />no puedes eliminarlo,"},{"start":594.27,"end":595.289,"text":"pero puedes agregar canales adicionales."},{"start":595.77,"end":597.359,"text":"Entonces, puedes tener un grupo<br />de personas con las que trabajas"},{"start":597.72,"end":599.339,"text":" tal vez estás<br />trabajando en un proyecto"},{"start":599.67,"end":600.75,"text":"de producción de un video,"},{"start":600.99,"end":602.429,"text":"pero parte de la conversación"},{"start":603.06,"end":603.869,"text":"tiene que ver con el contenido,"},{"start":604.62,"end":605.939,"text":"y parte de la conversación<br />tiene que ver"},{"start":606.12,"end":606.269,"text":"con la distribución,"},{"start":607.08,"end":608.399,"text":"y parte de la conversación<br />tiene que ver"},{"start":608.64,"end":609.569,"text":"con el reclutamiento de actores"},{"start":610.08,"end":611.609,"text":"o lo que sea, y quieres<br />mantener esas conversaciones"},{"start":612.3,"end":612.78,"text":"separadas."},{"start":613.17,"end":614.28,"text":"Para eso están los canales."},{"start":614.61,"end":617.04,"text":"Mismo grupo de personas<br />diferentes conversaciones."},{"start":617.82,"end":618.869,"text":"Ten en cuenta que dentro de cada canal,"},{"start":619.29,"end":620.639,"text":"Tengo pestañas similares en la parte superior."},{"start":620.91,"end":621.959,"text":"Así que tengo conversaciones de nuevo,"},{"start":622.185,"end":623.34,"text":"Tengo archivos de nuevo."},{"start":623.67,"end":625.409,"text":"En este caso, se han<br />agregado archivos a este"},{"start":625.62,"end":627.39,"text":"grupo. Veremos cómo<br />hacerlo más tarde."},{"start":628.02,"end":629.01,"text":"También hay una wiki,"},{"start":629.02,"end":630.24,"text":"lo veremos un poco más tarde,"},{"start":630.75,"end":632.39,"text":"y también podemos agregar pestañas aquí,"},{"start":632.41,"end":634.38,"text":"tenemos muchas más opciones<br />sobre lo que podemos agregar."},{"start":634.65,"end":635.82,"text":"Lo veremos más tarde también."},{"start":638.38,"end":639.129,"text":"Bajando por la línea,"},{"start":639.355,"end":640.39,"text":"tenemos \"Reuniones\"."},{"start":640.66,"end":642.129,"text":"Aquí es donde puedes<br />programar una reunión"},{"start":642.55,"end":643.989,"text":" dentro de tu equipo,"},{"start":644.41,"end":645.4,"text":"dentro de tu canal"},{"start":645.73,"end":646.599,"text":"Puede ser una conferencia de audio"},{"start":647.11,"end":648.14,"text":"pantalla de videoconferencia,"},{"start":648.22,"end":649.06,"text":"sesión de intercambio,"},{"start":649.45,"end":650.679,"text":"cualquiera de esos. Y<br />esto realmente se integra"},{"start":651.22,"end":652.87,"text":"con todos en Microsoft Outlook."},{"start":652.97,"end":654.82,"text":"Lo pondrá en el calendario de todos"},{"start":655.03,"end":656.53,"text":"y se asegurará de que nadie<br />se olvide de la reunión."},{"start":657.37,"end":658.96,"text":"Finalmente tenemos una sección de archivos."},{"start":659.26,"end":660.669,"text":"Aquí es donde puedo ver los archivos"},{"start":661.15,"end":662.139,"text":"que están en cualquiera de mis equipos"},{"start":662.56,"end":663.55,"text":"o en cualquiera de mis chats."},{"start":663.58,"end":664.209,"text":"No importa dónde estén,"},{"start":664.45,"end":665.89,"text":"puedo verlos todos desde aquí."},{"start":667.09,"end":669.07,"text":"Finalmente, moviéndome hacia abajo<br />en la lista, tengo un ícono de"},{"start":669.1,"end":669.58,"text":"comentarios."},{"start":670,"end":671.769,"text":"Aquí es donde de hecho puedo<br />enviar comentarios a Microsoft"},{"start":672.34,"end":673.76,"text":"sobre cosas que me gustaría que mejoren"},{"start":673.78,"end":674.8,"text":"con los equipos de Microsoft."},{"start":675.19,"end":676.419,"text":"Los equipos siguen siendo un programa muy nuevo,"},{"start":676.68,"end":678.369,"text":"así que están muy abiertos<br />a comentarios sobre cómo"},{"start":678.49,"end":679.09,"text":"hacer para mejorarlos."},{"start":680.47,"end":682.54,"text":"En la parte inferior, tengo<br />el ícono de mi cuenta."},{"start":682.6,"end":683.169,"text":"Lo viste en el tuyo,"},{"start":683.5,"end":684.909,"text":"y lo usamos para<br />descargar tu aplicación de"},{"start":685.42,"end":685.66,"text":"escritorio."},{"start":686.29,"end":687.159,"text":"Y aquí puedo hacer algunas cosas."},{"start":687.48,"end":688.66,"text":"Puedo cambiar mi imagen."},{"start":689.17,"end":691.44,"text":"Es posible que tenga más<br />de una cuenta de equipos,"},{"start":691.63,"end":693.7,"text":"y en mi caso es así porque tengo"},{"start":694.09,"end":695.529,"text":"nuestra propia cuenta,<br />nuestra cuenta de organización"},{"start":696.07,"end":697.569,"text":"interna. Yo también soy un invitado"},{"start":698.14,"end":699.43,"text":"en la cuenta de otra persona"},{"start":699.46,"end":701.12,"text":"y entonces puedo cambiar a eso aquí"},{"start":701.13,"end":702.53,"text":"y veremos eso un poco<br />más tarde también."},{"start":703.85,"end":704.589,"text":"Tengo mi indicador de presencia,"},{"start":705,"end":706.099,"text":"entonces puedo decirle a la<br />gente si estoy disponible"},{"start":706.49,"end":707.72,"text":"u ocupado, lo veremos luego."},{"start":708.74,"end":709.519,"text":"Puedo guardar cosas,"},{"start":709.85,"end":710.509,"text":"entonces puedo guardar conversaciones"},{"start":711.38,"end":712.729,"text":"o guarde los chats<br />y aparecerán aquí."},{"start":712.94,"end":714.77,"text":"No tengo chats guardados<br />en este momento,"},{"start":714.78,"end":715.16,"text":"Supongo."},{"start":717.23,"end":718.5,"text":"Y finalmente, tengo algunos ajustes,"},{"start":718.51,"end":719.71,"text":"tengo ayuda y atajos,"},{"start":720.07,"end":721.299,"text":"puedo actualizar mi aplicación de escritorio"},{"start":721.48,"end":722.77,"text":"y por supuesto descargar<br />la aplicación móvil,"},{"start":722.8,"end":723.94,"text":"y por supuesto puedo desconectarme."},{"start":725.1,"end":726.88,"text":"Ahora, también debería mencionar eso"},{"start":727.36,"end":728.41,"text":"muchas de estas características"},{"start":728.44,"end":730.48,"text":"y los equipos en sí mismo dependen"},{"start":730.57,"end":732.159,"text":"en lo que habilite su administrador"},{"start":732.43,"end":733.03,"text":"I.T.."},{"start":733.36,"end":734.889,"text":"Si tus administradores I.T.<br />no han habilitado"},{"start":735.25,"end":736.03,"text":"los equipos en absoluto,"},{"start":736.21,"end":738.24,"text":"o si han desactivado ciertas<br />características dentro"},{"start":738.25,"end":739.789,"text":"Equipos, entonces la<br />interfaz que ves"},{"start":740.07,"end":741.95,"text":"pudiera ser ligeramente diferente<br />de lo que estamos viendo aquí."},{"start":743.43,"end":743.849,"text":"Eso es realmente asombroso,"},{"start":744.48,"end":746.189,"text":"pero no tengo ningún equipo en mi"},{"start":746.34,"end":747.78,"text":"equipo entonces, ¿cómo lo consigo?"},{"start":748.32,"end":749.49,"text":"Correcto, entonces tu cuenta es nueva"},{"start":749.52,"end":751.139,"text":"y no dejamos que<br />creara un equipo para"},{"start":751.35,"end":753.059,"text":"nosotros, así que en el próximo<br />módulo veamos cómo puedes"},{"start":753.24,"end":755.16,"text":"crear y administrar los equipos<br />de los que eres parte."}]