﻿[{"start":11.69,"end":13.819,"text":"So, are you like the socket,"},{"start":13.82,"end":15.04,"text":"or the electric cord?"},{"start":17.99,"end":18.662,"text":"Excuse me?"},{"start":20.14,"end":21.145,"text":"I don't know a lot about gay dudes."},{"start":21.89,"end":23.74,"text":"Just wondering how it all works."},{"start":29.34,"end":29.34,"text":"(Sighs)."},{"start":29.341,"end":29.59,"text":"What'd I do?"},{"start":30.94,"end":32.719,"text":"These reports are due by next week."},{"start":32.72,"end":33.608,"text":"I figured we could hash out our"},{"start":34.75,"end":35.779,"text":"ideas until lunch."},{"start":35.803,"end":36.414,"text":"Take charge, Deela!"},{"start":37.99,"end":39.034,"text":"A little tight,"},{"start":39.46,"end":39.826,"text":"isn't it?"},{"start":41.18,"end":42.943,"text":"Must be serious about that raise."},{"start":59.94,"end":61.352,"text":"Hi, I'm Jacki Flynn."},{"start":61.62,"end":63.02,"text":"And I'm Jeremy Pickens"},{"start":63.09,"end":64.812,"text":"and this course is Awkward at the<br />Office,"},{"start":65.04,"end":65.999,"text":"reducing sexual"},{"start":66,"end":67.322,"text":"and workplace harassment."},{"start":67.89,"end":69.989,"text":"In this course, we are going to take<br />a look at workplace"},{"start":69.99,"end":70.76,"text":"harassment,"},{"start":71.01,"end":72.68,"text":"especially sexual harassment."},{"start":73.17,"end":74.93,"text":"Jeremy and I will be your teachers,"},{"start":75.01,"end":76.259,"text":"and along the way we'll check in"},{"start":76.26,"end":76.699,"text":"with Adeela,"},{"start":77.16,"end":78.389,"text":"Jason, Lisa"},{"start":78.39,"end":80.219,"text":"and Michael to see examples of"},{"start":80.22,"end":82.17,"text":"how harassment can affect the<br />workplace."},{"start":83.54,"end":85.419,"text":"There are six short video modules in"},{"start":85.42,"end":86.199,"text":"this course,"},{"start":86.2,"end":87.27,"text":"including this one,"},{"start":87.55,"end":88.479,"text":"as well as a handout"},{"start":88.48,"end":89.79,"text":"and other resources."},{"start":90.49,"end":91.839,"text":"After taking this module,"},{"start":91.84,"end":93.849,"text":"you will be able to describe"},{"start":93.85,"end":95.589,"text":"different forms of sexual harassment"},{"start":95.59,"end":97.38,"text":"and its effects on the workplace,"},{"start":97.78,"end":99.819,"text":"explain the prevalence of sexual<br />harassment"},{"start":99.82,"end":101.03,"text":"in the workplace"},{"start":101.1,"end":103.209,"text":"and that any gender can be the<br />harasser"},{"start":103.21,"end":103.992,"text":"or the harassed, discuss"},{"start":105.28,"end":107.289,"text":"how stereotypes play into most<br />people's"},{"start":107.29,"end":109.41,"text":"concepts of who commits harassment"},{"start":109.66,"end":110.699,"text":"and who experiences it,"},{"start":110.7,"end":112.569,"text":"and list"},{"start":112.57,"end":114.54,"text":"the harm caused by sexual harassment"},{"start":114.58,"end":115.74,"text":"to the individual"},{"start":115.9,"end":117.06,"text":"and to the company."},{"start":117.58,"end":119.25,"text":"Before we go back to our story,"},{"start":119.38,"end":121.269,"text":"many of you may be thinking \"why"},{"start":121.27,"end":122.47,"text":"should I care about this?\""},{"start":123.37,"end":124.449,"text":"We should all care,"},{"start":124.45,"end":126.489,"text":"because the truth is sexual<br />harassment still"},{"start":126.49,"end":128.49,"text":"happens frequently in the workplace."},{"start":129.16,"end":131.379,"text":"In fact, more than one third of all<br />companies"},{"start":131.38,"end":133.419,"text":"have dealt with at least one sexual<br />harassment"},{"start":133.42,"end":135.45,"text":"claim in the last two years."},{"start":135.88,"end":137.53,"text":"And it's not just a woman's issue."},{"start":137.92,"end":139.899,"text":"While at least 45% of women report"},{"start":139.9,"end":141.84,"text":"being sexually harassed at work,"},{"start":142.07,"end":143.88,"text":"15% of men do too."},{"start":144.86,"end":146.859,"text":"And workplace harassment isn't just<br />a legal"},{"start":146.86,"end":147.48,"text":"issue."},{"start":147.94,"end":148.749,"text":"Organizations"},{"start":148.75,"end":150.729,"text":"with harassment problems face<br />decreased"},{"start":150.73,"end":151.74,"text":"productivity,"},{"start":152.02,"end":153.27,"text":"increased turnover,"},{"start":153.58,"end":155.19,"text":"increased absenteeism,"},{"start":155.29,"end":156.63,"text":"and decreased morale,"},{"start":156.79,"end":158.649,"text":"not to mention potential harm to<br />their"},{"start":158.65,"end":159.63,"text":"reputation."},{"start":160.15,"end":161.979,"text":"It's important to us that this<br />course not"},{"start":161.98,"end":163.83,"text":"only covers behavior to avoid,"},{"start":163.99,"end":165.819,"text":"but also how to proactively<br />contribute"},{"start":165.82,"end":167.52,"text":"to a positive work environment."},{"start":167.56,"end":169.419,"text":"At the end of the day we all want to"},{"start":169.42,"end":170.94,"text":"feel comfortable at work."},{"start":171.1,"end":173.409,"text":"We can all play a role in building a<br />harassment"},{"start":173.41,"end":175.98,"text":"free workplace based on respect,"},{"start":176.11,"end":177.06,"text":"civility,"},{"start":177.19,"end":178.44,"text":"and accountability."},{"start":186.67,"end":187.446,"text":"Ooh! Brung out the girls today, huh?"},{"start":189.05,"end":190.29,"text":"What's the occasion?"},{"start":191.82,"end":193.749,"text":"Shut up, I can wear whatever I want."},{"start":193.75,"end":195.939,"text":"Don't start acting like a girl now,"},{"start":195.94,"end":197.52,"text":"all emotional and stuff."},{"start":197.83,"end":199.87,"text":"You talk more junk than anyone I<br />know."},{"start":200.18,"end":201.019,"text":"I just kid around."},{"start":201.02,"end":202.599,"text":"I'm not serious."},{"start":202.6,"end":203.3,"text":"Me either."},{"start":204.04,"end":205.07,"text":"I think of you like a dude"},{"start":205.64,"end":205.89,"text":"with lady lumps."},{"start":207.34,"end":208.26,"text":"Thanks..."},{"start":213.012,"end":213.012,"text":"Check it out."},{"start":213.013,"end":213.262,"text":"Almond milk?"},{"start":214.81,"end":215.349,"text":"Vegan and a virgin?"},{"start":216.4,"end":218.478,"text":"How many V cards can one girl carry?"},{"start":219.28,"end":220.073,"text":"So you can do it,"},{"start":220.074,"end":220.324,"text":"but I can't?"},{"start":222.3,"end":224.28,"text":"I'm straight, and she knows I'm<br />joking."},{"start":224.29,"end":225.017,"text":"Don't you, Deela?"},{"start":225.57,"end":226.663,"text":"Adeela. And no,"},{"start":226.664,"end":227,"text":"I don't."},{"start":231.35,"end":232.662,"text":"(Laughs) How do you manage to be<br />creepy,"},{"start":232.663,"end":234.28,"text":"and hot at the same time,"},{"start":234.281,"end":234.531,"text":"Lisa?"},{"start":243.22,"end":245.199,"text":"Michael and Lisa seem to disagree on<br />what's"},{"start":245.2,"end":246.45,"text":"okay to say at work."},{"start":246.94,"end":248.584,"text":"So what exactly is workplace<br />harassment?"},{"start":248.585,"end":248.927,"text":"The U.S."},{"start":250.82,"end":252.649,"text":"Department of Labor says there are<br />two"},{"start":252.65,"end":254.26,"text":"forms of workplace harassment."},{"start":255.03,"end":257.449,"text":"The first is Quid Pro Quo<br />Harassment,"},{"start":257.73,"end":259.078,"text":"where employment decisions,"},{"start":259.079,"end":261.139,"text":"or treatment, are based on how the<br />employee"},{"start":261.14,"end":263.18,"text":"responds to unwelcome conduct."},{"start":263.43,"end":265.319,"text":"The second form is offensive conduct"},{"start":265.32,"end":267.17,"text":"based on any protected group"},{"start":267.21,"end":268.379,"text":"that is so severe"},{"start":268.38,"end":270.239,"text":"or so pervasive that it creates a"},{"start":270.24,"end":272.35,"text":"hostile or offensive work<br />environment."},{"start":272.78,"end":274.73,"text":"Protected groups include race,"},{"start":274.83,"end":276.38,"text":"color, religion,"},{"start":276.42,"end":277.28,"text":"sex,"},{"start":277.38,"end":278.99,"text":"including gender identity"},{"start":279.36,"end":280.43,"text":"and pregnancy,"},{"start":280.59,"end":281.84,"text":"national origin,"},{"start":282.15,"end":283.79,"text":"age, disability,"},{"start":283.86,"end":285.29,"text":"genetic information,"},{"start":285.36,"end":286.76,"text":"sexual orientation,"},{"start":286.95,"end":288.53,"text":"or parental status."},{"start":288.81,"end":291.149,"text":"Sexual harassment doesn't have to be<br />unwelcome"},{"start":291.15,"end":292.58,"text":"sexual advances."},{"start":292.89,"end":294.929,"text":"It could be offensive comments made<br />about women"},{"start":294.93,"end":296.48,"text":"in general, for example."},{"start":296.91,"end":298.829,"text":"And sexual harassment isn't limited<br />to men"},{"start":298.83,"end":299.87,"text":"harassing women."},{"start":300.15,"end":301.049,"text":"Both the harasser"},{"start":301.05,"end":303.439,"text":"and the victim can be any gender<br />identity"},{"start":303.44,"end":305.18,"text":"and any sexual orientation."},{"start":305.43,"end":306.221,"text":"To be considered harassment,"},{"start":306.222,"end":308.039,"text":"the offensive conduct"},{"start":308.04,"end":310.37,"text":"is judged by whether a reasonable<br />person"},{"start":310.47,"end":311.459,"text":"would find it hostile"},{"start":311.46,"end":313.94,"text":"or abusive based on several factors,"},{"start":314.19,"end":316.199,"text":"including the frequency of"},{"start":316.2,"end":317.643,"text":"the unwelcome discriminatory<br />conduct,"},{"start":317.644,"end":319.469,"text":"the severity"},{"start":319.47,"end":320.5,"text":"of the conduct,"},{"start":321.01,"end":323.159,"text":"whether the conduct was physically<br />threatening"},{"start":323.16,"end":324.44,"text":"or humiliating"},{"start":324.6,"end":326.44,"text":"or a mere offensive utterance,"},{"start":326.94,"end":328.919,"text":"whether the conduct unreasonably<br />interfered"},{"start":328.92,"end":330.38,"text":"with work performance,"},{"start":330.69,"end":333.089,"text":"the effect on the employee's<br />psychological"},{"start":333.09,"end":334.07,"text":"well-being,"},{"start":334.44,"end":336.629,"text":"and whether the harasser was a<br />superior"},{"start":336.63,"end":338.09,"text":"within the organization."},{"start":338.19,"end":340.31,"text":"How prevalent is workplace<br />harassment?"},{"start":340.95,"end":342.188,"text":"In a 2016 study,"},{"start":342.189,"end":344.27,"text":"almost 60% of women"},{"start":344.34,"end":346.529,"text":"and 45% of men reported"},{"start":346.53,"end":348.096,"text":"receiving unwanted sexual attention,"},{"start":348.097,"end":348.424,"text":"coersion,"},{"start":349.92,"end":352.39,"text":"conduct, or comments in the<br />workplace."},{"start":352.73,"end":354.659,"text":"20% of those harassed said they"},{"start":354.66,"end":355.79,"text":"were propositioned,"},{"start":356.01,"end":358.019,"text":"and 2% reported some form"},{"start":358.02,"end":358.352,"text":"of coersive rape."},{"start":359.34,"end":361.169,"text":"It's important to keep in mind that<br />the law"},{"start":361.17,"end":363.14,"text":"does not prohibit simple teasing,"},{"start":363.3,"end":364.43,"text":"joking around,"},{"start":364.5,"end":365.81,"text":"offhand comments,"},{"start":365.91,"end":367.949,"text":"or isolated incidents that are not<br />very"},{"start":367.95,"end":368.87,"text":"serious."},{"start":369.24,"end":371.159,"text":"Harassment is only illegal when"},{"start":371.16,"end":372.179,"text":"it is so frequent"},{"start":372.18,"end":374.489,"text":"or so severe that it creates a<br />hostile"},{"start":374.49,"end":376.037,"text":"or offensive work environment,"},{"start":376.44,"end":378.659,"text":"or when it results in an adverse"},{"start":378.66,"end":380,"text":"employment decision."},{"start":380.95,"end":382.14,"text":"At the same time,"},{"start":382.21,"end":384.069,"text":"behavior doesn't have to be illegal<br />to make"},{"start":384.07,"end":385.239,"text":"people uncomfortable"},{"start":385.24,"end":387.09,"text":"and adversely affect the workplace."},{"start":387.52,"end":389.43,"text":"It's important to understand the<br />law,"},{"start":389.53,"end":391.539,"text":"but set the bar higher for how we<br />treat each other"},{"start":391.54,"end":392.13,"text":"at work."},{"start":393.1,"end":394.85,"text":"I'm so sick and tired of those two."},{"start":395.65,"end":396.819,"text":"I really dread waking up"},{"start":396.82,"end":397.671,"text":"and coming into that place."},{"start":397.672,"end":397.922,"text":"Ditto."},{"start":399.75,"end":400.097,"text":"If I didn't have"},{"start":401.66,"end":402.051,"text":"bills, bills, bills, I would drop<br />that job like a hot potato."},{"start":406.33,"end":408.385,"text":"(Laughs) Did you hear about what<br />happened to the lady in IT?"},{"start":408.925,"end":409.43,"text":"No, what happened?"},{"start":410.44,"end":412.299,"text":"Apparently, her supervisor tried to"},{"start":412.3,"end":414.223,"text":"make her do something strange for a<br />little extra change."},{"start":417.17,"end":419.139,"text":"She filed a complaint, and they did<br />nothing"},{"start":419.14,"end":419.596,"text":"about it."},{"start":420.87,"end":423.069,"text":"Come to find out that he was<br />harassing everyone"},{"start":423.07,"end":423.987,"text":"in the department."},{"start":425.27,"end":425.6,"text":"So that's who got escorted out of<br />the building? What a pervert."},{"start":425.601,"end":425.85,"text":"Yup."},{"start":431.31,"end":431.928,"text":"You'd think a grown man would know<br />better."},{"start":433.54,"end":434.621,"text":"(Laughs) Sometimes people just<br />don't."},{"start":436.06,"end":436.212,"text":"Maybe people like Lisa and Michael."},{"start":436.213,"end":436.463,"text":"Hm, maybe."},{"start":441.53,"end":444.1,"text":"I'm glad to hear the man we just<br />heard about was fired."},{"start":444.5,"end":446.389,"text":"It's scary to think that woman had<br />to quit in"},{"start":446.39,"end":448.54,"text":"order for her claims to be taken<br />seriously."},{"start":449.24,"end":449.83,"text":"I know."},{"start":450.29,"end":452.09,"text":"That probably happens more than we<br />think."},{"start":453.11,"end":453.949,"text":"Part of the challenge"},{"start":453.95,"end":455.839,"text":"with workplace harassment is that<br />it's often"},{"start":455.84,"end":456.97,"text":"very subjective."},{"start":457.46,"end":458.269,"text":"Most of the time,"},{"start":458.27,"end":460.279,"text":"a harasser doesn't think of<br />themselves as a bad"},{"start":460.28,"end":461.08,"text":"person."},{"start":461.39,"end":463.12,"text":"They think that they're joking<br />around,"},{"start":463.13,"end":465.19,"text":"or making romantic overtures."},{"start":465.77,"end":466.577,"text":"To understand harassment,"},{"start":466.578,"end":469.27,"text":"we need to be aware of our own<br />biases."},{"start":469.64,"end":470.599,"text":"For example,"},{"start":470.6,"end":472.639,"text":"would you think an attractive person<br />is more"},{"start":472.64,"end":474.949,"text":"or less likely to be found guilty of<br />harassment,"},{"start":474.95,"end":476.89,"text":"compared to someone who is<br />unattractive?"},{"start":477.08,"end":478.909,"text":"You might think it shouldn't make a<br />difference,"},{"start":478.91,"end":481.039,"text":"but a 2001 study by Golden,"},{"start":481.04,"end":482.869,"text":"Johnson, and Lopez found"},{"start":482.87,"end":484.859,"text":"that people were less likely to<br />consider"},{"start":484.86,"end":486.88,"text":"an accused male harasser guilty"},{"start":487.1,"end":488.66,"text":"if he was attractive."},{"start":489.25,"end":491.439,"text":"But the same studies show that an<br />attractive"},{"start":491.44,"end":493.539,"text":"female was more likely to be found"},{"start":493.54,"end":496.11,"text":"guilty than an unattractive female."},{"start":496.88,"end":499.129,"text":"And the accused was most likely"},{"start":499.13,"end":501.31,"text":"to be found guilty in situations"},{"start":501.41,"end":502.459,"text":"where the accused"},{"start":502.46,"end":504.374,"text":"and the victim were the same sex."},{"start":504.92,"end":506.749,"text":"Not only is it important to be<br />mindful"},{"start":506.75,"end":507.594,"text":"of our own biases, we"},{"start":508.67,"end":510.529,"text":"also need to remember that the<br />people we work"},{"start":510.53,"end":512.538,"text":"with may have very different<br />attitudes"},{"start":512.539,"end":513.88,"text":"and values than we do."},{"start":514.659,"end":516.489,"text":"For example, men raised to have a"},{"start":516.49,"end":518.349,"text":"macho attitude are inclined to treat"},{"start":518.35,"end":519.989,"text":"female colleagues differently"},{"start":520.24,"end":522.88,"text":"than men who are brought up to see<br />women as equals."},{"start":523.74,"end":524.75,"text":"Similarly,"},{"start":525,"end":527.009,"text":"women are raised to believe that the<br />female's role"},{"start":527.01,"end":528.869,"text":"is to please men may have"},{"start":528.87,"end":530.699,"text":"more difficulty appropriately<br />asserting"},{"start":530.7,"end":532.769,"text":"themselves than women who see<br />themselves"},{"start":532.77,"end":533.91,"text":"as equal to men."},{"start":535.22,"end":537.199,"text":"What it all comes down to is being<br />respectful"},{"start":537.2,"end":538.63,"text":"of the people around us,"},{"start":539.15,"end":541.69,"text":"because the costs of harassment are<br />huge."},{"start":541.88,"end":543.949,"text":"Fox News paid twenty million dollars"},{"start":543.95,"end":546.15,"text":"to settle one sexual harassment<br />suit,"},{"start":546.8,"end":548.629,"text":"and a potential congresswoman was<br />forced"},{"start":548.63,"end":550.609,"text":"to drop out of the race when news"},{"start":550.61,"end":552.469,"text":"leaked that she was accused in a<br />sexual"},{"start":552.47,"end":554.83,"text":"harassment incident at her former<br />company."},{"start":555.5,"end":557.389,"text":"Not to mention, big names like Matt"},{"start":557.39,"end":559.33,"text":"Lauer or Harvey Weinstein"},{"start":559.43,"end":561.259,"text":"who have seen their careers<br />destroyed from"},{"start":561.26,"end":562.27,"text":"their actions."},{"start":562.28,"end":564.19,"text":"It's not just the big headlines<br />though."},{"start":564.71,"end":566.599,"text":"The U.S. government recently<br />estimated"},{"start":566.6,"end":568.489,"text":"that it loses 327"},{"start":568.49,"end":569.95,"text":"million dollars per year"},{"start":570.14,"end":572.209,"text":"and time and productivity related to<br />sexual"},{"start":572.21,"end":572.99,"text":"harassment."},{"start":573.86,"end":575.2,"text":"In 2015,"},{"start":575.27,"end":577.219,"text":"the Equal Employment Opportunity<br />Commission"},{"start":577.22,"end":579.049,"text":"fined companies over forty six"},{"start":579.05,"end":581.17,"text":"million dollars in harassment cases."},{"start":581.81,"end":583.57,"text":"And that's just the tip of the<br />iceberg."},{"start":584.15,"end":586.309,"text":"It's impossible to calculate the<br />costs of decreased"},{"start":586.31,"end":588.58,"text":"productivity from losing good<br />employees,"},{"start":588.92,"end":591.169,"text":"or from having a toxic workplace<br />culture"},{"start":591.17,"end":592.93,"text":"where harassment goes unchecked."},{"start":593.03,"end":595.24,"text":"More important is the cost to the<br />victim."},{"start":595.51,"end":597.559,"text":"80% of women who are harassed"},{"start":597.56,"end":599.98,"text":"leave their job within two years,"},{"start":600.04,"end":601.86,"text":"either to avoid the harasser"},{"start":602.06,"end":603.409,"text":"or because they're disappointed"},{"start":603.41,"end":605,"text":"with the company's response."},{"start":605.54,"end":607.84,"text":"Changing jobs often means lower pay"},{"start":608.09,"end":610.09,"text":"and losing status at work."},{"start":610.46,"end":612.349,"text":"I hope we're all in agreement now<br />that workplace"},{"start":612.35,"end":614.08,"text":"harassment is a real threat."},{"start":614.51,"end":615.815,"text":"And because it's a complex issue,"},{"start":615.816,"end":617.629,"text":"the next module takes"},{"start":617.63,"end":618.979,"text":"us further into the what"},{"start":618.98,"end":621.34,"text":"and how of sexual harassment at<br />work."},{"start":621.86,"end":624.31,"text":"Sexual harassment is still a<br />prevalent issue."},{"start":624.71,"end":626.839,"text":"Organizations with sexual harassment<br />problems"},{"start":626.84,"end":628.87,"text":"face the possibility of legal<br />trouble,"},{"start":629.12,"end":631.369,"text":"as well as negative impacts to<br />productivity,"},{"start":631.37,"end":632.449,"text":"employee retention,"},{"start":632.45,"end":633.7,"text":"and company morale."},{"start":634.4,"end":636.229,"text":"Legally, there are two forms of<br />workplace"},{"start":636.23,"end":637.03,"text":"harassment."},{"start":637.67,"end":639.369,"text":"The first is Quid Pro Quo,"},{"start":639.37,"end":641.49,"text":"in which the harassment affects your<br />employment."},{"start":642.11,"end":644.149,"text":"And the second is when the<br />harassment is targeted"},{"start":644.15,"end":645.52,"text":"towards a protected group."},{"start":645.98,"end":648.259,"text":"Just because the law doesn't<br />prohibit behavior,"},{"start":648.26,"end":649.75,"text":"doesn't mean it's a good idea."},{"start":650.33,"end":652.189,"text":"We can all contribute to a more<br />positive work"},{"start":652.19,"end":654.73,"text":"environment by being aware of our<br />own biases,"},{"start":654.89,"end":656.569,"text":"moderating our own behavior,"},{"start":656.57,"end":658.12,"text":"and respecting those around us."}]