﻿[{"start":1.47,"end":1.72,"text":"Ugh! I need to vent."},{"start":6,"end":6.145,"text":"What'd she do this time?"},{"start":6.146,"end":7.112,"text":"So I'm getting water at the water<br />fountain,"},{"start":7.113,"end":8.779,"text":"and she comes over to me,"},{"start":8.78,"end":9.919,"text":"and smacks my butt,"},{"start":9.92,"end":10.694,"text":"and says, \"Getting thick,"},{"start":11.33,"end":11.936,"text":"girl!\"."},{"start":12.8,"end":14.179,"text":"I can't tell if she's hitting on<br />you,"},{"start":14.18,"end":16.189,"text":"or just likes to watch you cringe."},{"start":16.19,"end":18.019,"text":"Me either! And it would be weird for<br />me"},{"start":18.02,"end":20.11,"text":"to file a complaint against a woman."},{"start":20.15,"end":20.989,"text":"Exactly."},{"start":20.99,"end":23.29,"text":"Earlier, I was unpacking my lunch<br />box."},{"start":23.69,"end":24.96,"text":"I pulled out a banana"},{"start":25.21,"end":25.951,"text":"and a sandwich."},{"start":26.03,"end":26.959,"text":"And Michael says,"},{"start":26.96,"end":28.312,"text":"\"Wow, that's a gay lunch.\"."},{"start":29.52,"end":29.649,"text":"What?"},{"start":29.65,"end":29.902,"text":"Yeah."},{"start":30.56,"end":32.329,"text":"It's like they're lacking common<br />sense"},{"start":32.33,"end":33.88,"text":"and social skills."},{"start":34.19,"end":35.329,"text":"And if we say anything,"},{"start":35.33,"end":36.109,"text":"it's all,"},{"start":36.11,"end":36.36,"text":"\"Don't be so sensitive!\" or,"},{"start":37.73,"end":39.45,"text":"\"Your need a sense of humor!\""},{"start":44.97,"end":45.62,"text":"Yikes."},{"start":46.04,"end":48.199,"text":"I think we can all agree that it's<br />inappropriate"},{"start":48.2,"end":49.648,"text":"for Lisa to smack Adeela at work,"},{"start":49.649,"end":51.589,"text":"but I can also"},{"start":51.59,"end":53.689,"text":"understand why Adeela would be<br />hesitant to report"},{"start":53.69,"end":54.04,"text":"it."},{"start":55.49,"end":57.499,"text":"It might help if Adeela clearly<br />understood"},{"start":57.5,"end":59.59,"text":"the guidelines for sexual<br />harassment."},{"start":60.13,"end":60.969,"text":"In this module,"},{"start":60.97,"end":63.071,"text":"we'll learn how to identify what<br />behaviors"},{"start":63.38,"end":65.238,"text":"might be construed as sexual<br />harassment,"},{"start":65.239,"end":65.8,"text":"and why."},{"start":66.36,"end":68.389,"text":"And since we often hear people claim"},{"start":68.39,"end":70.72,"text":"that nothing is okay anymore,"},{"start":71.3,"end":73.24,"text":"we'll also look at some behaviors"},{"start":73.31,"end":75.22,"text":"that are not sexual harassment."},{"start":75.59,"end":76.849,"text":"This module is important,"},{"start":76.85,"end":78.799,"text":"because inappropriate workplace<br />behavior"},{"start":78.8,"end":80.779,"text":"often stems from people simply"},{"start":80.78,"end":82.009,"text":"not understanding what is"},{"start":82.01,"end":83.06,"text":"and isn't okay."},{"start":83.51,"end":85.519,"text":"I know I've experienced behavior at<br />work"},{"start":85.52,"end":87.37,"text":"that made me really uncomfortable"},{"start":87.5,"end":89.314,"text":"and seemed obviously inappropriate<br />to me,"},{"start":89.315,"end":91.129,"text":"but the other person"},{"start":91.13,"end":92.86,"text":"didn't have the same understanding."},{"start":93.08,"end":94.969,"text":"I would guess most people never<br />think they"},{"start":94.97,"end":96.88,"text":"could be accused of sexual<br />harassment,"},{"start":97.34,"end":99.07,"text":"yet we know it happens often."},{"start":99.59,"end":101.92,"text":"That's what every employee needs to<br />be aware"},{"start":102,"end":103.879,"text":"that there are lots of actions,"},{"start":103.88,"end":105.109,"text":"other than the obvious,"},{"start":105.11,"end":106.877,"text":"that are still considered<br />harassment."},{"start":107.57,"end":108.744,"text":"In 2017 alone,"},{"start":108.745,"end":110.929,"text":"there were over 80 thousand<br />complaints"},{"start":110.93,"end":113.02,"text":"of sexual harassment in the<br />workplace."},{"start":113.77,"end":115.41,"text":"And that's just what gets reported."},{"start":115.9,"end":118.29,"text":"Many employees never report the<br />incidents"},{"start":118.45,"end":120.579,"text":"because they don't think people will<br />believe them,"},{"start":120.58,"end":122.31,"text":"or they expect nothing will be done,"},{"start":122.89,"end":125.46,"text":"or worse, that they may experience<br />retaliation."},{"start":125.92,"end":126.969,"text":"They may be uncomfortable"},{"start":126.97,"end":128.829,"text":"and unhappy but not even realize<br />they're"},{"start":128.83,"end":130.91,"text":"a victim of workplace sexual<br />harassment."},{"start":131.75,"end":132.949,"text":"So, in this section,"},{"start":132.95,"end":135.079,"text":"we'll discuss exactly what<br />harassment is"},{"start":135.08,"end":135.815,"text":"and isn't."},{"start":137.319,"end":137.569,"text":"Anyway,"},{"start":138.4,"end":139.33,"text":"I gotta get back to work."},{"start":140.15,"end":141.28,"text":"Yeah, me too."},{"start":142.46,"end":143.706,"text":"You keep me sane."},{"start":144.01,"end":144.298,"text":"Ditto."},{"start":148.49,"end":149.191,"text":"You know what?"},{"start":149.9,"end":150.94,"text":"I don't understand."},{"start":152.57,"end":154.36,"text":"How hard is it for them to be<br />appropriate?"},{"start":155.653,"end":157.669,"text":"Like, telling me I look nice instead<br />of groping"},{"start":157.67,"end":158.095,"text":"me?"},{"start":158.45,"end":159.499,"text":"Or saying,"},{"start":159.5,"end":161.32,"text":"\"What's up man?\" Or,"},{"start":162.38,"end":164.295,"text":"\"What's for lunch?\" Instead of..."},{"start":164.53,"end":165.863,"text":"(Laughs) Too simple, obviously."},{"start":167.09,"end":168.596,"text":"There's a thin line between joking<br />around"},{"start":168.597,"end":170.78,"text":"and being appropriate."},{"start":171.33,"end":173.305,"text":"But I guess that's just where social<br />cues come in."},{"start":173.69,"end":174.704,"text":"And if you can't do that,"},{"start":174.705,"end":177.46,"text":"then you need to learn what's<br />considered sexual harassment,"},{"start":178.61,"end":179.56,"text":"to everyone."},{"start":180.23,"end":181.348,"text":"Maybe we should say something to<br />them."},{"start":182.69,"end":184.39,"text":"At least, we say we tried."},{"start":184.64,"end":186.012,"text":"They can't say that they didn't<br />know."},{"start":188.64,"end":189.31,"text":"I'm nervous."},{"start":192.62,"end":193.382,"text":"I'm glad Adeela"},{"start":193.46,"end":195.679,"text":"and Jason are going to try to<br />address their workplace"},{"start":195.68,"end":196.69,"text":"issues head on."},{"start":197.24,"end":199.399,"text":"Maybe they can make things better by<br />simply talking"},{"start":199.4,"end":199.99,"text":"about it."},{"start":200.51,"end":201.31,"text":"I hope so,"},{"start":201.87,"end":203.32,"text":"but as we've alluded to,"},{"start":203.75,"end":205.579,"text":"not all harassment is as obvious as<br />the"},{"start":205.58,"end":207.79,"text":"examples from our friends at the<br />office."},{"start":208.4,"end":210.479,"text":"Behavior might be inappropriate"},{"start":210.48,"end":211.579,"text":"and makes them uncomfortable,"},{"start":211.58,"end":213.4,"text":"and still not be considered<br />harassment."},{"start":214.1,"end":216.169,"text":"Let's look at some concrete examples<br />of behaviors"},{"start":216.17,"end":218.507,"text":"that might be construed as sexual<br />harassment."},{"start":218.84,"end":220.489,"text":"So, there's verbal harassment,"},{"start":220.49,"end":222.19,"text":"like inappropriate jokes,"},{"start":222.35,"end":223.909,"text":"unwanted propositions,"},{"start":223.91,"end":225.19,"text":"excessive flirting,"},{"start":225.5,"end":227.59,"text":"or asking someone out repeatedly."},{"start":227.93,"end":228.851,"text":"And of course, physical behaviors,"},{"start":228.852,"end":231.04,"text":"any unwanted touching,"},{"start":231.11,"end":232.939,"text":"or even standing too close to<br />someone"},{"start":232.94,"end":234.769,"text":"in a way that a reasonable person<br />would"},{"start":234.77,"end":235.986,"text":"find inappropriate."},{"start":236.86,"end":238.989,"text":"Even something like sharing an<br />inappropriate image"},{"start":238.99,"end":241.48,"text":"on work email may be considered<br />harassment."},{"start":241.84,"end":243.729,"text":"So, basically it's workplace sexual"},{"start":243.73,"end":245.889,"text":"harassment if it's inappropriate"},{"start":245.89,"end":247.779,"text":"sexual behavior that affects the"},{"start":247.78,"end":248.85,"text":"victim's employment."},{"start":251.22,"end":251.47,"text":"So, uh,"},{"start":253.1,"end":254.113,"text":"your best friend still hates you?"},{"start":255.8,"end":256.879,"text":"Maybe not."},{"start":256.88,"end":258.572,"text":"I did compliment her today!"},{"start":260.01,"end":260.56,"text":"Yeah."},{"start":261.23,"end":262.309,"text":"I tried to make conversation"},{"start":262.31,"end":263.05,"text":"with Jason."},{"start":264.2,"end":266.08,"text":"I think he kind of hates straight<br />guys."},{"start":267.2,"end":269.179,"text":"Or maybe he doesn't want"},{"start":269.18,"end":271.069,"text":"to talk about being gay all the"},{"start":271.07,"end":271.69,"text":"time."},{"start":272.46,"end":274.279,"text":"Well, maybe Adeela doesn't like"},{"start":274.28,"end":275.731,"text":"being butt-smacked by her coworkers."},{"start":276.86,"end":278.269,"text":"I grew up in a house"},{"start":278.27,"end":279.31,"text":"with all boys."},{"start":279.36,"end":280.192,"text":"So I don't really relate"},{"start":281.54,"end":282.051,"text":"to women that well."},{"start":284.2,"end":285.949,"text":"Maybe that's why you're best off<br />sticking"},{"start":285.95,"end":286.908,"text":"with the alpha dog."},{"start":288.01,"end":289.949,"text":"But, sometimes I do want to have"},{"start":289.95,"end":290.82,"text":"girl talk."},{"start":293.44,"end":294.62,"text":"Okay. Let's have girl talk."},{"start":295.21,"end":296.857,"text":"So, uh, what size are those"},{"start":297.17,"end":297.42,"text":"puppies?"},{"start":298.13,"end":299.386,"text":"B cup or C cup?"},{"start":304.96,"end":305.006,"text":"Shut up!"},{"start":305.007,"end":306.819,"text":"I often hear people suggest that we<br />have to"},{"start":306.82,"end":307.719,"text":"walk on eggshells,"},{"start":307.72,"end":308.31,"text":"now."},{"start":308.76,"end":309.969,"text":"That being overly concerned"},{"start":309.97,"end":312.069,"text":"with being politically correct is<br />making people"},{"start":312.07,"end":313.959,"text":"feel like they can't talk to each<br />other"},{"start":313.96,"end":315.99,"text":"about anything other than work."},{"start":316.42,"end":317.85,"text":"But that's really not true."},{"start":318.46,"end":320.349,"text":"I think it's important to realize<br />that we don't"},{"start":320.35,"end":321.94,"text":"all have the same boundaries."},{"start":322.66,"end":323.589,"text":"For example,"},{"start":323.59,"end":325.08,"text":"you've heard of the golden rule,"},{"start":325.48,"end":327.83,"text":"treat others in the way that you<br />want to be treated."},{"start":328.72,"end":329.589,"text":"In the workplace,"},{"start":329.59,"end":331.41,"text":"we should strive for the platinum<br />rule,"},{"start":331.75,"end":333.579,"text":"which is to treat others how they<br />want to"},{"start":333.58,"end":334.32,"text":"be treated,"},{"start":334.54,"end":335.956,"text":"not how we want to be treated."},{"start":337.21,"end":339.159,"text":"I like that! But since it takes time"},{"start":339.16,"end":341.43,"text":"to learn how someone wants to be<br />treated,"},{"start":341.59,"end":342.879,"text":"we need some overall do's"},{"start":342.88,"end":344.67,"text":"and don'ts for the workplace."},{"start":345.22,"end":346.62,"text":"First and foremost,"},{"start":346.75,"end":348.879,"text":"do show respect for each person"},{"start":348.88,"end":350.7,"text":"in their thoughts and opinions."},{"start":351.16,"end":353.049,"text":"Do ask yourself if you would"},{"start":353.05,"end":354.399,"text":"say it to your parent,"},{"start":354.4,"end":355.83,"text":"child, or grandmother."},{"start":355.99,"end":356.76,"text":"If not,"},{"start":356.8,"end":357.742,"text":"don't say it."},{"start":358,"end":360.279,"text":"Don't touch another person in any<br />way,"},{"start":360.28,"end":362.46,"text":"unless they have given you<br />permission to do so."},{"start":363.16,"end":364.515,"text":"Particularly with personal touch,"},{"start":364.516,"end":366.9,"text":"it's best to err on the side of<br />caution."},{"start":368.03,"end":370.069,"text":"Do try to talk to people if<br />something"},{"start":370.07,"end":371.05,"text":"bothers you."},{"start":371.63,"end":373.459,"text":"Clearly state, in private"},{"start":373.46,"end":374.62,"text":"and in a nice way,"},{"start":374.69,"end":376.36,"text":"if something truly annoys you."},{"start":377.12,"end":377.92,"text":"Don't wait,"},{"start":378.05,"end":379.319,"text":"and don't overreact."},{"start":379.61,"end":381.319,"text":"Do focus on the behavior,"},{"start":381.32,"end":382.48,"text":"not the person."},{"start":382.97,"end":384.259,"text":"If you focus on the behavior,"},{"start":384.26,"end":386.47,"text":"the person knows what to change."},{"start":386.69,"end":387.619,"text":"Be specific"},{"start":387.62,"end":389.185,"text":"and give them a chance to do better."},{"start":390.23,"end":392.149,"text":"And be prepared to listen to the<br />other person's"},{"start":392.15,"end":393.07,"text":"point of view."},{"start":393.74,"end":395.599,"text":"A lot of conflict can be avoided<br />simply"},{"start":395.6,"end":396.88,"text":"by hearing each other out."},{"start":397.58,"end":399.229,"text":"According to the EEOC,"},{"start":399.23,"end":401.419,"text":"sexual harassment is unwelcome<br />conduct"},{"start":401.42,"end":403.699,"text":"that reasonably affects a person's<br />employment"},{"start":403.7,"end":405.04,"text":"or well-being at work."},{"start":405.68,"end":406.999,"text":"Harassment can be verbal"},{"start":407,"end":408.07,"text":"or physical."},{"start":408.65,"end":409.849,"text":"It's important to be familiar"},{"start":409.85,"end":412.069,"text":"with behavior that can be construed<br />as harassment,"},{"start":412.07,"end":413.449,"text":"such as risque jokes,"},{"start":413.45,"end":415.3,"text":"asking someone out repeatedly,"},{"start":415.61,"end":417.439,"text":"or touching someone in a way without"},{"start":417.44,"end":418.24,"text":"permission."},{"start":418.7,"end":420.619,"text":"We don't have to walk on eggshells<br />around"},{"start":420.62,"end":422.779,"text":"each other if we know some simple<br />do's"},{"start":422.78,"end":423.64,"text":"and don'ts,"},{"start":423.89,"end":426.17,"text":"while treating others as they want<br />to be"}]