<?xml version="1.0" encoding="utf-8"?>
<tincan xmlns:xsi="http://www.w3.org/2001/XMLSchema-instance" xmlns:xsd="http://www.w3.org/2001/XMLSchema" xmlns="http://projecttincan.com/tincan.xsd">
	<activities>
		<activity id="http://5Zxg3fY3Nhm_course_id" type="http://adlnet.gov/expapi/activities/course">
			<name lang="und">xapi tin can all questions small sl360 html5 only prompt to resume</name>
			<description lang="und" />
			<launch lang="und">story.html</launch>
		</activity>
		<activity id="http://5Zxg3fY3Nhm_course_id/5WfhuQ3hw1Y" type="http://adlnet.gov/expapi/activities/objective">
			<name lang="und">xapi tin can all questions small sl360 html5 only prompt to resume</name>
			<description lang="und">xapi tin can all questions small sl360 html5 only prompt to resume</description>
		</activity>
		<activity id="http://5Zxg3fY3Nhm_course_id/6Ok1Uv4iFkh" type="http://adlnet.gov/expapi/activities/module">
			<name lang="und">Untitled Slide</name>
			<description lang="und">Untitled Slide</description>
		</activity>
		<activity id="http://5Zxg3fY3Nhm_course_id/5rv2GAmKi6e" type="http://adlnet.gov/expapi/activities/module">
			<name lang="und">True or False – Correct = True</name>
			<description lang="und">True or False – Correct = True</description>
		</activity>
		<activity id="http://5Zxg3fY3Nhm_course_id/5rv2GAmKi6e/6IbXGKXJW0y" type="http://adlnet.gov/expapi/activities/cmi.interaction">
			<name lang="und">True or False – Correct = True</name>
			<description lang="und">True or False – Correct = True</description>
			<interactionType>choice</interactionType>
			<correctResponsePatterns>
				<correctResponsePattern>choice_6ozaQkuxFPo</correctResponsePattern>
			</correctResponsePatterns>
			<choices>
				<component>
					<id>choice_6ozaQkuxFPo</id>
					<description lang="und">True</description>
				</component>
				<component>
					<id>choice_5viT2K0ph05</id>
					<description lang="und">False</description>
				</component>
			</choices>
		</activity>
		<activity id="http://5Zxg3fY3Nhm_course_id/6oAmxoYSFQ4" type="http://adlnet.gov/expapi/activities/module">
			<name lang="und">Multi Choice – Correct = One</name>
			<description lang="und">Multi Choice – Correct = One</description>
		</activity>
		<activity id="http://5Zxg3fY3Nhm_course_id/6oAmxoYSFQ4/6UhFQp3hIJV" type="http://adlnet.gov/expapi/activities/cmi.interaction">
			<name lang="und">Multi Choice – Correct = One</name>
			<description lang="und">Multi Choice – Correct = One</description>
			<interactionType>choice</interactionType>
			<correctResponsePatterns>
				<correctResponsePattern>choice_6hwmBkzplOT</correctResponsePattern>
			</correctResponsePatterns>
			<choices>
				<component>
					<id>choice_6hwmBkzplOT</id>
					<description lang="und">One</description>
				</component>
				<component>
					<id>choice_609Yih1viJf</id>
					<description lang="und">Two</description>
				</component>
				<component>
					<id>choice_5fizE5avCgj</id>
					<description lang="und">Three</description>
				</component>
			</choices>
		</activity>
		<activity id="http://5Zxg3fY3Nhm_course_id/5oovvGpXcCK" type="http://adlnet.gov/expapi/activities/module">
			<name lang="und">Multi Response – Correct = One and Two</name>
			<description lang="und">Multi Response – Correct = One and Two</description>
		</activity>
		<activity id="http://5Zxg3fY3Nhm_course_id/5oovvGpXcCK/6igbh7lEXRy" type="http://adlnet.gov/expapi/activities/cmi.interaction">
			<name lang="und">Multi Response – Correct = One and Two</name>
			<description lang="und">Multi Response – Correct = One and Two</description>
			<interactionType>choice</interactionType>
			<correctResponsePatterns>
				<correctResponsePattern>choice_5YIuZkj8loe</correctResponsePattern>
				<correctResponsePattern>choice_5ZAgSNExzzd</correctResponsePattern>
			</correctResponsePatterns>
			<choices>
				<component>
					<id>choice_5YIuZkj8loe</id>
					<description lang="und">Two</description>
				</component>
				<component>
					<id>choice_5ZAgSNExzzd</id>
					<description lang="und">One</description>
				</component>
				<component>
					<id>choice_6Iw7EfUTGjN</id>
					<description lang="und">Three</description>
				</component>
			</choices>
		</activity>
		<activity id="http://5Zxg3fY3Nhm_course_id/5hfXU149fAe" type="http://adlnet.gov/expapi/activities/module">
			<name lang="und">Fill in the Blank - Correct text = Correct (not case sensitive</name>
			<description lang="und">Fill in the Blank - Correct text = Correct (not case sensitive</description>
		</activity>
		<activity id="http://5Zxg3fY3Nhm_course_id/5hfXU149fAe/5uVALsYv4oe" type="http://adlnet.gov/expapi/activities/cmi.interaction">
			<name lang="und">Fill in the Blank - Correct text = Correct (not case sensitive</name>
			<description lang="und">Fill in the Blank - Correct text = Correct (not case sensitive</description>
			<interactionType>fill-in</interactionType>
		</activity>
		<activity id="http://5Zxg3fY3Nhm_course_id/6WTeCBHvD3G" type="http://adlnet.gov/expapi/activities/module">
			<name lang="und">Word Bank – Correct = Word1</name>
			<description lang="und">Word Bank – Correct = Word1</description>
		</activity>
		<activity id="http://5Zxg3fY3Nhm_course_id/6WTeCBHvD3G/6D4iJwXqfeY" type="http://adlnet.gov/expapi/activities/cmi.interaction">
			<name lang="und">Word Bank – Correct = Word1</name>
			<description lang="und">Word Bank – Correct = Word1</description>
			<interactionType>choice</interactionType>
			<correctResponsePatterns>
				<correctResponsePattern>choice_6LaFgILstBa</correctResponsePattern>
			</correctResponsePatterns>
			<choices>
				<component>
					<id>choice_6LaFgILstBa</id>
					<description lang="und">Word1</description>
				</component>
				<component>
					<id>choice_6Qi2pOvwVia</id>
					<description lang="und">Word2</description>
				</component>
				<component>
					<id>choice_5hEeHo0jbit</id>
					<description lang="und">Word3</description>
				</component>
			</choices>
		</activity>
		<activity id="http://5Zxg3fY3Nhm_course_id/5z9aQlNOTtG" type="http://adlnet.gov/expapi/activities/module">
			<name lang="und">Matching Drag and Drop</name>
			<description lang="und">Matching Drag and Drop</description>
		</activity>
		<activity id="http://5Zxg3fY3Nhm_course_id/5z9aQlNOTtG/5tj1Tuuwh2X" type="http://adlnet.gov/expapi/activities/cmi.interaction">
			<name lang="und">Matchin Drag and Drop – Correct = a+a, b+b, c+c</name>
			<description lang="und">Matchin Drag and Drop – Correct = a+a, b+b, c+c</description>
			<interactionType>matching</interactionType>
			<correctResponsePatterns>
				<correctResponsePattern>statement_6kQAZtidqjb[.]choice_6AX5O9Vr9da</correctResponsePattern>
				<correctResponsePattern>statement_5xYWv9h9Gz4[.]choice_6SAU6Uun3sg</correctResponsePattern>
				<correctResponsePattern>statement_5bU2yvO6Gus[.]choice_6WQJ00foLRP</correctResponsePattern>
			</correctResponsePatterns>
			<source>
				<component>
					<id>statement_6kQAZtidqjb</id>
					<description lang="und">A</description>
				</component>
				<component>
					<id>statement_5xYWv9h9Gz4</id>
					<description lang="und">B</description>
				</component>
				<component>
					<id>statement_5bU2yvO6Gus</id>
					<description lang="und">C</description>
				</component>
			</source>
			<target>
				<component>
					<id>choice_6AX5O9Vr9da</id>
					<description lang="und">a</description>
				</component>
				<component>
					<id>choice_6SAU6Uun3sg</id>
					<description lang="und">b</description>
				</component>
				<component>
					<id>choice_6WQJ00foLRP</id>
					<description lang="und">c</description>
				</component>
			</target>
		</activity>
		<activity id="http://5Zxg3fY3Nhm_course_id/6fkTeSGmNDO" type="http://adlnet.gov/expapi/activities/module">
			<name lang="und">Matching Drop Down – Correct = One, Two, Three in order</name>
			<description lang="und">Matching Drop Down – Correct = One, Two, Three in order</description>
		</activity>
		<activity id="http://5Zxg3fY3Nhm_course_id/6fkTeSGmNDO/5oC4QhtizKF" type="http://adlnet.gov/expapi/activities/cmi.interaction">
			<name lang="und">Matching Drop Down – Correct = One, Two, Three in order</name>
			<description lang="und">Matching Drop Down – Correct = One, Two, Three in order</description>
			<interactionType>matching</interactionType>
			<correctResponsePatterns>
				<correctResponsePattern>statement_613bcnpHwRC[.]choice_613bcnpHwRC</correctResponsePattern>
				<correctResponsePattern>statement_6gHoLDtRUDE[.]choice_6gHoLDtRUDE</correctResponsePattern>
				<correctResponsePattern>statement_5XuMQo4wpoU[.]choice_5XuMQo4wpoU</correctResponsePattern>
			</correctResponsePatterns>
			<source>
				<component>
					<id>statement_613bcnpHwRC</id>
					<description lang="und">Drop Down 1</description>
				</component>
				<component>
					<id>statement_6gHoLDtRUDE</id>
					<description lang="und">Drop Down 2</description>
				</component>
				<component>
					<id>statement_5XuMQo4wpoU</id>
					<description lang="und">Drop Down 3</description>
				</component>
			</source>
			<target>
				<component>
					<id>choice_613bcnpHwRC</id>
					<description lang="und">One</description>
				</component>
				<component>
					<id>choice_6gHoLDtRUDE</id>
					<description lang="und">Two</description>
				</component>
				<component>
					<id>choice_5XuMQo4wpoU</id>
					<description lang="und">Three</description>
				</component>
			</target>
		</activity>
		<activity id="http://5Zxg3fY3Nhm_course_id/5nZ64RoIqZx" type="http://adlnet.gov/expapi/activities/module">
			<name lang="und">Seq Drag and Drop – Correct = Drop1, 2, 3 in order</name>
			<description lang="und">Seq Drag and Drop – Correct = Drop1, 2, 3 in order</description>
		</activity>
		<activity id="http://5Zxg3fY3Nhm_course_id/5nZ64RoIqZx/6WV0387CxrY" type="http://adlnet.gov/expapi/activities/cmi.interaction">
			<name lang="und">Seq Drag and Drop – Correct = Drop1, 2, 3 in order</name>
			<description lang="und">Seq Drag and Drop – Correct = Drop1, 2, 3 in order</description>
			<interactionType>sequencing</interactionType>
			<correctResponsePatterns>
				<correctResponsePattern>choice_67nHkaF5gMn</correctResponsePattern>
				<correctResponsePattern>choice_65PCkUQADmA</correctResponsePattern>
				<correctResponsePattern>choice_5m3JeQfZsRN</correctResponsePattern>
			</correctResponsePatterns>
			<choices>
				<component>
					<id>choice_67nHkaF5gMn</id>
					<description lang="und">Drop 1</description>
				</component>
				<component>
					<id>choice_65PCkUQADmA</id>
					<description lang="und">Drop 2</description>
				</component>
				<component>
					<id>choice_5m3JeQfZsRN</id>
					<description lang="und">Drop 3</description>
				</component>
			</choices>
		</activity>
		<activity id="http://5Zxg3fY3Nhm_course_id/6QbzVLpZmnv" type="http://adlnet.gov/expapi/activities/module">
			<name lang="und">Seq Drop Down – Correct = Drop 1, 2, 3 in order</name>
			<description lang="und">Seq Drop Down – Correct = Drop 1, 2, 3 in order</description>
		</activity>
		<activity id="http://5Zxg3fY3Nhm_course_id/6QbzVLpZmnv/5z3dR0iEuHg" type="http://adlnet.gov/expapi/activities/cmi.interaction">
			<name lang="und">Seq Drop Down – Correct = Drop 1, 2, 3 in order</name>
			<description lang="und">Seq Drop Down – Correct = Drop 1, 2, 3 in order</description>
			<interactionType>sequencing</interactionType>
			<correctResponsePatterns>
				<correctResponsePattern>choice_6psXrcw5f5K</correctResponsePattern>
				<correctResponsePattern>choice_6cYZYxkoCdI</correctResponsePattern>
				<correctResponsePattern>choice_6rctZT8LHIr</correctResponsePattern>
			</correctResponsePatterns>
			<choices>
				<component>
					<id>choice_6psXrcw5f5K</id>
					<description lang="und">Drop 1</description>
				</component>
				<component>
					<id>choice_6cYZYxkoCdI</id>
					<description lang="und">Drop 2</description>
				</component>
				<component>
					<id>choice_6rctZT8LHIr</id>
					<description lang="und">Drop 3</description>
				</component>
			</choices>
		</activity>
		<activity id="http://5Zxg3fY3Nhm_course_id/6NjUKDd2GpL" type="http://adlnet.gov/expapi/activities/module">
			<name lang="und">Numeric – Correct = 11</name>
			<description lang="und">Numeric – Correct = 11</description>
		</activity>
		<activity id="http://5Zxg3fY3Nhm_course_id/6NjUKDd2GpL/6WQqHTIqRFk" type="http://adlnet.gov/expapi/activities/cmi.interaction">
			<name lang="und">Numeric – Correct = 11</name>
			<description lang="und">Numeric – Correct = 11</description>
			<interactionType>numeric</interactionType>
		</activity>
		<activity id="http://5Zxg3fY3Nhm_course_id/5yfP7sYGhNr" type="http://adlnet.gov/expapi/activities/module">
			<name lang="und">Hotspot – Correct hotspot area is the Storyline 360 text</name>
			<description lang="und">Hotspot – Correct hotspot area is the Storyline 360 text</description>
		</activity>
		<activity id="http://5Zxg3fY3Nhm_course_id/5yfP7sYGhNr/60RRlB8C9sA" type="http://adlnet.gov/expapi/activities/cmi.interaction">
			<name lang="und">Hotspot – Correct hotspot area is the Storyline 360 text</name>
			<description lang="und">Hotspot – Correct hotspot area is the Storyline 360 text</description>
			<interactionType>choice</interactionType>
			<correctResponsePatterns>
				<correctResponsePattern>choice_6d38hgD0eM7</correctResponsePattern>
			</correctResponsePatterns>
			<choices>
				<component>
					<id>choice_6d38hgD0eM7</id>
					<description lang="und">Oval Hotspot 1</description>
				</component>
				<component>
					<id>choice_incorrect</id>
					<description lang="und">Incorrect</description>
				</component>
			</choices>
		</activity>
		<activity id="http://5Zxg3fY3Nhm_course_id/6V2zEVN7wJe" type="http://adlnet.gov/expapi/activities/module">
			<name lang="und">Likert</name>
			<description lang="und">Likert</description>
		</activity>
		<activity id="http://5Zxg3fY3Nhm_course_id/6V2zEVN7wJe/6QzlW7Xuod3/Statement_6NuVSHR0NCR" type="http://adlnet.gov/expapi/activities/cmi.interaction">
			<name lang="und">Likert 1</name>
			<description lang="und">Likert 1</description>
			<interactionType>likert</interactionType>
			<scale>
				<component>
					<id>6rWyINjk8er</id>
					<description lang="und">Strongly Disagree</description>
				</component>
				<component>
					<id>6FHwg9ayP9K</id>
					<description lang="und">Disagree</description>
				</component>
				<component>
					<id>6WrZ4c3dWpY</id>
					<description lang="und">Neutral</description>
				</component>
				<component>
					<id>6CgIoVcgJ50</id>
					<description lang="und">Agree</description>
				</component>
				<component>
					<id>5Yt8mp6S7rK</id>
					<description lang="und">Strongly Agree</description>
				</component>
			</scale>
		</activity>
		<activity id="http://5Zxg3fY3Nhm_course_id/6V2zEVN7wJe/6QzlW7Xuod3/Statement_6A24QB43Fn8" type="http://adlnet.gov/expapi/activities/cmi.interaction">
			<name lang="und">Likert 2</name>
			<description lang="und">Likert 2</description>
			<interactionType>likert</interactionType>
			<scale>
				<component>
					<id>6rWyINjk8er</id>
					<description lang="und">Strongly Disagree</description>
				</component>
				<component>
					<id>6FHwg9ayP9K</id>
					<description lang="und">Disagree</description>
				</component>
				<component>
					<id>6WrZ4c3dWpY</id>
					<description lang="und">Neutral</description>
				</component>
				<component>
					<id>6CgIoVcgJ50</id>
					<description lang="und">Agree</description>
				</component>
				<component>
					<id>5Yt8mp6S7rK</id>
					<description lang="und">Strongly Agree</description>
				</component>
			</scale>
		</activity>
		<activity id="http://5Zxg3fY3Nhm_course_id/6V2zEVN7wJe/6QzlW7Xuod3/Statement_5Y9j2uS4z4t" type="http://adlnet.gov/expapi/activities/cmi.interaction">
			<name lang="und">Likert 3</name>
			<description lang="und">Likert 3</description>
			<interactionType>likert</interactionType>
			<scale>
				<component>
					<id>6rWyINjk8er</id>
					<description lang="und">Strongly Disagree</description>
				</component>
				<component>
					<id>6FHwg9ayP9K</id>
					<description lang="und">Disagree</description>
				</component>
				<component>
					<id>6WrZ4c3dWpY</id>
					<description lang="und">Neutral</description>
				</component>
				<component>
					<id>6CgIoVcgJ50</id>
					<description lang="und">Agree</description>
				</component>
				<component>
					<id>5Yt8mp6S7rK</id>
					<description lang="und">Strongly Agree</description>
				</component>
			</scale>
		</activity>
		<activity id="http://5Zxg3fY3Nhm_course_id/5m04BTivyoR" type="http://adlnet.gov/expapi/activities/module">
			<name lang="und">Pick One</name>
			<description lang="und">Pick One</description>
		</activity>
		<activity id="http://5Zxg3fY3Nhm_course_id/5m04BTivyoR/5fpbv6n5bSz" type="http://adlnet.gov/expapi/activities/cmi.interaction">
			<name lang="und">Pick One</name>
			<description lang="und">Pick One</description>
			<interactionType>choice</interactionType>
			<choices>
				<component>
					<id>choice_66fjVuWAJTr</id>
					<description lang="und">Pick 1</description>
				</component>
				<component>
					<id>choice_5djZ4A7nfdF</id>
					<description lang="und">Pick 2</description>
				</component>
				<component>
					<id>choice_5WopINznaTW</id>
					<description lang="und">Pick 3</description>
				</component>
			</choices>
		</activity>
		<activity id="http://5Zxg3fY3Nhm_course_id/6hZKMM9rU4Y" type="http://adlnet.gov/expapi/activities/module">
			<name lang="und">Pick Many</name>
			<description lang="und">Pick Many</description>
		</activity>
		<activity id="http://5Zxg3fY3Nhm_course_id/6hZKMM9rU4Y/5a7piUDsM4t" type="http://adlnet.gov/expapi/activities/cmi.interaction">
			<name lang="und">Pick Many</name>
			<description lang="und">Pick Many</description>
			<interactionType>choice</interactionType>
			<choices>
				<component>
					<id>choice_6UOHDo7MRzQ</id>
					<description lang="und">Pic many 3</description>
				</component>
				<component>
					<id>choice_5pv86jUOgEv</id>
					<description lang="und">Pic many 2</description>
				</component>
				<component>
					<id>choice_5gNGSeI0c7L</id>
					<description lang="und">Pick many 1</description>
				</component>
			</choices>
		</activity>
		<activity id="http://5Zxg3fY3Nhm_course_id/5XSqE72iNvf" type="http://adlnet.gov/expapi/activities/module">
			<name lang="und">Which word</name>
			<description lang="und">Which word</description>
		</activity>
		<activity id="http://5Zxg3fY3Nhm_course_id/5XSqE72iNvf/64wA3P1vpgz" type="http://adlnet.gov/expapi/activities/cmi.interaction">
			<name lang="und">Which word</name>
			<description lang="und">Which word</description>
			<interactionType>choice</interactionType>
			<choices>
				<component>
					<id>choice_6gO6s89g941</id>
					<description lang="und">Word 1</description>
				</component>
				<component>
					<id>choice_5weSKVAjKb4</id>
					<description lang="und">Word 2</description>
				</component>
				<component>
					<id>choice_6iye5ehRMkA</id>
					<description lang="und">Word 3</description>
				</component>
			</choices>
		</activity>
		<activity id="http://5Zxg3fY3Nhm_course_id/6YqpBkUvDNB" type="http://adlnet.gov/expapi/activities/module">
			<name lang="und">Short Answer </name>
			<description lang="und">Short Answer </description>
		</activity>
		<activity id="http://5Zxg3fY3Nhm_course_id/6YqpBkUvDNB/6hWRdDT279d" type="http://adlnet.gov/expapi/activities/cmi.interaction">
			<name lang="und">Short Answer </name>
			<description lang="und">Short Answer </description>
			<interactionType>fill-in</interactionType>
		</activity>
		<activity id="http://5Zxg3fY3Nhm_course_id/64LLBeWdS6w" type="http://adlnet.gov/expapi/activities/module">
			<name lang="und">Essay</name>
			<description lang="und">Essay</description>
		</activity>
		<activity id="http://5Zxg3fY3Nhm_course_id/64LLBeWdS6w/65KN55aV0up" type="http://adlnet.gov/expapi/activities/cmi.interaction">
			<name lang="und">Essay</name>
			<description lang="und">Essay</description>
			<interactionType>fill-in</interactionType>
		</activity>
		<activity id="http://5Zxg3fY3Nhm_course_id/6HQ6ddQOM0u" type="http://adlnet.gov/expapi/activities/module">
			<name lang="und">Rank Drag and Drop</name>
			<description lang="und">Rank Drag and Drop</description>
		</activity>
		<activity id="http://5Zxg3fY3Nhm_course_id/6HQ6ddQOM0u/6kdwfV9MIBI" type="http://adlnet.gov/expapi/activities/cmi.interaction">
			<name lang="und">Rank Drag and Drop</name>
			<description lang="und">Rank Drag and Drop</description>
			<interactionType>sequencing</interactionType>
			<choices>
				<component>
					<id>choice_5iywvnQVkqy</id>
					<description lang="und">Drop 1</description>
				</component>
				<component>
					<id>choice_5l06TSScskj</id>
					<description lang="und">Drop 2</description>
				</component>
				<component>
					<id>choice_6B6nYMQ6upg</id>
					<description lang="und">Drop 3</description>
				</component>
			</choices>
		</activity>
		<activity id="http://5Zxg3fY3Nhm_course_id/6QHKwdfXGsg" type="http://adlnet.gov/expapi/activities/module">
			<name lang="und">Rank Drop Down</name>
			<description lang="und">Rank Drop Down</description>
		</activity>
		<activity id="http://5Zxg3fY3Nhm_course_id/6QHKwdfXGsg/62OtJ6h59zN" type="http://adlnet.gov/expapi/activities/cmi.interaction">
			<name lang="und">Rank Drop Down</name>
			<description lang="und">Rank Drop Down</description>
			<interactionType>sequencing</interactionType>
			<choices>
				<component>
					<id>choice_65PZbaF90jW</id>
					<description lang="und">Drop Down 1</description>
				</component>
				<component>
					<id>choice_5fnh5fSYg6p</id>
					<description lang="und">Drop Down 2</description>
				</component>
				<component>
					<id>choice_5fkA17AReFk</id>
					<description lang="und">Drop Down 3</description>
				</component>
			</choices>
		</activity>
		<activity id="http://5Zxg3fY3Nhm_course_id/64ru6WmRHWD" type="http://adlnet.gov/expapi/activities/module">
			<name lang="und">How Many</name>
			<description lang="und">How Many</description>
		</activity>
		<activity id="http://5Zxg3fY3Nhm_course_id/64ru6WmRHWD/5tQeBkRWpTb" type="http://adlnet.gov/expapi/activities/cmi.interaction">
			<name lang="und">How Many</name>
			<description lang="und">How Many</description>
			<interactionType>numeric</interactionType>
		</activity>
		<activity id="http://5Zxg3fY3Nhm_course_id/6QaTyL7IWqY" type="http://adlnet.gov/expapi/activities/module">
			<name lang="und">Drag and Drop</name>
			<description lang="und">Drag and Drop</description>
		</activity>
		<activity id="http://5Zxg3fY3Nhm_course_id/6QaTyL7IWqY/636yH2atYm3" type="http://adlnet.gov/expapi/activities/cmi.interaction">
			<name lang="und">Drag and Drop</name>
			<description lang="und">Drag and Drop</description>
			<interactionType>matching</interactionType>
			<correctResponsePatterns>
				<correctResponsePattern>statement_5mKd958sBRF[.]choice_6qknDjQ0xDR</correctResponsePattern>
			</correctResponsePatterns>
			<source>
				<component>
					<id>statement_5mKd958sBRF</id>
					<description lang="und">Folded Corner 1</description>
				</component>
			</source>
			<target>
				<component>
					<id>choice_613ksuewNZd</id>
					<description lang="und">Rectangle 1</description>
				</component>
				<component>
					<id>choice_6qknDjQ0xDR</id>
					<description lang="und">Rectangle 2 - Correct</description>
				</component>
				<component>
					<id>choice_6fROx7VklDf</id>
					<description lang="und">Rectangle 3</description>
				</component>
				<component>
					<id>choice_5i9R78KbPmC</id>
					<description lang="und">Rectangle 4</description>
				</component>
			</target>
		</activity>
		<activity id="http://5Zxg3fY3Nhm_course_id/6DGUJNhSAQM" type="http://adlnet.gov/expapi/activities/module">
			<name lang="und">Pick One</name>
			<description lang="und">Pick One</description>
		</activity>
		<activity id="http://5Zxg3fY3Nhm_course_id/6DGUJNhSAQM/5yUSEDRpdun" type="http://adlnet.gov/expapi/activities/cmi.interaction">
			<name lang="und">Pick One</name>
			<description lang="und">Pick One</description>
			<interactionType>choice</interactionType>
			<correctResponsePatterns>
				<correctResponsePattern>choice_6Oxr0Y5MruW</correctResponsePattern>
			</correctResponsePatterns>
			<choices>
				<component>
					<id>choice_5rDZFGB2rEq</id>
					<description lang="und">Smiley Face 1</description>
				</component>
				<component>
					<id>choice_6Oxr0Y5MruW</id>
					<description lang="und">Correct</description>
				</component>
				<component>
					<id>choice_67yMloQkxo9</id>
					<description lang="und">Smiley Face 3</description>
				</component>
			</choices>
		</activity>
		<activity id="http://5Zxg3fY3Nhm_course_id/5cD1Fui62Gc" type="http://adlnet.gov/expapi/activities/module">
			<name lang="und">Pick Many</name>
			<description lang="und">Pick Many</description>
		</activity>
		<activity id="http://5Zxg3fY3Nhm_course_id/5cD1Fui62Gc/5agB7LY537A" type="http://adlnet.gov/expapi/activities/cmi.interaction">
			<name lang="und">Pick Many</name>
			<description lang="und">Pick Many</description>
			<interactionType>choice</interactionType>
			<correctResponsePatterns>
				<correctResponsePattern>choice_6UfPrKvAQoH</correctResponsePattern>
				<correctResponsePattern>choice_6h0FEWpwhsb</correctResponsePattern>
				<correctResponsePattern>choice_5hWliXcRJz0</correctResponsePattern>
			</correctResponsePatterns>
			<choices>
				<component>
					<id>choice_6UfPrKvAQoH</id>
					<description lang="und">Correct</description>
				</component>
				<component>
					<id>choice_5rUuD1knNdz</id>
					<description lang="und">Rectangle 2</description>
				</component>
				<component>
					<id>choice_6h0FEWpwhsb</id>
					<description lang="und">Correct</description>
				</component>
				<component>
					<id>choice_5xZ8XvgmkfH</id>
					<description lang="und">Rectangle 4</description>
				</component>
				<component>
					<id>choice_5hWliXcRJz0</id>
					<description lang="und">Correct</description>
				</component>
			</choices>
		</activity>
		<activity id="http://5Zxg3fY3Nhm_course_id/5rNmTo1CohB" type="http://adlnet.gov/expapi/activities/module">
			<name lang="und">Text Entry</name>
			<description lang="und">Text Entry</description>
		</activity>
		<activity id="http://5Zxg3fY3Nhm_course_id/5rNmTo1CohB/6Nw7HuaZTt0" type="http://adlnet.gov/expapi/activities/cmi.interaction">
			<name lang="und">Text Entry Interaction</name>
			<description lang="und">Text Entry Interaction</description>
			<interactionType>fill-in</interactionType>
		</activity>
		<activity id="http://5Zxg3fY3Nhm_course_id/6JuSSGInLSK" type="http://adlnet.gov/expapi/activities/module">
			<name lang="und">Hotspot</name>
			<description lang="und">Hotspot</description>
		</activity>
		<activity id="http://5Zxg3fY3Nhm_course_id/6JuSSGInLSK/6pcJVc7OFGl" type="http://adlnet.gov/expapi/activities/cmi.interaction">
			<name lang="und">Hotspot</name>
			<description lang="und">Hotspot</description>
			<interactionType>choice</interactionType>
			<correctResponsePatterns>
				<correctResponsePattern>choice_5kiy56hLK1Y</correctResponsePattern>
			</correctResponsePatterns>
			<choices>
				<component>
					<id>choice_5kiy56hLK1Y</id>
					<description lang="und">Oval Hotspot 1</description>
				</component>
				<component>
					<id>choice_incorrect</id>
					<description lang="und">Incorrect</description>
				</component>
			</choices>
		</activity>
		<activity id="http://5Zxg3fY3Nhm_course_id/6oVbhtIAafs" type="http://adlnet.gov/expapi/activities/module">
			<name lang="und">Shortcut Key</name>
			<description lang="und">Shortcut Key</description>
		</activity>
		<activity id="http://5Zxg3fY3Nhm_course_id/6oVbhtIAafs/6bcvOXMO7go" type="http://adlnet.gov/expapi/activities/cmi.interaction">
			<name lang="und">Shortcut Keys</name>
			<description lang="und">Shortcut Keys</description>
			<interactionType>fill-in</interactionType>
		</activity>
		<activity id="http://5Zxg3fY3Nhm_course_id/6Am9SBi3ums" type="http://adlnet.gov/expapi/activities/module">
			<name lang="und">Results Slide</name>
			<description lang="und">Results Slide</description>
		</activity>
	</activities>
</tincan>