<?xml version="1.0" encoding="utf-8" ?>
<tincan xmlns:xsi="http://www.w3.org/2001/XMLSchema-instance" xmlns:xsd="http://www.w3.org/2001/XMLSchema" xmlns="http://projecttincan.com/tincan.xsd">
  <activities>
    <activity id="http://ZI-MCAm0hUuP-Y8mV4GVnjsXAtFDztu6_rise" type="http://adlnet.gov/expapi/activities/course">
      <name lang="en-US">Quiz with a passing score of 70%</name>
      <description lang="en-US">All quiz question types in Rise</description>
      <launch lang="en-US">index.html</launch>
    </activity>
      <activity id="http://ZI-MCAm0hUuP-Y8mV4GVnjsXAtFDztu6_rise/bG9Dg36bWNWEhg_Hh4spIhoQs6oZEiUe" type="http://adlnet.gov/expapi/activities/module">
      <name lang="en-US">Quiz with a passing score of 70%/quiz</name>
      <description lang="en-US"></description>
    </activity>
            
    <activity id="http://ZI-MCAm0hUuP-Y8mV4GVnjsXAtFDztu6_rise/bG9Dg36bWNWEhg_Hh4spIhoQs6oZEiUe/ck9cw3a8d002z3b6ijhhyvydp" type="http://adlnet.gov/expapi/activities/cmi.interaction">
      <name lang="en-US">This is a Multiple Choice Question type.&amp;nbsp; The answer is Choice 1</name>
      <description lang="en-US"></description>
      <interactionType>choice</interactionType>
      <correctResponsePatterns>
            <correctResponsePattern>choice_ck9cw3a8d002z3b6ijhhyvydp_ck9cw3a8d00303b6idbcidgb7</correctResponsePattern>
            </correctResponsePatterns>
            <choices>
            <component>
        <id>choice_ck9cw3a8d002z3b6ijhhyvydp_ck9cw3a8d00303b6idbcidgb7</id>
        <description lang="en-US">Choice 1</description>
      </component>
            <component>
        <id>choice_ck9cw3a8d002z3b6ijhhyvydp_ck9cw3a8d00313b6i21vc6afs</id>
        <description lang="en-US">Choice 2</description>
      </component>
            <component>
        <id>choice_ck9cw3a8d002z3b6ijhhyvydp_ck9cw3onx00323b6is0h5bmau</id>
        <description lang="en-US">Choice 3</description>
      </component>
            <component>
        <id>choice_ck9cw3a8d002z3b6ijhhyvydp_ck9cw3v6500333b6iigj6ksnd</id>
        <description lang="en-US">Choice 4</description>
      </component>
            </choices>
          </activity>
        
    <activity id="http://ZI-MCAm0hUuP-Y8mV4GVnjsXAtFDztu6_rise/bG9Dg36bWNWEhg_Hh4spIhoQs6oZEiUe/ck9cw3z3200343b6itquacz23" type="http://adlnet.gov/expapi/activities/cmi.interaction">
      <name lang="en-US">This is a multiple response question.&amp;nbsp; Choices 2 and 3 are correct</name>
      <description lang="en-US"></description>
      <interactionType>choice</interactionType>
      <correctResponsePatterns>
            <correctResponsePattern>choice_ck9cw3z3200343b6itquacz23_ck9cw3z3200373b6i2vc5r6wb</correctResponsePattern>
            <correctResponsePattern>choice_ck9cw3z3200343b6itquacz23_ck9cw3z3300383b6i9ebnhf20</correctResponsePattern>
            </correctResponsePatterns>
            <choices>
            <component>
        <id>choice_ck9cw3z3200343b6itquacz23_ck9cw3z3200353b6iydi52ozh</id>
        <description lang="en-US">Choice 1</description>
      </component>
            <component>
        <id>choice_ck9cw3z3200343b6itquacz23_ck9cw3z3200373b6i2vc5r6wb</id>
        <description lang="en-US">Choice 2</description>
      </component>
            <component>
        <id>choice_ck9cw3z3200343b6itquacz23_ck9cw3z3300383b6i9ebnhf20</id>
        <description lang="en-US">Choice 3</description>
      </component>
            <component>
        <id>choice_ck9cw3z3200343b6itquacz23_ck9cw3z3200363b6ie3izsxc7</id>
        <description lang="en-US">Choice 4</description>
      </component>
            </choices>
          </activity>
        
    <activity id="http://ZI-MCAm0hUuP-Y8mV4GVnjsXAtFDztu6_rise/bG9Dg36bWNWEhg_Hh4spIhoQs6oZEiUe/ck9cw4gat00393b6i162jj2tt" type="http://adlnet.gov/expapi/activities/cmi.interaction">
      <name lang="en-US">This is a fill in the blank question type with a single acceptable answer.&amp;nbsp; The answer is: Test</name>
      <description lang="en-US"></description>
      <interactionType>long-fill-in</interactionType>
      <correctResponsePatterns>
            <correctResponsePattern>{case_matters=false}Test</correctResponsePattern>
            </correctResponsePatterns>
          </activity>
        
    <activity id="http://ZI-MCAm0hUuP-Y8mV4GVnjsXAtFDztu6_rise/bG9Dg36bWNWEhg_Hh4spIhoQs6oZEiUe/ck9cw593w003b3b6i7c27fy6p" type="http://adlnet.gov/expapi/activities/cmi.interaction">
      <name lang="en-US">This is a fill in the blank question type with multiple acceptable answers.&amp;nbsp; The answers are:&amp;nbsp; Test and Test1</name>
      <description lang="en-US"></description>
      <interactionType>long-fill-in</interactionType>
      <correctResponsePatterns>
            <correctResponsePattern>{case_matters=false}Test</correctResponsePattern>
            <correctResponsePattern>{case_matters=false}Test1</correctResponsePattern>
            </correctResponsePatterns>
          </activity>
        
    <activity id="http://ZI-MCAm0hUuP-Y8mV4GVnjsXAtFDztu6_rise/bG9Dg36bWNWEhg_Hh4spIhoQs6oZEiUe/ck9cw5w1g003e3b6iy1o51ciq" type="http://adlnet.gov/expapi/activities/cmi.interaction">
      <name lang="en-US">This is a matching question type</name>
      <description lang="en-US"></description>
      <interactionType>matching</interactionType>
      <correctResponsePatterns>
            <correctResponsePattern>source_ck9cw5w1g003f3b6ingoxq1tk[.]target_ck9cw5w1g003f3b6ingoxq1tk</correctResponsePattern>
            <correctResponsePattern>source_ck9cw5w1g003g3b6i8qqo3k24[.]target_ck9cw5w1g003g3b6i8qqo3k24</correctResponsePattern>
            <correctResponsePattern>source_ck9cw5w1g003h3b6ic83u4056[.]target_ck9cw5w1g003h3b6ic83u4056</correctResponsePattern>
            <correctResponsePattern>source_ck9cw63z0003i3b6ii479fn5v[.]target_ck9cw63z0003i3b6ii479fn5v</correctResponsePattern>
            </correctResponsePatterns>
            <source>
            <component>
        <id>source_ck9cw5w1g003f3b6ingoxq1tk</id>
        <description lang="en-US">First choice></description>
      </component>
            <component>
        <id>source_ck9cw5w1g003g3b6i8qqo3k24</id>
        <description lang="en-US">Second choice></description>
      </component>
            <component>
        <id>source_ck9cw5w1g003h3b6ic83u4056</id>
        <description lang="en-US">Third choice></description>
      </component>
            <component>
        <id>source_ck9cw63z0003i3b6ii479fn5v</id>
        <description lang="en-US">Fourth choice></description>
      </component>
            </source>
      <target>
                  <component>
            <id>target_ck9cw5w1g003f3b6ingoxq1tk</id>
            <description lang="en-US">First match</description>
          </component>
                  <component>
            <id>target_ck9cw5w1g003g3b6i8qqo3k24</id>
            <description lang="en-US">Second match</description>
          </component>
                  <component>
            <id>target_ck9cw5w1g003h3b6ic83u4056</id>
            <description lang="en-US">Third match</description>
          </component>
                  <component>
            <id>target_ck9cw63z0003i3b6ii479fn5v</id>
            <description lang="en-US">Fourth choice</description>
          </component>
              </target>
          </activity>
            </activities>
</tincan>
