<?xml version="1.0" encoding="iso-8859-1"?>
<course title="Motivational Ethics - FREE SAMPLE" id="mewcg">

     <pages>
			<page id="1" displayText="Module 1: Every Choice Has A Consequence - Introduction" link="//view.vzaar.com/9026447/player" type="html" keywords="Every Choice Has A Consequence - Introduction" tooltip="~br~Every Choice Has A Consequence - Introduction~br~"/>
			<page id="2" displayText="Module 2: Chuck's Story" link="//view.vzaar.com/9026485/player" type="html" keywords="Chuck's Story" tooltip="~br~Chuck's Story~br~"/>
			<page id="3" displayText="Module 03: For More Information" link="//view.vzaar.com/19626244/player" type="html" keywords="For More Information" tooltip="For More Information"/>
	</pages>
	<transcript available="0">
		<lang name="Spanish" lang="sp" image="sp.png"/>
		<lang name="English" lang="en" image="en.png"/>
	</transcript>
	
</course>
	