<?xml version="1.0" encoding="iso-8859-1"?>
<course title="Mastering QuickBooks Online (2018) - FREE SAMPLE" id="BB_quick18">

     <pages>
		<page id="1" displayText="Module 01: Introduction" link="//view.vzaar.com/12591527/player" type="html" keywords="Introduction" tooltip="Introduction"/>
		<page id="2" displayText="Module 02: Choosing the Correct Version" link="//view.vzaar.com/12591522/player" type="html" keywords="Choosing the Correct Version" tooltip="Choosing the Correct Version"/>
		<page id="3" displayText="Module 03: For More Information" link="//view.vzaar.com/19626244/player" type="html" keywords="For More Information" tooltip="For More Information"/>
	</pages>
	<transcript available="0">
		<lang name="Spanish" lang="sp" image="sp.png"/>
		<lang name="English" lang="en" image="en.png"/>
	</transcript>
	
</course>
	