<?xml version="1.0" encoding="iso-8859-1"?>
<course title="Awkward at the Office - Employee Edition - FREE SAMPLE" id="ao">

     <pages>
		<page id="1" displayText="Module 01: Understanding Sexual Harassment in the Workplace" link="//view.vzaar.com/18072131/player" type="html" keywords="Understanding Sexual Harassment in the Workplace" tooltip="Understanding Sexual Harassment in the Workplace" cc="1"/>
		<page id="2" displayText="Module 02: The What and How of Sexual Harassment" link="//view.vzaar.com/18072004/player" type="html" keywords="The What and How of Sexual Harassment" tooltip="The What and How of Sexual Harassment" cc="2"/>
		<page id="3" displayText="Module 03: For More Information" link="//view.vzaar.com/19626244/player" type="html" keywords="For More Information" tooltip="For More Information" cc=""/>
	</pages>
	<transcript available="1">
		<lang name="English" lang="en" image="en.png"/>
	</transcript>
	
</course>
	