<?xml version="1.0" encoding="iso-8859-1"?>
	
<course title="Mastering Excel 2016 (MOS) - Basics - FREE SAMPLE" id="excel16_part1">
      <pages>
		<page id="1" displayText="Module 01: Intro (1A)" link="//view.vzaar.com/7170378/player" type="html" keywords="Intro Basic Basics Scroll Scrolling Zooming Zoom " tooltip="Intro (1A)"/>
		<page id="2" displayText="Module 02: Selecting and Navigating (1A)" link="//view.vzaar.com/7170406/player" type="html" keywords="Selecting and Navigating Backstage Back Stage Selecting Cells Range Region Column Workbook Workbooks Worksheet Worksheets Ranges" tooltip="Selecting and Navigating (1A)"/>
		<page id="3" displayText="Module 03: For More Information" link="//view.vzaar.com/19626244/player" type="html" keywords="For More Information" tooltip="For More Information"/>
			
		</pages>
		<transcript available="1">
			<lang name="English" lang="en" image="en.png"/>
			<lang name="Spanish" lang="sp" image="sp.png"/>
			
		</transcript>
	</course>
	